"AverageShortestPathLength","BetweennessCentrality","ClosenessCentrality","ClusteringCoefficient","Column1","Column3","Column4","Column5","Column6","Degree","Eccentricity","IsSingleNode","name","NeighborhoodConnectivity","NumberOfDirectedEdges","NumberOfUndirectedEdges","PartnerOfMultiEdgedNodePairs","Radiality","selected","SelfLoops","shared name","Stress","TopologicalCoefficient"
"4.336283185840708","0.03537812174654502","0.23061224489795917","0.2","HUMAN|HGNC=391|UniProtKB=P31749","RAC-alpha serine_threonine-protein kinase;AKT1;PTN002519490;orthologs","RAC-ALPHA SERINE_THREONINE-PROTEIN KINASE (PTHR24356:SF171)","non-receptor serine/threonine protein kinase(PC00167)","Homo sapiens","6","7","false","AKT1","3.5","0","6","0","0.8764339560799739","false","0","AKT1","5620","0.2777777777777778"
"4.132743362831858","0.003008627316032998","0.24197002141327623","0.6666666666666666","HUMAN|HGNC=22048|UniProtKB=P60323","Nanos homolog 3;NANOS3;PTN002490035;orthologs","NANOS HOMOLOG 3 (PTHR12887:SF12)","RNA metabolism protein(PC00031)","Homo sapiens","4","7","false","NOS3","6.5","0","4","0","0.8839724680432645","false","0","NOS3","584","0.43333333333333335"
"3.433628318584071","0.12042987095549018","0.2912371134020619","0.32142857142857145","HUMAN|HGNC=5253|UniProtKB=P07900","Heat shock protein HSP 90-alpha;HSP90AA1;PTN002479785;orthologs","HEAT SHOCK PROTEIN HSP 90-ALPHA (PTHR11528:SF87)","Hsp90 family chaperone(PC00028)","Homo sapiens","8","6","false","HSP90AA1","7.5","0","8","0","0.9098656178302197","false","0","HSP90AA1","19426","0.20833333333333334"
"5.146017699115045","0.0038324103837245184","0.19432502149613068","0.0","HUMAN|HGNC=8816|UniProtKB=O15530","3-phosphoinositide-dependent protein kinase 1;PDPK1;PTN002519480;orthologs","3-PHOSPHOINOSITIDE-DEPENDENT PROTEIN KINASE 1-RELATED (PTHR24356:SF163)","non-receptor serine/threonine protein kinase(PC00167)","Homo sapiens","2","8","false","PDPK1","5.0","0","2","0","0.8464437889216649","false","0","PDPK1","736","0.5"
"5.327433628318584","0.0","0.1877076411960133","1.0","HUMAN|HGNC=17947|UniProtKB=Q5T1C6","Acyl-coenzyme A thioesterase THEM4;THEM4;PTN002488089;orthologs","ACYL-COENZYME A THIOESTERASE THEM4 (PTHR12418:SF19)","esterase(PC00097)","Homo sapiens","2","8","false","THEM4","4.5","0","2","0","0.839724680432645","false","0","THEM4","0","0.75"
"5.323008849557522","1.9665683382497542E-5","0.18786367414796343","0.6666666666666666","HUMAN|HGNC=392|UniProtKB=P31751","RAC-beta serine_threonine-protein kinase;AKT2;PTN002519489;orthologs","RAC-BETA SERINE_THREONINE-PROTEIN KINASE (PTHR24356:SF176)","non-receptor serine/threonine protein kinase(PC00167)","Homo sapiens","3","8","false","AKT2","3.3333333333333335","0","3","0","0.8398885611274992","false","0","AKT2","2","0.5555555555555556"
"5.327433628318584","0.0","0.1877076411960133","1.0","HUMAN|HGNC=393|UniProtKB=Q9Y243","RAC-gamma serine_threonine-protein kinase;AKT3;PTN002519488;orthologs","RAC-GAMMA SERINE_THREONINE-PROTEIN KINASE (PTHR24356:SF190)","non-receptor serine/threonine protein kinase(PC00167)","Homo sapiens","2","8","false","AKT3","4.5","0","2","0","0.839724680432645","false","0","AKT3","0","0.75"
"1.0","0.0","1.0","1.0","HUMAN|HGNC=484|UniProtKB=Q15389","Angiopoietin-1;ANGPT1;PTN002499021;orthologs","ANGIOPOIETIN-1 (PTHR19143:SF156)","intercellular signal molecule(PC00207)","Homo sapiens","3","1","false","ANGPT1","3.0","0","3","0","1.0","false","0","ANGPT1","0","1.0"
"1.0","0.0","1.0","1.0","HUMAN|HGNC=485|UniProtKB=O15123","Angiopoietin-2;ANGPT2;PTN002499025;orthologs","ANGIOPOIETIN-2 (PTHR19143:SF199)","intercellular signal molecule(PC00207)","Homo sapiens","3","1","false","ANGPT2","3.0","0","3","0","1.0","false","0","ANGPT2","0","1.0"
"1.0","0.0","1.0","1.0","HUMAN|HGNC=11724|UniProtKB=Q02763","Angiopoietin-1 receptor;TEK;PTN002521436;orthologs","ANGIOPOIETIN-1 RECEPTOR (PTHR24416:SF125)","transmembrane signal receptor(PC00197)","Homo sapiens","3","1","false","TEK","3.0","0","3","0","1.0","false","0","TEK","0","1.0"
"1.0","0.0","1.0","1.0","HUMAN|HGNC=487|UniProtKB=Q9Y264","Angiopoietin-4;ANGPT4;PTN002499022;orthologs","ANGIOPOIETIN-4 (PTHR19143:SF31)","intercellular signal molecule(PC00207)","Homo sapiens","3","1","false","ANGPT4","3.0","0","3","0","1.0","false","0","ANGPT4","0","1.0"
"3.827433628318584","0.0","0.26127167630057807","0.0","HUMAN|HGNC=651|UniProtKB=P15514","Amphiregulin;AREG;PTN000077727;orthologs","AMPHIREGULIN (PTHR10740:SF12)","growth factor(PC00112)","Homo sapiens","1","7","false","AREG","18.0","0","1","0","0.8952802359882006","false","0","AREG","0","0.0"
"2.831858407079646","0.32965286470137867","0.353125","0.1437908496732026","HUMAN|HGNC=3236|UniProtKB=P00533","Epidermal growth factor receptor;EGFR;PTN002521387;orthologs","EPIDERMAL GROWTH FACTOR RECEPTOR (PTHR24416:SF91)","transmembrane signal receptor(PC00197)","Homo sapiens","18","6","false","EGFR","10.833333333333334","0","18","0","0.9321533923303834","false","0","EGFR","68930","0.11228070175438597"
"1.6666666666666667","0.0","0.6","0.0","HUMAN|HGNC=727|UniProtKB=Q5T4W7","Artemin;ARTN;PTN002486531;orthologs","ARTEMIN (PTHR12173:SF9)","neurotrophic factor(PC00163)","Homo sapiens","1","2","false","ARTN","3.0","0","1","0","0.7777777777777777","false","0","ARTN","0","0.0"
"1.0","1.0","1.0","0.0","HUMAN|HGNC=9967|UniProtKB=P07949","Proto-oncogene tyrosine-protein kinase receptor Ret;RET;PTN002521376;orthologs","PROTO-ONCOGENE TYROSINE-PROTEIN KINASE RECEPTOR RET (PTHR24416:SF485)","transmembrane signal receptor(PC00197)","Homo sapiens","3","1","false","RET","1.0","0","3","0","1.0","false","0","RET","6","0.0"
"1.0","0.0024691358024691358","1.0","0.9777777777777777","HUMAN|HGNC=784|UniProtKB=P15336","Cyclic AMP-dependent transcription factor ATF-2;ATF2;PTN002499645;orthologs","CYCLIC AMP-DEPENDENT TRANSCRIPTION FACTOR ATF-2 (PTHR19304:SF9)","basic leucine zipper transcription factor(PC00056)","Homo sapiens","10","1","false","ATF2","9.8","0","10","0","1.0","false","0","ATF2","2","0.98"
"1.0","0.0024691358024691358","1.0","0.9777777777777777","HUMAN|HGNC=18855|UniProtKB=Q68CJ9","Cyclic AMP-responsive element-binding protein 3-like protein 3;CREB3L3;PTN002506018;orthologs","CYCLIC AMP-RESPONSIVE ELEMENT-BINDING PROTEIN 3-LIKE PROTEIN 3 (PTHR45996:SF1)",,"Homo sapiens","10","1","false","CREB3L3","9.8","0","10","0","1.0","false","0","CREB3L3","2","0.98"
"1.1","0.0","0.9090909090909091","1.0","HUMAN|HGNC=27301|UniProtKB=Q53ET0","CREB-regulated transcription coactivator 2;CRTC2;PTN002491858;orthologs","CREB-REGULATED TRANSCRIPTION COACTIVATOR 2 (PTHR13589:SF6)","transcription cofactor(PC00217)","Homo sapiens","9","2","false","CRTC2","10.0","0","9","0","0.99","false","0","CRTC2","0","1.0"
"1.0","0.0024691358024691358","1.0","0.9777777777777777","HUMAN|HGNC=18854|UniProtKB=Q8TEY5","Cyclic AMP-responsive element-binding protein 3-like protein 4;CREB3L4;PTN002506015;orthologs","CYCLIC AMP-RESPONSIVE ELEMENT-BINDING PROTEIN 3-LIKE PROTEIN 4 (PTHR45996:SF2)",,"Homo sapiens","10","1","false","CREB3L4","9.8","0","10","0","1.0","false","0","CREB3L4","2","0.98"
"1.0","0.0024691358024691358","1.0","0.9777777777777777","HUMAN|HGNC=18856|UniProtKB=Q96BA8","Cyclic AMP-responsive element-binding protein 3-like protein 1;CREB3L1;PTN002506007;orthologs","CYCLIC AMP-RESPONSIVE ELEMENT-BINDING PROTEIN 3-LIKE PROTEIN 1 (PTHR46004:SF1)",,"Homo sapiens","10","1","false","CREB3L1","9.8","0","10","0","1.0","false","0","CREB3L1","2","0.98"
"1.0","0.0024691358024691358","1.0","0.9777777777777777","HUMAN|HGNC=23720|UniProtKB=Q70SY1","Cyclic AMP-responsive element-binding protein 3-like protein 2;CREB3L2;PTN002506008;orthologs","CYCLIC AMP-RESPONSIVE ELEMENT-BINDING PROTEIN 3-LIKE PROTEIN 2 (PTHR46004:SF2)",,"Homo sapiens","10","1","false","CREB3L2","9.8","0","10","0","1.0","false","0","CREB3L2","2","0.98"
"1.1","0.0","0.9090909090909091","1.0","HUMAN|HGNC=2349|UniProtKB=Q99941","Cyclic AMP-dependent transcription factor ATF-6 beta;ATF6B;PTN002506012;orthologs","CYCLIC AMP-DEPENDENT TRANSCRIPTION FACTOR ATF-6 BETA (PTHR46164:SF2)",,"Homo sapiens","9","2","false","ATF6B","10.0","0","9","0","0.99","false","0","ATF6B","0","1.0"
"1.0","0.0024691358024691358","1.0","0.9777777777777777","HUMAN|HGNC=786|UniProtKB=P18848","Cyclic AMP-dependent transcription factor ATF-4;ATF4;PTN002490446;orthologs","CYCLIC AMP-DEPENDENT TRANSCRIPTION FACTOR ATF-4 (PTHR13044:SF2)","DNA-binding transcription factor(PC00218)","Homo sapiens","10","1","false","ATF4","9.8","0","10","0","1.0","false","0","ATF4","2","0.98"
"1.0","0.0024691358024691358","1.0","0.9777777777777777","HUMAN|HGNC=2347|UniProtKB=O43889","Cyclic AMP-responsive element-binding protein 3;CREB3;PTN002506019;orthologs","CYCLIC AMP-RESPONSIVE ELEMENT-BINDING PROTEIN 3 (PTHR45996:SF4)",,"Homo sapiens","10","1","false","CREB3","9.8","0","10","0","1.0","false","0","CREB3","2","0.98"
"1.0","0.0024691358024691358","1.0","0.9777777777777777","HUMAN|HGNC=2345|UniProtKB=P16220","Cyclic AMP-responsive element-binding protein 1;CREB1;PTN002506122;orthologs","CYCLIC AMP-RESPONSIVE ELEMENT-BINDING PROTEIN 1 (PTHR45879:SF1)","basic leucine zipper transcription factor(PC00056)","Homo sapiens","10","1","false","CREB1","9.8","0","10","0","1.0","false","0","CREB1","2","0.98"
"1.0","0.0024691358024691358","1.0","0.9777777777777777","HUMAN|HGNC=16844|UniProtKB=Q02930","Cyclic AMP-responsive element-binding protein 5;CREB5;PTN002499641;orthologs","CYCLIC AMP-RESPONSIVE ELEMENT-BINDING PROTEIN 5 (PTHR19304:SF8)","basic leucine zipper transcription factor(PC00056)","Homo sapiens","10","1","false","CREB5","9.8","0","10","0","1.0","false","0","CREB5","2","0.98"
"4.261061946902655","0.012337067826743332","0.2346832814122534","0.5238095238095238","HUMAN|HGNC=936|UniProtKB=Q92934","Bcl2-associated agonist of cell death;BAD;PTN002523870;orthologs","BCL2-ASSOCIATED AGONIST OF CELL DEATH (PTHR28540:SF1)",,"Homo sapiens","7","8","false","BAD","8.285714285714286","0","7","0","0.8792199278924943","false","0","BAD","3056","0.37662337662337664"
"4.04424778761062","0.003936632051210532","0.2472647702407002","0.75","HUMAN|HGNC=12853|UniProtKB=Q04917","14-3-3 protein eta;YWHAH;PTN002497935;orthologs","14-3-3 PROTEIN ETA (PTHR18860:SF16)","scaffold/adaptor protein(PC00226)","Homo sapiens","8","8","false","YWHAH","9.125","0","8","0","0.8872500819403475","false","0","YWHAH","1314","0.33796296296296297"
"4.247787610619469","0.026545650318819954","0.23541666666666664","0.5555555555555556","HUMAN|HGNC=12851|UniProtKB=P62258","14-3-3 protein epsilon;YWHAE;PTN002497948;orthologs","14-3-3 PROTEIN EPSILON (PTHR18860:SF67)","scaffold/adaptor protein(PC00226)","Homo sapiens","9","8","false","YWHAE","7.333333333333333","0","9","0","0.8797115699770567","false","0","YWHAE","7610","0.3492063492063492"
"4.035398230088496","0.007672329265738217","0.24780701754385964","0.5555555555555556","HUMAN|HGNC=12849|UniProtKB=P31946","14-3-3 protein beta_alpha;YWHAB;PTN002497947;orthologs","14-3-3 PROTEIN BETA_ALPHA (PTHR18860:SF28)","scaffold/adaptor protein(PC00226)","Homo sapiens","10","8","false","YWHAB","8.3","0","10","0","0.8875778433300557","false","0","YWHAB","2762","0.3074074074074074"
"4.442477876106195","0.04350270935226691","0.2250996015936255","0.26666666666666666","HUMAN|HGNC=992|UniProtKB=Q07817","Bcl-2-like protein 1;BCL2L1;PTN002477650;orthologs","BCL-2-LIKE PROTEIN 1 (PTHR11256:SF12)",,"Homo sapiens","6","8","false","BCL2L1","4.5","0","6","0","0.8725008194034742","false","0","BCL2L1","6128","0.24074074074074073"
"4.278761061946903","5.625321908507751E-4","0.23371251292657702","0.7142857142857143","HUMAN|HGNC=12854|UniProtKB=P27348","14-3-3 protein theta;YWHAQ;PTN002497944;orthologs","14-3-3 PROTEIN THETA (PTHR18860:SF3)","scaffold/adaptor protein(PC00226)","Homo sapiens","8","8","false","YWHAQ","7.75","0","8","0","0.8785644051130777","false","0","YWHAQ","128","0.40789473684210525"
"3.3893805309734515","0.12827168422891566","0.2950391644908616","0.32051282051282054","HUMAN|HGNC=12855|UniProtKB=P63104","14-3-3 protein zeta_delta;YWHAZ;PTN002497946;orthologs","14-3-3 PROTEIN ZETA_DELTA (PTHR18860:SF7)","scaffold/adaptor protein(PC00226)","Homo sapiens","13","7","false","YWHAZ","8.615384615384615","0","13","0","0.911504424778761","false","0","YWHAZ","44042","0.17425431711145997"
"5.1946902654867255","0.0021900079599194646","0.19250425894378195","0.5","HUMAN|HGNC=990|UniProtKB=P10415","Apoptosis regulator Bcl-2;BCL2;PTN002477646;orthologs","APOPTOSIS REGULATOR BCL-2 (PTHR11256:SF11)",,"Homo sapiens","4","9","false","BCL2","5.0","0","4","0","0.8446411012782694","false","0","BCL2","534","0.38461538461538464"
"5.415929203539823","0.017659783677482794","0.18464052287581698","0.16666666666666666","HUMAN|HGNC=11998|UniProtKB=P04637","Cellular tumor antigen p53;TP53;PTN002479088;orthologs","CELLULAR TUMOR ANTIGEN P53 (PTHR11447:SF6)","P53-like transcription factor(PC00253)","Homo sapiens","4","9","false","TP53","3.0","0","4","0","0.836447066535562","false","0","TP53","2466","0.4166666666666667"
"5.429203539823009","1.9665683382497542E-5","0.18418907905460474","0.6666666666666666","HUMAN|HGNC=994|UniProtKB=O43521","Bcl-2-like protein 11;BCL2L11;PTN002486023;orthologs","BCL-2-LIKE PROTEIN 11 (PTHR12044:SF9)",,"Homo sapiens","3","9","false","BCL2L11","4.0","0","3","0","0.8359554244509998","false","0","BCL2L11","2","0.6666666666666666"
"3.5929203539823007","0.07190766828399135","0.27832512315270935","0.3333333333333333","HUMAN|HGNC=6407|UniProtKB=P01116","GTPase KRas;KRAS;PTN002514537;orthologs","GTPASE KRAS (PTHR24070:SF388)","small GTPase(PC00208)","Homo sapiens","7","7","false","KRAS","7.142857142857143","0","7","0","0.9039659128154703","false","0","KRAS","22128","0.25925925925925924"
"5.433628318584071","0.0","0.18403908794788273","1.0","HUMAN|HGNC=6943|UniProtKB=Q07820","Induced myeloid leukemia cell differentiation protein Mcl-1;MCL1;PTN002477645;orthologs","INDUCED MYELOID LEUKEMIA CELL DIFFERENTIATION PROTEIN MCL-1 (PTHR11256:SF46)",,"Homo sapiens","2","9","false","MCL1","4.5","0","2","0","0.8357915437561455","false","0","MCL1","0","0.75"
"4.871681415929204","0.0032015055097142377","0.2052679382379655","0.6666666666666666","HUMAN|HGNC=1033|UniProtKB=P23560","Brain-derived neurotrophic factor;BDNF;PTN002480695;orthologs","BRAIN-DERIVED NEUROTROPHIC FACTOR (PTHR11589:SF3)","neurotrophic factor(PC00163)","Homo sapiens","4","9","false","BDNF","4.0","0","4","0","0.8566043920026222","false","0","BDNF","1622","0.5"
"5.353982300884955","0.026747835810823843","0.18677685950413225","0.2","HUMAN|HGNC=7809|UniProtKB=P08138","Tumor necrosis factor receptor superfamily member 16;NGFR;PTN002508061;orthologs","TUMOR NECROSIS FACTOR RECEPTOR SUPERFAMILY MEMBER 16 (PTHR46605:SF3)","transmembrane signal receptor(PC00197)","Homo sapiens","5","9","false","NGFR","3.4","0","5","0","0.8387413962635202","false","0","NGFR","8706","0.375"
"3.9424778761061945","0.03044239032172756","0.2536475869809203","0.3333333333333333","HUMAN|HGNC=8032|UniProtKB=Q16620","BDNF_NT-3 growth factors receptor;NTRK2;PTN002521368;orthologs","BDNF_NT-3 GROWTH FACTORS RECEPTOR (PTHR24416:SF136)","transmembrane signal receptor(PC00197)","Homo sapiens","4","8","false","NTRK2","9.0","0","4","0","0.8910193379219927","false","0","NTRK2","8814","0.3125"
"4.871681415929204","0.006469874342928969","0.2052679382379655","0.3333333333333333","HUMAN|HGNC=8023|UniProtKB=P20783","Neurotrophin-3;NTF3;PTN002480692;orthologs","NEUROTROPHIN-3 (PTHR11589:SF4)","neurotrophic factor(PC00163)","Homo sapiens","4","9","false","NTF3","4.0","0","4","0","0.8566043920026222","false","0","NTF3","3246","0.5357142857142857"
"4.880530973451328","0.003180528780772907","0.20489573889392565","0.6666666666666666","HUMAN|HGNC=8024|UniProtKB=P34130","Neurotrophin-4;NTF4;PTN002480694;orthologs","NEUROTROPHIN-4 (PTHR11589:SF8)","neurotrophic factor(PC00163)","Homo sapiens","3","9","false","NTF4","4.333333333333333","0","3","0","0.8562766306129137","false","0","NTF4","1618","0.6190476190476191"
"5.110619469026549","0.0","0.19567099567099566","0.0","HUMAN|HGNC=1100|UniProtKB=P38398","Breast cancer type 1 susceptibility protein;BRCA1;PTN002492613;orthologs","BREAST CANCER TYPE 1 SUSCEPTIBILITY PROTEIN (PTHR13763:SF0)","ubiquitin-protein ligase(PC00234)","Homo sapiens","1","8","false","BRCA1","12.0","0","1","0","0.8477548344804982","false","0","BRCA1","0","0.0"
"4.115044247787611","0.09345919370698132","0.24301075268817202","0.4696969696969697","HUMAN|HGNC=1773|UniProtKB=P11802","Cyclin-dependent kinase 4;CDK4;PTN002514106;orthologs","CYCLIN-DEPENDENT KINASE 4 (PTHR24056:SF129)","non-receptor serine/threonine protein kinase(PC00167)","Homo sapiens","12","7","false","CDK4","7.25","0","12","0","0.8846279908226811","false","0","CDK4","12682","0.37719298245614036"
"5.079646017699115","0.0","0.19686411149825783","1.0","HUMAN|HGNC=1582|UniProtKB=P24385","G1_S-specific cyclin-D1;CCND1;PTN002468715;orthologs","G1_S-SPECIFIC CYCLIN-D1 (PTHR10177:SF67)","kinase activator(PC00138)","Homo sapiens","7","8","false","CCND1","9.0","0","7","0","0.8489019993444772","false","0","CCND1","0","0.6923076923076923"
"5.079646017699115","0.0","0.19686411149825783","1.0","HUMAN|HGNC=1585|UniProtKB=P30281","G1_S-specific cyclin-D3;CCND3;PTN002468714;orthologs","G1_S-SPECIFIC CYCLIN-D3 (PTHR10177:SF65)","kinase activator(PC00138)","Homo sapiens","7","8","false","CCND3","9.0","0","7","0","0.8489019993444772","false","0","CCND3","0","0.6923076923076923"
"5.079646017699115","0.0","0.19686411149825783","1.0","HUMAN|HGNC=1583|UniProtKB=P30279","G1_S-specific cyclin-D2;CCND2;PTN002468716;orthologs","G1_S-SPECIFIC CYCLIN-D2 (PTHR10177:SF66)","kinase activator(PC00138)","Homo sapiens","7","8","false","CCND2","9.0","0","7","0","0.8489019993444772","false","0","CCND2","0","0.6923076923076923"
"5.066371681415929","0.004511307767944936","0.19737991266375546","0.6888888888888889","HUMAN|HGNC=1771|UniProtKB=P24941","Cyclin-dependent kinase 2;CDK2;PTN002514144;orthologs","CYCLIN-DEPENDENT KINASE 2 (PTHR24056:SF521)","non-receptor serine/threonine protein kinase(PC00167)","Homo sapiens","10","8","false","CDK2","7.5","0","10","0","0.8493936414290396","false","0","CDK2","1084","0.5769230769230769"
"5.070796460176991","4.71976401179941E-5","0.19720767888307156","0.8333333333333334","HUMAN|HGNC=1777|UniProtKB=Q00534","Cyclin-dependent kinase 6;CDK6;PTN002514107;orthologs","CYCLIN-DEPENDENT KINASE 6 (PTHR24056:SF130)","non-receptor serine/threonine protein kinase(PC00167)","Homo sapiens","9","8","false","CDK6","8.222222222222221","0","9","0","0.8492297607341854","false","0","CDK6","12","0.6324786324786325"
"5.070796460176991","4.71976401179941E-5","0.19720767888307156","0.8333333333333334","HUMAN|HGNC=1785|UniProtKB=P46527","Cyclin-dependent kinase inhibitor 1B;CDKN1B;PTN002469535;orthologs","CYCLIN-DEPENDENT KINASE INHIBITOR 1B (PTHR10265:SF9)","kinase inhibitor(PC00139)","Homo sapiens","9","8","false","CDKN1B","8.222222222222221","0","9","0","0.8492297607341854","false","0","CDKN1B","12","0.6324786324786325"
"5.070796460176991","4.71976401179941E-5","0.19720767888307156","0.8333333333333334","HUMAN|HGNC=1784|UniProtKB=P38936","Cyclin-dependent kinase inhibitor 1;CDKN1A;PTN002469533;orthologs","CYCLIN-DEPENDENT KINASE INHIBITOR 1 (PTHR46778:SF1)","kinase inhibitor(PC00139)","Homo sapiens","9","8","false","CDKN1A","8.222222222222221","0","9","0","0.8492297607341854","false","0","CDKN1A","12","0.6324786324786325"
"5.079646017699115","0.0043461160275319564","0.19686411149825783","0.7619047619047619","HUMAN|HGNC=1589|UniProtKB=P24864","G1_S-specific cyclin-E1;CCNE1;PTN002468726;orthologs","G1_S-SPECIFIC CYCLIN-E1 (PTHR10177:SF71)","kinase activator(PC00138)","Homo sapiens","7","8","false","CCNE1","8.142857142857142","0","7","0","0.8489019993444772","false","0","CCNE1","1066","0.6263736263736264"
"6.057522123893805","0.0","0.16508400292184078","1.0","HUMAN|HGNC=9894|UniProtKB=Q08999","Retinoblastoma-like protein 2;RBL2;PTN002492547;orthologs","RETINOBLASTOMA-LIKE PROTEIN 2 (PTHR13742:SF8)","chromatin/chromatin-binding, or -regulatory protein(PC00077)","Homo sapiens","2","9","false","RBL2","8.5","0","2","0","0.812684365781711","false","0","RBL2","0","0.85"
"5.084070796460177","0.0","0.1966927763272411","1.0","HUMAN|HGNC=1590|UniProtKB=O96020","G1_S-specific cyclin-E2;CCNE2;PTN002468725;orthologs","G1_S-SPECIFIC CYCLIN-E2 (PTHR10177:SF70)","kinase activator(PC00138)","Homo sapiens","6","8","false","CCNE2","9.333333333333334","0","6","0","0.8487381186496231","false","0","CCNE2","0","0.717948717948718"
"3.9734513274336285","5.983979925731754E-4","0.25167037861915365","0.0","HUMAN|HGNC=1633|UniProtKB=P15391","B-lymphocyte antigen CD19;CD19;PTN002497560;orthologs","B-LYMPHOCYTE ANTIGEN CD19 (PTHR16674:SF2)",,"Homo sapiens","2","8","false","CD19","16.0","0","2","0","0.8898721730580137","false","0","CD19","130","0.5172413793103449"
"3.9026548672566372","8.701155978615637E-4","0.25623582766439906","0.7142857142857143","HUMAN|HGNC=30034|UniProtKB=Q6ZUJ8","Phosphoinositide 3-kinase adapter protein 1;PIK3AP1;PTN002497339;orthologs","PHOSPHOINOSITIDE 3-KINASE ADAPTER PROTEIN 1 (PTHR16267:SF12)",,"Homo sapiens","7","8","false","PIK3AP1","10.857142857142858","0","7","0","0.8924942641756801","false","0","PIK3AP1","268","0.42857142857142855"
"3.0088495575221237","0.269539884984587","0.33235294117647063","0.08","HUMAN|HGNC=4566|UniProtKB=P62993","Growth factor receptor-bound protein 2;GRB2;PTN002521467;orthologs","GROWTH FACTOR RECEPTOR-BOUND PROTEIN 2 (PTHR46037:SF4)",,"Homo sapiens","25","7","false","GRB2","6.68","0","25","0","0.9255981645362177","false","0","GRB2","78514","0.07264367816091954"
"3.2787610619469025","0.13802278530562676","0.3049932523616734","0.3333333333333333","HUMAN|HGNC=1735|UniProtKB=Q16543","Hsp90 co-chaperone Cdc37;CDC37;PTN002489713;orthologs","HSP90 CO-CHAPERONE CDC37 (PTHR12800:SF3)","chaperone(PC00072)","Homo sapiens","7","6","false","CDC37","9.428571428571429","0","7","0","0.9156014421501147","false","0","CDC37","23548","0.19642857142857142"
"4.163716814159292","1.3110455588331693E-5","0.24017003188097769","0.8333333333333334","HUMAN|HGNC=12028|UniProtKB=P14625","Endoplasmin;HSP90B1;PTN002479794;orthologs","ENDOPLASMIN (PTHR11528:SF96)","Hsp90 family chaperone(PC00028)","Homo sapiens","4","7","false","HSP90B1","6.75","0","4","0","0.8828253031792854","false","0","HSP90B1","2","0.6136363636363636"
"4.119469026548672","0.0028442709651716387","0.242749731471536","0.3333333333333333","HUMAN|HGNC=12362|UniProtKB=Q92574","Hamartin;TSC1;PTN002495583;orthologs","HAMARTIN (PTHR15154:SF2)",,"Homo sapiens","3","7","false","TSC1","7.333333333333333","0","3","0","0.884464110127827","false","0","TSC1","766","0.4666666666666667"
"3.65929203539823","0.16516788104629784","0.27327690447400244","0.23076923076923078","HUMAN|HGNC=9829|UniProtKB=P04049","RAF proto-oncogene serine_threonine-protein kinase;RAF1;PTN002541138;orthologs","RAF PROTO-ONCOGENE SERINE_THREONINE-PROTEIN KINASE (PTHR44329:SF22)","non-receptor serine/threonine protein kinase(PC00167)","Homo sapiens","13","7","false","RAF1","6.769230769230769","0","13","0","0.9015077023926581","false","0","RAF1","51344","0.19683257918552036"
"3.849557522123894","0.050380113374524214","0.2597701149425287","0.32142857142857145","HUMAN|HGNC=5258|UniProtKB=P08238","Heat shock protein HSP 90-beta;HSP90AB1;PTN002479777;orthologs","HEAT SHOCK PROTEIN HSP 90-BETA (PTHR11528:SF79)","Hsp90 family chaperone(PC00028)","Homo sapiens","8","7","false","HSP90AB1","7.25","0","8","0","0.8944608325139298","false","0","HSP90AB1","5664","0.19078947368421054"
"2.28","0.0","0.4385964912280702","1.0","HUMAN|HGNC=1950|UniProtKB=P11229","Muscarinic acetylcholine receptor M1;CHRM1;PTN002538174;orthologs","MUSCARINIC ACETYLCHOLINE RECEPTOR M1 (PTHR24247:SF182)","G-protein coupled receptor(PC00021)","Homo sapiens","8","3","false","CHRM1","8.25","0","8","0","0.92","false","0","CHRM1","0","0.825"
"2.28","0.0","0.4385964912280702","1.0","HUMAN|HGNC=13307|UniProtKB=Q9H1C0","Lysophosphatidic acid receptor 5;LPAR5;PTN002517385;orthologs","LYSOPHOSPHATIDIC ACID RECEPTOR 5 (PTHR24234:SF6)","G-protein coupled receptor(PC00021)","Homo sapiens","8","3","false","LPAR5","8.25","0","8","0","0.92","false","0","LPAR5","0","0.825"
"2.28","0.0","0.4385964912280702","1.0","HUMAN|HGNC=4478|UniProtKB=Q99677","Lysophosphatidic acid receptor 4;LPAR4;PTN002517373;orthologs","LYSOPHOSPHATIDIC ACID RECEPTOR 4 (PTHR24232:SF41)","G-protein coupled receptor(PC00021)","Homo sapiens","8","3","false","LPAR4","8.25","0","8","0","0.92","false","0","LPAR4","0","0.825"
"1.6","0.45333333333333337","0.625","0.6444444444444445","HUMAN|HGNC=3166|UniProtKB=Q92633","Lysophosphatidic acid receptor 1;LPAR1;PTN002503546;orthologs","LYSOPHOSPHATIDIC ACID RECEPTOR 1 (PTHR22750:SF22)","G-protein coupled receptor(PC00021)","Homo sapiens","10","2","false","LPAR1","8.6","0","10","0","0.9625","false","0","LPAR1","320","0.344"
"2.28","0.0","0.4385964912280702","1.0","HUMAN|HGNC=1951|UniProtKB=P08172","Muscarinic acetylcholine receptor M2;CHRM2;PTN002538167;orthologs","MUSCARINIC ACETYLCHOLINE RECEPTOR M2 (PTHR24247:SF207)","G-protein coupled receptor(PC00021)","Homo sapiens","8","3","false","CHRM2","8.25","0","8","0","0.92","false","0","CHRM2","0","0.825"
"2.28","0.0","0.4385964912280702","1.0","HUMAN|HGNC=14298|UniProtKB=Q9UBY5","Lysophosphatidic acid receptor 3;LPAR3;PTN002503536;orthologs","LYSOPHOSPHATIDIC ACID RECEPTOR 3 (PTHR22750:SF21)","G-protein coupled receptor(PC00021)","Homo sapiens","8","3","false","LPAR3","8.25","0","8","0","0.92","false","0","LPAR3","0","0.825"
"2.28","0.0","0.4385964912280702","1.0","HUMAN|HGNC=3168|UniProtKB=Q9HBW0","Lysophosphatidic acid receptor 2;LPAR2;PTN002503555;orthologs","LYSOPHOSPHATIDIC ACID RECEPTOR 2 (PTHR22750:SF38)","G-protein coupled receptor(PC00021)","Homo sapiens","8","3","false","LPAR2","8.25","0","8","0","0.92","false","0","LPAR2","0","0.825"
"2.28","0.0","0.4385964912280702","1.0","HUMAN|HGNC=3537|UniProtKB=P25116","Proteinase-activated receptor 1;F2R;PTN002517362;orthologs","PROTEINASE-ACTIVATED RECEPTOR 1 (PTHR24232:SF20)","G-protein coupled receptor(PC00021)","Homo sapiens","8","3","false","F2R","8.25","0","8","0","0.92","false","0","F2R","0","0.825"
"2.28","0.0","0.4385964912280702","1.0","HUMAN|HGNC=15520|UniProtKB=P43657","Lysophosphatidic acid receptor 6;LPAR6;PTN002517365;orthologs","LYSOPHOSPHATIDIC ACID RECEPTOR 6 (PTHR24232:SF3)","G-protein coupled receptor(PC00021)","Homo sapiens","8","3","false","LPAR6","8.25","0","8","0","0.92","false","0","LPAR6","0","0.825"
"7.323008849557522","0.0","0.1365558912386707","1.0","HUMAN|HGNC=1974|UniProtKB=O15111","Inhibitor of nuclear factor kappa-B kinase subunit alpha;CHUK;PTN002506459;orthologs","INHIBITOR OF NUCLEAR FACTOR KAPPA-B KINASE SUBUNIT ALPHA (PTHR22969:SF13)","non-receptor serine/threonine protein kinase(PC00167)","Homo sapiens","2","11","false","CHUK","2.5","0","2","0","0.7658144870534251","false","0","CHUK","0","0.8333333333333334"
"7.323008849557522","0.0","0.1365558912386707","1.0","HUMAN|HGNC=5961|UniProtKB=Q9Y6K9","NF-kappa-B essential modulator;IKBKG;PTN002527037;orthologs","NF-KAPPA-B ESSENTIAL MODULATOR (PTHR31553:SF3)",,"Homo sapiens","2","11","false","IKBKG","2.5","0","2","0","0.7658144870534251","false","0","IKBKG","0","0.8333333333333334"
"6.331858407079646","0.017620452310717797","0.15793151642208247","0.3333333333333333","HUMAN|HGNC=5960|UniProtKB=O14920","Inhibitor of nuclear factor kappa-B kinase subunit beta;IKBKB;PTN002506460;orthologs","INHIBITOR OF NUCLEAR FACTOR KAPPA-B KINASE SUBUNIT BETA (PTHR22969:SF7)","non-receptor serine/threonine protein kinase(PC00167)","Homo sapiens","3","10","false","IKBKB","3.0","0","3","0","0.8025237627007539","false","0","IKBKB","5768","0.4444444444444444"
"4.831858407079646","0.0","0.20695970695970697","1.0",,,,,,"2","9","false","COL18A1","23.0","0","2","0","0.8580793182563093","false","0","COL18A1","0","0.8214285714285714"
"3.920353982300885","0.008655175863140437","0.255079006772009","0.7368421052631579","HUMAN|HGNC=6141|UniProtKB=P08648","Integrin alpha-5;ITGA5;PTN002509409;orthologs","INTEGRIN ALPHA-5 (PTHR23220:SF3)","integrin(PC00126)","Homo sapiens","19","8","false","ITGA5","15.736842105263158","0","19","0","0.8918387413962635","false","0","ITGA5","3500","0.42532005689900426"
"3.8451327433628317","0.06865393687789532","0.2600690448791715","0.39886039886039887","HUMAN|HGNC=6153|UniProtKB=P05556","Integrin beta-1;ITGB1;PTN002467835;orthologs","INTEGRIN BETA-1 (PTHR10082:SF28)","integrin(PC00126)","Homo sapiens","27","8","false","ITGB1","12.444444444444445","0","27","0","0.894624713208784","false","0","ITGB1","27324","0.2885443583118002"
"1.0","0.0","1.0","1.0","HUMAN|HGNC=2197|UniProtKB=P02452","Collagen alpha-1(I) chain;COL1A1;;orthologs",,,"Homo sapiens","2","1","false","COL1A1","2.0","0","2","0","1.0","false","0","COL1A1","0","1.0"
"1.0","0.0","1.0","1.0","HUMAN|HGNC=2200|UniProtKB=P02458","Collagen alpha-1(II) chain;COL2A1;PTN002513148;orthologs","COLLAGEN ALPHA-1(II) CHAIN (PTHR24023:SF58)","extracellular matrix structural protein(PC00103)","Homo sapiens","2","1","false","COL2A1","2.0","0","2","0","1.0","false","0","COL2A1","0","1.0"
"1.0","0.0","1.0","1.0","HUMAN|HGNC=2198|UniProtKB=P08123","Collagen alpha-2(I) chain;COL1A2;PTN002513136;orthologs","COLLAGEN ALPHA-2(I) CHAIN (PTHR24023:SF568)","extracellular matrix structural protein(PC00103)","Homo sapiens","2","1","false","COL1A2","2.0","0","2","0","1.0","false","0","COL1A2","0","1.0"
"1.0","0.0","1.0","0.0","HUMAN|HGNC=2202|UniProtKB=P02462","Collagen alpha-1(IV) chain;COL4A1;PTN002513090;orthologs","COLLAGEN ALPHA-1(IV) CHAIN (PTHR24023:SF854)","extracellular matrix structural protein(PC00103)","Homo sapiens","1","1","false","COL4A1","1.0","0","1","0","1.0","false","0","COL4A1","0","0.0"
"1.0","0.0","1.0","0.0","HUMAN|HGNC=2203|UniProtKB=P08572","Collagen alpha-2(IV) chain;COL4A2;PTN002513091;orthologs","COLLAGEN ALPHA-2(IV) CHAIN (PTHR24023:SF588)","extracellular matrix structural protein(PC00103)","Homo sapiens","1","1","false","COL4A2","1.0","0","1","0","1.0","false","0","COL4A2","0","0.0"
"1.3333333333333333","0.0","0.75","1.0","HUMAN|HGNC=2204|UniProtKB=Q01955","Collagen alpha-3(IV) chain;COL4A3;PTN000614385;orthologs","COLLAGEN ALPHA-3(IV) CHAIN (PTHR24023:SF1070)","extracellular matrix structural protein(PC00103)","Homo sapiens","2","2","false","COL4A3","2.5","0","2","0","0.888888888888889","false","0","COL4A3","0","0.8333333333333334"
"1.0","0.6666666666666666","1.0","0.3333333333333333","HUMAN|HGNC=2207|UniProtKB=P29400","Collagen alpha-5(IV) chain;COL4A5;PTN002513096;orthologs","COLLAGEN ALPHA-5(IV) CHAIN (PTHR24023:SF1029)","extracellular matrix structural protein(PC00103)","Homo sapiens","3","1","false","COL4A5","1.6666666666666667","0","3","0","1.0","false","0","COL4A5","4","0.6666666666666666"
"1.3333333333333333","0.0","0.75","1.0","HUMAN|HGNC=2206|UniProtKB=P53420","Collagen alpha-4(IV) chain;COL4A4;PTN002513087;orthologs","COLLAGEN ALPHA-4(IV) CHAIN (PTHR24023:SF714)","extracellular matrix structural protein(PC00103)","Homo sapiens","2","2","false","COL4A4","2.5","0","2","0","0.888888888888889","false","0","COL4A4","0","0.8333333333333334"
"1.6666666666666667","0.0","0.6","0.0","HUMAN|HGNC=2208|UniProtKB=Q14031","Collagen alpha-6(IV) chain;COL4A6;PTN002513076;orthologs","COLLAGEN ALPHA-6(IV) CHAIN (PTHR24023:SF533)","extracellular matrix structural protein(PC00103)","Homo sapiens","1","2","false","COL4A6","3.0","0","1","0","0.7777777777777777","false","0","COL4A6","0","0.0"
"1.0","0.0","1.0","0.0","HUMAN|HGNC=2211|UniProtKB=P12109","Collagen alpha-1(VI) chain;COL6A1;PTN002544441;orthologs","COLLAGEN ALPHA-1(VI) CHAIN (PTHR24020:SF18)","extracellular matrix structural protein(PC00103)","Homo sapiens","1","1","false","COL6A1","1.0","0","1","0","1.0","false","0","COL6A1","0","0.0"
"1.0","0.0","1.0","0.0","HUMAN|HGNC=2213|UniProtKB=P12111","Collagen alpha-3(VI) chain;COL6A3;PTN002543443;orthologs","COLLAGEN ALPHA-3(VI) CHAIN (PTHR24020:SF13)","extracellular matrix structural protein(PC00103)","Homo sapiens","1","1","false","COL6A3","1.0","0","1","0","1.0","false","0","COL6A3","0","0.0"
"1.0","0.0","1.0","1.0","HUMAN|HGNC=2217|UniProtKB=P20849","Collagen alpha-1(IX) chain;COL9A1;PTN002550851;orthologs","COLLAGEN ALPHA-1(IX) CHAIN (PTHR24023:SF918)","extracellular matrix structural protein(PC00103)","Homo sapiens","2","1","false","COL9A1","2.0","0","2","0","1.0","false","0","COL9A1","0","1.0"
"1.0","0.0","1.0","1.0","HUMAN|HGNC=2218|UniProtKB=Q14055","Collagen alpha-2(IX) chain;COL9A2;PTN002551400;orthologs","COLLAGEN ALPHA-2(IX) CHAIN (PTHR24023:SF906)","extracellular matrix structural protein(PC00103)","Homo sapiens","2","1","false","COL9A2","2.0","0","2","0","1.0","false","0","COL9A2","0","1.0"
"1.0","0.0","1.0","1.0","HUMAN|HGNC=2219|UniProtKB=Q14050","Collagen alpha-3(IX) chain;COL9A3;PTN002552596;orthologs","COLLAGEN ALPHA-3(IX) CHAIN (PTHR24023:SF866)","extracellular matrix structural protein(PC00103)","Homo sapiens","2","1","false","COL9A3","2.0","0","2","0","1.0","false","0","COL9A3","0","1.0"
"4.752212389380531","0.0","0.21042830540037247","0.0","HUMAN|HGNC=2432|UniProtKB=P09603","Macrophage colony-stimulating factor 1;CSF1;PTN002467632;orthologs","MACROPHAGE COLONY-STIMULATING FACTOR 1 (PTHR10058:SF0)",,"Homo sapiens","1","9","false","CSF1","3.0","0","1","0","0.861029170763684","false","0","CSF1","0","0.0"
"3.756637168141593","0.008849557522123894","0.2661955241460542","0.3333333333333333","HUMAN|HGNC=2433|UniProtKB=P07333","Macrophage colony-stimulating factor 1 receptor;CSF1R;PTN002521313;orthologs","MACROPHAGE COLONY-STIMULATING FACTOR 1 RECEPTOR (PTHR24416:SF47)","transmembrane signal receptor(PC00197)","Homo sapiens","3","8","false","CSF1R","17.0","0","3","0","0.8979023271058669","false","0","CSF1R","1714","0.42735042735042733"
"2.938053097345133","0.18696910840649977","0.3403614457831325","0.2","HUMAN|HGNC=8979|UniProtKB=P27986","Phosphatidylinositol 3-kinase regulatory subunit alpha;PIK3R1;PTN002468389;orthologs","PHOSPHATIDYLINOSITOL 3-KINASE REGULATORY SUBUNIT ALPHA (PTHR10155:SF3)","kinase modulator(PC00140)","Homo sapiens","25","7","false","PIK3R1","9.2","0","25","0","0.928220255653884","false","0","PIK3R1","55834","0.09806451612903226"
"4.676991150442478","0.00710598925694316","0.2138126773888363","0.7142857142857143","HUMAN|HGNC=2438|UniProtKB=P09919","Granulocyte colony-stimulating factor;CSF3;PTN002471210;orthologs","GRANULOCYTE COLONY-STIMULATING FACTOR (PTHR10511:SF2)",,"Homo sapiens","7","9","false","CSF3","6.571428571428571","0","7","0","0.8638151425762045","false","0","CSF3","2438","0.4945054945054945"
"5.092920353982301","7.431330824483153E-4","0.19635099913119028","0.7619047619047619","HUMAN|HGNC=8632|UniProtKB=P40424","Pre-B-cell leukemia transcription factor 1;PBX1;PTN002483910;orthologs","PRE-B-CELL LEUKEMIA TRANSCRIPTION FACTOR 1 (PTHR11850:SF89)","homeodomain transcription factor(PC00119)","Homo sapiens","7","9","false","PRL","6.571428571428571","0","7","0","0.8484103572599148","false","0","PRL","634","0.5054945054945055"
"5.376106194690266","0.0","0.1860082304526749","1.0","HUMAN|HGNC=2441|UniProtKB=P0DML3","Chorionic somatomammotropin hormone 2;CSH2;PTN002261640;orthologs","CHORIONIC SOMATOMAMMOTROPIN HORMONE 1-RELATED (PTHR11417:SF67)","peptide hormone(PC00179)","Homo sapiens","6","10","false","CSH2","7.0","0","6","0","0.8379219927892494","false","0","CSH2","0","0.7"
"5.088495575221239","0.0014960990065878792","0.1965217391304348","0.6071428571428571","HUMAN|HGNC=4261|UniProtKB=P01241","Somatotropin;GH1;PTN002478816;orthologs","SOMATOTROPIN (PTHR11417:SF2)","peptide hormone(PC00179)","Homo sapiens","8","9","false","GH1","6.25","0","8","0","0.8485742379547689","false","0","GH1","1270","0.4807692307692308"
"5.376106194690266","0.0","0.1860082304526749","1.0","HUMAN|HGNC=2440|UniProtKB=P0DML2","Chorionic somatomammotropin hormone 1;CSH1;PTN002261641;orthologs","CHORIONIC SOMATOMAMMOTROPIN HORMONE 1-RELATED (PTHR11417:SF67)","peptide hormone(PC00179)","Homo sapiens","6","10","false","CSH1","7.0","0","6","0","0.8379219927892494","false","0","CSH1","0","0.7"
"5.092920353982301","7.431330824483153E-4","0.19635099913119028","0.7619047619047619","HUMAN|HGNC=4262|UniProtKB=P01242","Growth hormone variant;GH2;PTN002478815;orthologs","GROWTH HORMONE VARIANT (PTHR11417:SF40)","peptide hormone(PC00179)","Homo sapiens","7","9","false","GH2","6.571428571428571","0","7","0","0.8484103572599148","false","0","GH2","634","0.5054945054945055"
"4.415929203539823","0.02222023723119641","0.22645290581162322","0.7142857142857143","HUMAN|HGNC=3423|UniProtKB=P11678","Eosinophil peroxidase;EPX;PTN002479384;orthologs","EOSINOPHIL PEROXIDASE (PTHR11475:SF63)","peroxidase(PC00180)","Homo sapiens","7","9","false","EPO","6.857142857142857","0","7","0","0.8734841035725991","false","0","EPO","5382","0.44761904761904764"
"3.752212389380531","0.024972630843664422","0.2665094339622641","0.3","HUMAN|HGNC=2439|UniProtKB=Q99062","Granulocyte colony-stimulating factor receptor;CSF3R;PTN002507088;orthologs","GRANULOCYTE COLONY-STIMULATING FACTOR RECEPTOR (PTHR23036:SF103)","transmembrane signal receptor(PC00197)","Homo sapiens","5","8","false","CSF3R","16.8","0","5","0","0.8980662078007211","false","0","CSF3R","11308","0.34893617021276596"
"4.088495575221239","0.012642005612135226","0.2445887445887446","0.2916666666666667","HUMAN|HGNC=6193|UniProtKB=P52333","Tyrosine-protein kinase JAK3;JAK3;PTN002521571;orthologs","TYROSINE-PROTEIN KINASE JAK3 (PTHR45807:SF3)","non-receptor tyrosine protein kinase(PC00168)","Homo sapiens","16","8","false","JAK3","7.0","0","16","0","0.885611274991806","false","0","JAK3","7734","0.21212121212121213"
"3.5575221238938055","0.07786567150234508","0.2810945273631841","0.2549019607843137","HUMAN|HGNC=6190|UniProtKB=P23458","Tyrosine-protein kinase JAK1;JAK1;PTN002521577;orthologs","TYROSINE-PROTEIN KINASE JAK1 (PTHR45807:SF5)","non-receptor tyrosine protein kinase(PC00168)","Homo sapiens","18","7","false","JAK1","7.388888888888889","0","18","0","0.9052769583743036","false","0","JAK1","25900","0.1606280193236715"
"3.5575221238938055","0.07805697546709085","0.2810945273631841","0.23529411764705882","HUMAN|HGNC=6192|UniProtKB=O60674","Tyrosine-protein kinase JAK2;JAK2;PTN002521572;orthologs","TYROSINE-PROTEIN KINASE JAK2 (PTHR45807:SF1)","non-receptor tyrosine protein kinase(PC00168)","Homo sapiens","18","7","false","JAK2","7.277777777777778","0","18","0","0.9052769583743036","false","0","JAK2","26896","0.16049382716049382"
"4.384955752212389","0.0","0.2280524722502523","0.0","HUMAN|HGNC=24944|UniProtKB=Q9NX09","DNA damage-inducible transcript 4 protein;DDIT4;PTN002488307;orthologs","DNA DAMAGE-INDUCIBLE TRANSCRIPT 4 PROTEIN (PTHR12478:SF7)",,"Homo sapiens","1","8","false","DDIT4","13.0","0","1","0","0.8746312684365782","false","0","DDIT4","0","0.0"
"4.982300884955753","0.0","0.20071047957371224","0.0","HUMAN|HGNC=3221|UniProtKB=P20827","Ephrin-A1;EFNA1;PTN002477880;orthologs","EPHRIN-A1 (PTHR11304:SF19)","membrane-bound signaling molecule(PC00152)","Homo sapiens","1","9","false","EFNA1","3.0","0","1","0","0.8525073746312685","false","0","EFNA1","0","0.0"
"3.9867256637168142","0.017659783677482794","0.25083240843507215","0.0","HUMAN|HGNC=3386|UniProtKB=P29317","Ephrin type-A receptor 2;EPHA2;PTN002521347;orthologs","EPHRIN TYPE-A RECEPTOR 2 (PTHR24416:SF306)","transmembrane signal receptor(PC00197)","Homo sapiens","3","8","false","EPHA2","9.0","0","3","0","0.8893805309734513","false","0","EPHA2","2790","0.3333333333333333"
"4.982300884955753","0.0","0.20071047957371224","0.0","HUMAN|HGNC=3225|UniProtKB=P52803","Ephrin-A5;EFNA5;PTN002477878;orthologs","EPHRIN-A5 (PTHR11304:SF33)","membrane-bound signaling molecule(PC00152)","Homo sapiens","1","9","false","EFNA5","3.0","0","1","0","0.8525073746312685","false","0","EFNA5","0","0.0"
"3.725663716814159","0.013349137315401341","0.2684085510688836","0.7857142857142857","HUMAN|HGNC=3229|UniProtKB=P01133","Pro-epidermal growth factor;EGF;PTN002551467;orthologs","PRO-EPIDERMAL GROWTH FACTOR (PTHR46513:SF5)","transmembrane signal receptor(PC00197)","Homo sapiens","8","7","false","EGF","9.75","0","8","0","0.8990494919698458","false","0","EGF","3434","0.33620689655172414"
"4.31858407079646","0.0012079459166800444","0.23155737704918034","0.6666666666666666","HUMAN|HGNC=6081|UniProtKB=P01308","Insulin;INS;PTN002479138;orthologs","INSULIN (PTHR11454:SF9)","growth factor(PC00112)","Homo sapiens","9","8","false","INS","7.888888888888889","0","9","0","0.8770894788593903","false","0","INS","654","0.46405228758169936"
"4.1946902654867255","0.0011044917278878019","0.23839662447257384","0.7857142857142857","HUMAN|HGNC=8799|UniProtKB=P04085","Platelet-derived growth factor subunit A;PDGFA;PTN002481185;orthologs","PLATELET-DERIVED GROWTH FACTOR SUBUNIT A (PTHR11633:SF3)","growth factor(PC00112)","Homo sapiens","8","8","false","PDGFA","8.25","0","8","0","0.8816781383153064","false","0","PDGFA","604","0.4852941176470588"
"4.1902654867256635","0.0023536028481826064","0.23864836325237593","0.6388888888888888","HUMAN|HGNC=8800|UniProtKB=P01127","Platelet-derived growth factor subunit B;PDGFB;PTN002481180;orthologs","PLATELET-DERIVED GROWTH FACTOR SUBUNIT B (PTHR11633:SF2)","growth factor(PC00112)","Homo sapiens","9","8","false","PDGFB","7.777777777777778","0","9","0","0.8818420190101606","false","0","PDGFB","1210","0.45751633986928103"
"4.522123893805309","0.0","0.22113502935420745","1.0","HUMAN|HGNC=30620|UniProtKB=Q9GZP0","Platelet-derived growth factor D;PDGFD;PTN002481184;orthologs","PLATELET-DERIVED GROWTH FACTOR D (PTHR11633:SF4)","growth factor(PC00112)","Homo sapiens","7","8","false","PDGFD","8.714285714285714","0","7","0","0.8695509668960997","false","0","PDGFD","0","0.580952380952381"
"4.522123893805309","0.0","0.22113502935420745","1.0","HUMAN|HGNC=8801|UniProtKB=Q9NRA1","Platelet-derived growth factor C;PDGFC;PTN002481183;orthologs","PLATELET-DERIVED GROWTH FACTOR C (PTHR11633:SF5)","growth factor(PC00112)","Homo sapiens","7","8","false","PDGFC","8.714285714285714","0","7","0","0.8695509668960997","false","0","PDGFC","0","0.580952380952381"
"4.146017699115045","0.014758174316616848","0.24119530416221982","0.42424242424242425","HUMAN|HGNC=5464|UniProtKB=P05019","Insulin-like growth factor I;IGF1;PTN002479134;orthologs","INSULIN-LIKE GROWTH FACTOR I (PTHR46845:SF1)","growth factor(PC00112)","Homo sapiens","12","8","false","IGF1","9.333333333333334","0","12","0","0.883480825958702","false","0","IGF1","3198","0.25925925925925924"
"3.725663716814159","0.013349137315401341","0.2684085510688836","0.7857142857142857","HUMAN|HGNC=11765|UniProtKB=P01135","Protransforming growth factor alpha;TGFA;PTN002473309;orthologs","PROTRANSFORMING GROWTH FACTOR ALPHA (PTHR10740:SF1)","growth factor(PC00112)","Homo sapiens","8","7","false","TGFA","9.75","0","8","0","0.8990494919698458","false","0","TGFA","3434","0.33620689655172414"
"3.827433628318584","0.0","0.26127167630057807","0.0","HUMAN|HGNC=3443|UniProtKB=O14944","Proepiregulin;EREG;PTN002473310;orthologs","PROEPIREGULIN (PTHR10740:SF11)","growth factor(PC00112)","Homo sapiens","1","7","false","EREG","18.0","0","1","0","0.8952802359882006","false","0","EREG","0","0.0"
"3.4424778761061945","0.009490485849372371","0.2904884318766067","0.5333333333333333","HUMAN|HGNC=8803|UniProtKB=P16234","Platelet-derived growth factor receptor alpha;PDGFRA;PTN002521308;orthologs","PLATELET-DERIVED GROWTH FACTOR RECEPTOR ALPHA (PTHR24416:SF52)","transmembrane signal receptor(PC00197)","Homo sapiens","6","7","false","PDGFRA","15.0","0","6","0","0.9095378564405112","false","0","PDGFRA","2778","0.2777777777777778"
"3.4469026548672566","0.0036880119987237033","0.2901155327342747","0.7","HUMAN|HGNC=8804|UniProtKB=P09619","Platelet-derived growth factor receptor beta;PDGFRB;PTN002521311;orthologs","PLATELET-DERIVED GROWTH FACTOR RECEPTOR BETA (PTHR24416:SF53)","transmembrane signal receptor(PC00197)","Homo sapiens","5","7","false","PDGFRB","16.6","0","5","0","0.9093739757456573","false","0","PDGFRB","1388","0.3074074074074074"
"3.2787610619469025","0.016762151064757723","0.3049932523616734","0.5909090909090909","HUMAN|HGNC=8975|UniProtKB=P42336","Phosphatidylinositol 4,5-bisphosphate 3-kinase catalytic subunit alpha isoform;PIK3CA;PTN002467587;orthologs","PHOSPHATIDYLINOSITOL 4,5-BISPHOSPHATE 3-KINASE CATALYTIC SUBUNIT ALPHA ISOFORM (PTHR10048:SF107)","kinase(PC00137)","Homo sapiens","12","7","false","PIK3CA","12.083333333333334","0","12","0","0.9156014421501147","false","0","PIK3CA","6700","0.20833333333333334"
"3.4646017699115044","0.0036242999721646726","0.2886334610472542","0.6","HUMAN|HGNC=3431|UniProtKB=P21860","Receptor tyrosine-protein kinase erbB-3;ERBB3;PTN002521391;orthologs","RECEPTOR TYROSINE-PROTEIN KINASE ERBB-3 (PTHR24416:SF88)","transmembrane signal receptor(PC00197)","Homo sapiens","6","7","false","ERBB3","13.5","0","6","0","0.9087184529662407","false","0","ERBB3","1250","0.2755102040816326"
"3.3849557522123894","0.021826043219538013","0.2954248366013072","0.6","HUMAN|HGNC=3430|UniProtKB=P04626","Receptor tyrosine-protein kinase erbB-2;ERBB2;PTN002521386;orthologs","RECEPTOR TYROSINE-PROTEIN KINASE ERBB-2 (PTHR24416:SF137)","transmembrane signal receptor(PC00197)","Homo sapiens","6","6","false","ERBB2","14.166666666666666","0","6","0","0.9116683054736152","false","0","ERBB2","4940","0.2672955974842767"
"3.650442477876106","0.031177720028169213","0.2739393939393939","0.0",,,,,,"6","7","false","LOC102723407","6.666666666666667","0","6","0","0.9018354637823665","false","0","LOC102723407","6386","0.22666666666666666"
"3.0398230088495577","0.1214852772224018","0.32896652110625907","0.3055555555555556","HUMAN|HGNC=11187|UniProtKB=Q07889","Son of sevenless homolog 1;SOS1;PTN002508291;orthologs","SON OF SEVENLESS HOMOLOG 1 (PTHR23113:SF168)","guanyl-nucleotide exchange factor(PC00113)","Homo sapiens","9","7","false","SOS1","14.555555555555555","0","9","0","0.9244509996722385","false","0","SOS1","47650","0.16354556803995007"
"3.1106194690265485","0.2505542295694177","0.32147937411095306","0.42153846153846153","HUMAN|HGNC=9611|UniProtKB=Q05397","Focal adhesion kinase 1;PTK2;PTN002521502;orthologs","FOCAL ADHESION KINASE 1 (PTHR24418:SF78)","non-receptor tyrosine protein kinase(PC00168)","Homo sapiens","26","7","false","PTK2","15.192307692307692","0","26","0","0.9218289085545722","false","0","PTK2","75498","0.18990384615384615"
"6.969026548672566","0.008849557522123894","0.1434920634920635","0.0","HUMAN|HGNC=3285|UniProtKB=P23588","Eukaryotic translation initiation factor 4B;EIF4B;PTN002509600;orthologs","EUKARYOTIC TRANSLATION INITIATION FACTOR 4B (PTHR23236:SF42)","translation initiation factor(PC00224)","Homo sapiens","2","10","false","EIF4B","2.5","0","2","0","0.7789249426417568","false","0","EIF4B","1070","0.5"
"7.964601769911504","0.0","0.12555555555555556","0.0","HUMAN|HGNC=10429|UniProtKB=P62753","Small ribosomal subunit protein eS6;RPS6;PTN002479595;orthologs","SMALL RIBOSOMAL SUBUNIT PROTEIN ES6 (PTHR11502:SF34)","ribosomal protein(PC00202)","Homo sapiens","1","11","false","RPS6","2.0","0","1","0","0.7420517862995739","false","0","RPS6","0","0.0"
"5.982300884955753","0.017620452310717797","0.16715976331360946","0.5","HUMAN|HGNC=3287|UniProtKB=P06730","Eukaryotic translation initiation factor 4E;EIF4E;PTN002485386;orthologs","EUKARYOTIC TRANSLATION INITIATION FACTOR 4E (PTHR11960:SF14)","translation initiation factor(PC00224)","Homo sapiens","4","9","false","EIF4E","3.75","0","4","0","0.8154703375942314","false","0","EIF4E","2136","0.4375"
"5.991150442477876","0.0","0.1669128508124077","1.0","HUMAN|HGNC=3293|UniProtKB=O60573","Eukaryotic translation initiation factor 4E type 2;EIF4E2;PTN002485380;orthologs","EUKARYOTIC TRANSLATION INITIATION FACTOR 4E TYPE 2 (PTHR11960:SF17)","translation initiation factor(PC00224)","Homo sapiens","3","9","false","EIF4E2","4.666666666666667","0","3","0","0.8151425762045231","false","0","EIF4E2","0","0.5833333333333334"
"5.013274336283186","0.043461160275319564","0.1994704324801412","0.42857142857142855","HUMAN|HGNC=3288|UniProtKB=Q13541","Eukaryotic translation initiation factor 4E-binding protein 1;EIF4EBP1;PTN002489290;orthologs","EUKARYOTIC TRANSLATION INITIATION FACTOR 4E-BINDING PROTEIN 1 (PTHR12669:SF14)","translation initiation factor(PC00224)","Homo sapiens","7","8","false","EIF4EBP1","4.142857142857143","0","7","0","0.8513602097672894","false","0","EIF4EBP1","5310","0.37662337662337664"
"5.991150442477876","0.0","0.1669128508124077","1.0","HUMAN|HGNC=33179|UniProtKB=A6NMX2","Eukaryotic translation initiation factor 4E type 1B;EIF4E1B;PTN002485385;orthologs","EUKARYOTIC TRANSLATION INITIATION FACTOR 4E TYPE 1B (PTHR11960:SF3)","translation initiation factor(PC00224)","Homo sapiens","3","9","false","EIF4E1B","4.666666666666667","0","3","0","0.8151425762045231","false","0","EIF4E1B","0","0.5833333333333334"
"5.035398230088496","0.0","0.19859402460456943","1.0","HUMAN|HGNC=10011|UniProtKB=Q15382","GTP-binding protein Rheb;RHEB;PTN002514515;orthologs","GTP-BINDING PROTEIN RHEB (PTHR24070:SF264)","small GTPase(PC00208)","Homo sapiens","4","8","false","RHEB","5.5","0","4","0","0.8505408062930186","false","0","RHEB","0","0.55"
"5.035398230088496","0.0","0.19859402460456943","1.0","HUMAN|HGNC=30287|UniProtKB=Q8N122","Regulatory-associated protein of mTOR;RPTOR;PTN002489925;orthologs","REGULATORY-ASSOCIATED PROTEIN OF MTOR (PTHR12848:SF16)",,"Homo sapiens","4","8","false","RPTOR","5.5","0","4","0","0.8505408062930186","false","0","RPTOR","0","0.55"
"5.035398230088496","0.0","0.19859402460456943","1.0","HUMAN|HGNC=24825|UniProtKB=Q9BVC4","Target of rapamycin complex subunit LST8;MLST8;PTN002500437;orthologs","TARGET OF RAPAMYCIN COMPLEX SUBUNIT LST8 (PTHR19842:SF0)",,"Homo sapiens","4","8","false","MLST8","5.5","0","4","0","0.8505408062930186","false","0","MLST8","0","0.55"
"4.075221238938053","0.09372664700098328","0.24538545059717698","0.3333333333333333","HUMAN|HGNC=3942|UniProtKB=P42345","Serine_threonine-protein kinase mTOR;MTOR;PTN002476698;orthologs","SERINE_THREONINE-PROTEIN KINASE MTOR (PTHR11139:SF9)","non-receptor serine/threonine protein kinase(PC00167)","Homo sapiens","7","7","false","MTOR","5.285714285714286","0","7","0","0.8861029170763685","false","0","MTOR","11586","0.2706766917293233"
"3.4867256637168142","0.05630199165498829","0.28680203045685276","0.19047619047619047","HUMAN|HGNC=3416|UniProtKB=P19235","Erythropoietin receptor;EPOR;PTN002507127;orthologs","ERYTHROPOIETIN RECEPTOR (PTHR23037:SF28)","transmembrane signal receptor(PC00197)","Homo sapiens","7","8","false","EPOR","16.428571428571427","0","7","0","0.9078990494919699","false","0","EPOR","21826","0.26036866359447003"
"3.9026548672566372","0.0","0.25623582766439906","1.0","HUMAN|HGNC=3432|UniProtKB=Q15303","Receptor tyrosine-protein kinase erbB-4;ERBB4;PTN002521394;orthologs","RECEPTOR TYROSINE-PROTEIN KINASE ERBB-4 (PTHR24416:SF90)","transmembrane signal receptor(PC00197)","Homo sapiens","3","7","false","ERBB4","12.333333333333334","0","3","0","0.8924942641756801","false","0","ERBB4","0","0.47435897435897434"
"3.915929203539823","0.010766444657927884","0.25536723163841807","0.16666666666666666","HUMAN|HGNC=7029|UniProtKB=P08581","Hepatocyte growth factor receptor;MET;PTN002521398;orthologs","HEPATOCYTE GROWTH FACTOR RECEPTOR (PTHR24416:SF483)","transmembrane signal receptor(PC00197)","Homo sapiens","4","8","false","MET","9.75","0","4","0","0.8920026220911177","false","0","MET","2282","0.31896551724137934"
"4.597345132743363","0.008918387413962635","0.21751684311838307","0.16666666666666666","HUMAN|HGNC=3665|UniProtKB=P05230","Fibroblast growth factor 1;FGF1;PTN002479524;orthologs","FIBROBLAST GROWTH FACTOR 1 (PTHR11486:SF86)","growth factor(PC00112)","Homo sapiens","4","9","false","FGF1","6.0","0","4","0","0.8667649950835791","false","0","FGF1","6116","0.4230769230769231"
"5.575221238938053","0.008859390363815143","0.17936507936507937","0.0","HUMAN|HGNC=3691|UniProtKB=P22455","Fibroblast growth factor receptor 4;FGFR4;PTN002521279;orthologs","FIBROBLAST GROWTH FACTOR RECEPTOR 4 (PTHR24416:SF343)","transmembrane signal receptor(PC00197)","Homo sapiens","3","10","false","FGFR4","3.0","0","3","0","0.8305473615208129","false","0","FGFR4","6098","0.6666666666666666"
"3.924778761061947","0.013637455734878488","0.2547914317925592","0.26666666666666666","HUMAN|HGNC=3690|UniProtKB=P22607","Fibroblast growth factor receptor 3;FGFR3;PTN002521302;orthologs","FIBROBLAST GROWTH FACTOR RECEPTOR 3 (PTHR24416:SF505)","transmembrane signal receptor(PC00197)","Homo sapiens","6","8","false","FGFR3","7.5","0","6","0","0.8916748607014093","false","0","FGFR3","6498","0.22916666666666666"
"3.8008849557522124","0.04485987049688338","0.2630966239813737","0.03571428571428571","HUMAN|HGNC=3688|UniProtKB=P11362","Fibroblast growth factor receptor 1;FGFR1;PTN002521281;orthologs","FIBROBLAST GROWTH FACTOR RECEPTOR 1 (PTHR24416:SF131)","transmembrane signal receptor(PC00197)","Homo sapiens","8","8","false","FGFR1","6.125","0","8","0","0.8962635201573255","false","0","FGFR1","14926","0.17916666666666667"
"3.920353982300885","0.027825190975711105","0.255079006772009","0.19047619047619047","HUMAN|HGNC=3689|UniProtKB=P21802","Fibroblast growth factor receptor 2;FGFR2;PTN002521278;orthologs","FIBROBLAST GROWTH FACTOR RECEPTOR 2 (PTHR24416:SF130)","transmembrane signal receptor(PC00197)","Homo sapiens","7","8","false","FGFR2","6.285714285714286","0","7","0","0.8918387413962635","false","0","FGFR2","8444","0.1935483870967742"
"4.915929203539823","0.0","0.2034203420342034","0.0","HUMAN|HGNC=3666|UniProtKB=O15520","Fibroblast growth factor 10;FGF10;PTN002479511;orthologs","FIBROBLAST GROWTH FACTOR 10 (PTHR11486:SF21)","growth factor(PC00112)","Homo sapiens","1","9","false","FGF10","7.0","0","1","0","0.8549655850540806","false","0","FGF10","0","0.0"
"6.570796460176991","0.0","0.15218855218855218","0.0","HUMAN|HGNC=3675|UniProtKB=O95750","Fibroblast growth factor 19;FGF19;PTN002479507;orthologs","FIBROBLAST GROWTH FACTOR 19 (PTHR11486:SF74)","growth factor(PC00112)","Homo sapiens","1","11","false","FGF19","3.0","0","1","0","0.7936742051786299","false","0","FGF19","0","0.0"
"4.597345132743363","0.008918387413962635","0.21751684311838307","0.16666666666666666","HUMAN|HGNC=3676|UniProtKB=P09038","Fibroblast growth factor 2;FGF2;PTN002479523;orthologs","FIBROBLAST GROWTH FACTOR 2 (PTHR11486:SF83)","growth factor(PC00112)","Homo sapiens","4","9","false","FGF2","6.0","0","4","0","0.8667649950835791","false","0","FGF2","6116","0.4230769230769231"
"4.79646017699115","0.0","0.20848708487084872","0.0","HUMAN|HGNC=3680|UniProtKB=Q9GZV9","Fibroblast growth factor 23;FGF23;PTN002479509;orthologs","FIBROBLAST GROWTH FACTOR 23 (PTHR11486:SF69)","growth factor(PC00112)","Homo sapiens","1","9","false","FGF23","8.0","0","1","0","0.8593903638151426","false","0","FGF23","0","0.0"
"4.79646017699115","0.0","0.20848708487084872","0.0","HUMAN|HGNC=3682|UniProtKB=P08620","Fibroblast growth factor 4;FGF4;PTN002479508;orthologs","FIBROBLAST GROWTH FACTOR 4 (PTHR11486:SF31)","growth factor(PC00112)","Homo sapiens","1","9","false","FGF4","8.0","0","1","0","0.8593903638151426","false","0","FGF4","0","0.0"
"4.915929203539823","0.0","0.2034203420342034","0.0","HUMAN|HGNC=3685|UniProtKB=P21781","Fibroblast growth factor 7;FGF7;PTN002479512;orthologs","FIBROBLAST GROWTH FACTOR 7 (PTHR11486:SF20)","growth factor(PC00112)","Homo sapiens","1","9","false","FGF7","7.0","0","1","0","0.8549655850540806","false","0","FGF7","0","0.0"
"4.615044247787611","1.4749262536873156E-4","0.21668264621284752","0.3333333333333333","HUMAN|HGNC=3686|UniProtKB=P55075","Fibroblast growth factor 8;FGF8;PTN002479536;orthologs","FIBROBLAST GROWTH FACTOR 8 (PTHR11486:SF3)","growth factor(PC00112)","Homo sapiens","3","9","false","FGF8","7.0","0","3","0","0.8661094723041626","false","0","FGF8","24","0.5555555555555556"
"4.628318584070796","2.949852507374631E-5","0.21606118546845124","0.0","HUMAN|HGNC=3687|UniProtKB=P31371","Fibroblast growth factor 9;FGF9;PTN002479527;orthologs","FIBROBLAST GROWTH FACTOR 9 (PTHR11486:SF28)","growth factor(PC00112)","Homo sapiens","2","9","false","FGF9","7.0","0","2","0","0.8656178302196001","false","0","FGF9","6","0.6666666666666666"
"6.880530973451328","0.0","0.14533762057877814","1.0","HUMAN|HGNC=3763|UniProtKB=P17948","Vascular endothelial growth factor receptor 1;FLT1;PTN002521317;orthologs","VASCULAR ENDOTHELIAL GROWTH FACTOR RECEPTOR 1 (PTHR24416:SF390)","transmembrane signal receptor(PC00197)","Homo sapiens","2","11","false","FLT1","3.0","0","2","0","0.7822025565388396","false","0","FLT1","0","0.75"
"5.889380530973451","0.017620452310717797","0.1697971450037566","0.3333333333333333","HUMAN|HGNC=12681|UniProtKB=P49765","Vascular endothelial growth factor B;VEGFB;PTN002485915;orthologs","VASCULAR ENDOTHELIAL GROWTH FACTOR B (PTHR12025:SF12)","growth factor(PC00112)","Homo sapiens","4","10","false","VEGFB","3.0","0","4","0","0.8189118321861685","false","0","VEGFB","10936","0.5"
"6.880530973451328","0.0","0.14533762057877814","1.0","HUMAN|HGNC=8893|UniProtKB=P49763","Placenta growth factor;PGF;PTN002485917;orthologs","PLACENTA GROWTH FACTOR (PTHR12025:SF9)","growth factor(PC00112)","Homo sapiens","2","11","false","PGF","3.0","0","2","0","0.7822025565388396","false","0","PGF","0","0.75"
"3.995575221238938","0.008849557522123894","0.2502768549280177","0.0","HUMAN|HGNC=3765|UniProtKB=P36888","Receptor-type tyrosine-protein kinase FLT3;FLT3;PTN002521312;orthologs","RECEPTOR-TYPE TYROSINE-PROTEIN KINASE FLT3 (PTHR24416:SF356)","transmembrane signal receptor(PC00197)","Homo sapiens","2","8","false","FLT3","13.0","0","2","0","0.889052769583743","false","0","FLT3","1396","0.5"
"4.991150442477876","0.0","0.20035460992907803","0.0","HUMAN|HGNC=3766|UniProtKB=P49771","Fms-related tyrosine kinase 3 ligand;FLT3LG;PTN002475802;orthologs","FMS-RELATED TYROSINE KINASE 3 LIGAND (PTHR11032:SF1)","cytokine(PC00083)","Homo sapiens","1","9","false","FLT3LG","2.0","0","1","0","0.8521796132415602","false","0","FLT3LG","0","0.0"
"3.9601769911504423","0.021632251720747297","0.25251396648044694","0.3333333333333333","HUMAN|HGNC=3767|UniProtKB=P35916","Vascular endothelial growth factor receptor 3;FLT4;PTN002521318;orthologs","VASCULAR ENDOTHELIAL GROWTH FACTOR RECEPTOR 3 (PTHR24416:SF49)","transmembrane signal receptor(PC00197)","Homo sapiens","3","8","false","FLT4","11.0","0","3","0","0.8903638151425762","false","0","FLT4","10912","0.3950617283950617"
"4.915929203539823","0.013110455588331696","0.2034203420342034","0.5","HUMAN|HGNC=3708|UniProtKB=O43915","Vascular endothelial growth factor D;VEGFD;PTN002485919;orthologs","VASCULAR ENDOTHELIAL GROWTH FACTOR D (PTHR12025:SF11)","growth factor(PC00112)","Homo sapiens","4","9","false","VEGFD","3.5","0","4","0","0.8549655850540806","false","0","VEGFD","8198","0.5"
"4.915929203539823","0.013110455588331696","0.2034203420342034","0.5","HUMAN|HGNC=12682|UniProtKB=P49767","Vascular endothelial growth factor C;VEGFC;PTN002485914;orthologs","VASCULAR ENDOTHELIAL GROWTH FACTOR C (PTHR12025:SF3)","growth factor(PC00112)","Homo sapiens","4","9","false","VEGFC","3.5","0","4","0","0.8549655850540806","false","0","VEGFC","8198","0.5"
"4.761061946902655","3.7037037037037035E-4","0.2100371747211896","0.7","HUMAN|HGNC=3778|UniProtKB=P02751","Fibronectin;FN1;PTN002498994;orthologs","FIBRONECTIN (PTHR46708:SF8)","extracellular matrix protein(PC00102)","Homo sapiens","5","9","false","FN1","18.0","0","5","0","0.8607014093739758","false","0","FN1","62","0.5806451612903226"
"4.853982300884955","0.0","0.20601640838650867","1.0","HUMAN|HGNC=11785|UniProtKB=P07996","Thrombospondin-1;THBS1;PTN002468954;orthologs","THROMBOSPONDIN-1 (PTHR10199:SF78)","cell adhesion molecule(PC00069)","Homo sapiens","2","9","false","THBS1","13.5","0","2","0","0.8572599147820387","false","0","THBS1","0","0.6136363636363636"
"3.8716814159292037","0.00913064844064006","0.2582857142857143","0.6789473684210526","HUMAN|HGNC=6150|UniProtKB=P06756","Integrin alpha-V;ITGAV;PTN002509397;orthologs","INTEGRIN ALPHA-V (PTHR23220:SF4)","integrin(PC00126)","Homo sapiens","20","8","false","ITGAV","15.8","0","20","0","0.8936414290396592","false","0","ITGAV","2878","0.33617021276595743"
"3.8628318584070795","0.020822731513254096","0.2588774341351661","0.5714285714285714","HUMAN|HGNC=6156|UniProtKB=P05106","Integrin beta-3;ITGB3;PTN002467828;orthologs","INTEGRIN BETA-3 (PTHR10082:SF25)","integrin(PC00126)","Homo sapiens","22","8","false","ITGB3","14.5","0","22","0","0.8939691904293674","false","0","ITGB3","5338","0.30851063829787234"
"4.380530973451328","0.0","0.22828282828282825","1.0","HUMAN|HGNC=3821|UniProtKB=O43524","Forkhead box protein O3;FOXO3;PTN002483637;orthologs","FORKHEAD BOX PROTEIN O3-RELATED (PTHR45767:SF4)","winged helix/forkhead transcription factor(PC00246)","Homo sapiens","2","8","false","FOXO3","10.5","0","2","0","0.8747951491314323","false","0","FOXO3","0","0.8076923076923077"
"1.0","0.0","1.0","1.0",,,,,,"2","1","false","G6PC","2.0","0","2","0","1.0","false","0","G6PC","0","1.0"
"1.0","0.0","1.0","1.0","HUMAN|HGNC=24861|UniProtKB=Q9BUM1","Glucose-6-phosphatase 3;G6PC3;PTN002488969;orthologs","GLUCOSE-6-PHOSPHATASE 3 (PTHR12591:SF2)","phosphatase(PC00181)","Homo sapiens","2","1","false","G6PC3","2.0","0","2","0","1.0","false","0","G6PC3","0","1.0"
"1.0","0.0","1.0","1.0","HUMAN|HGNC=28906|UniProtKB=Q9NQR9","Glucose-6-phosphatase 2;G6PC2;PTN002488967;orthologs","GLUCOSE-6-PHOSPHATASE 2 (PTHR12591:SF1)","phosphatase(PC00181)","Homo sapiens","2","1","false","G6PC2","2.0","0","2","0","1.0","false","0","G6PC2","0","1.0"
"1.6666666666666667","0.0","0.6","0.0","HUMAN|HGNC=4232|UniProtKB=P39905","Glial cell line-derived neurotrophic factor;GDNF;PTN002486528;orthologs","GLIAL CELL LINE-DERIVED NEUROTROPHIC FACTOR (PTHR12173:SF1)","neurotrophic factor(PC00163)","Homo sapiens","1","2","false","GDNF","3.0","0","1","0","0.7777777777777777","false","0","GDNF","0","0.0"
"4.491150442477876","0.007159349336504873","0.2226600985221675","0.4","HUMAN|HGNC=9446|UniProtKB=P16471","Prolactin receptor;PRLR;PTN002507071;orthologs","PROLACTIN RECEPTOR (PTHR23036:SF86)","transmembrane signal receptor(PC00197)","Homo sapiens","5","8","false","PRLR","13.4","0","5","0","0.8706981317600787","false","0","PRLR","2840","0.5153846153846153"
"4.491150442477876","0.007159349336504874","0.2226600985221675","0.4","HUMAN|HGNC=4263|UniProtKB=P10912","Growth hormone receptor;GHR;PTN002507078;orthologs","GROWTH HORMONE RECEPTOR (PTHR23036:SF108)","transmembrane signal receptor(PC00197)","Homo sapiens","5","8","false","GHR","13.4","0","5","0","0.8706981317600787","false","0","GHR","2840","0.5153846153846153"
"1.36","0.4582792207792208","0.7352941176470588","0.25","HUMAN|HGNC=4396|UniProtKB=P62873","Guanine nucleotide-binding protein G(I)_G(S)_G(T) subunit beta-1;GNB1;PTN002500457;orthologs","GUANINE NUCLEOTIDE-BINDING PROTEIN G(I)_G(S)_G(T) SUBUNIT BETA-1 (PTHR19850:SF29)","heterotrimeric G-protein(PC00117)","Homo sapiens","16","2","false","GNB1","6.0","0","16","0","0.9775","false","0","GNB1","404","0.24"
"1.8","0.05694444444444444","0.5555555555555556","0.16666666666666666","HUMAN|HGNC=4400|UniProtKB=P16520","Guanine nucleotide-binding protein G(I)_G(S)_G(T) subunit beta-3;GNB3;PTN002500451;orthologs","GUANINE NUCLEOTIDE-BINDING PROTEIN G(I)_G(S)_G(T) SUBUNIT BETA-3 (PTHR19850:SF31)","heterotrimeric G-protein(PC00117)","Homo sapiens","13","3","false","GNB3","5.461538461538462","0","13","0","0.95","false","0","GNB3","130","0.3212669683257919"
"2.12","0.0015873015873015873","0.4716981132075471","0.6","HUMAN|HGNC=14131|UniProtKB=Q9P2W3","Guanine nucleotide-binding protein G(I)_G(S)_G(O) subunit gamma-13;GNG13;PTN002496772;orthologs","GUANINE NUCLEOTIDE-BINDING PROTEIN G(I)_G(S)_G(O) SUBUNIT GAMMA-13 (PTHR15936:SF2)","heterotrimeric G-protein(PC00117)","Homo sapiens","5","3","false","GNG13","10.8","0","5","0","0.9299999999999999","false","0","GNG13","8","0.6352941176470588"
"2.2","5.555555555555556E-4","0.45454545454545453","0.3333333333333333","HUMAN|HGNC=4403|UniProtKB=P61952","Guanine nucleotide-binding protein G(I)_G(S)_G(O) subunit gamma-11;GNG11;PTN002492818;orthologs","GUANINE NUCLEOTIDE-BINDING PROTEIN G(I)_G(S)_G(O) SUBUNIT GAMMA-11 (PTHR13809:SF1)","heterotrimeric G-protein(PC00117)","Homo sapiens","3","3","false","GNG11","13.666666666666666","0","3","0","0.925","false","0","GNG11","4","0.8333333333333334"
"2.16","0.001191919191919192","0.4629629629629629","0.3333333333333333","HUMAN|HGNC=4411|UniProtKB=P63211","Guanine nucleotide-binding protein G(T) subunit gamma-T1;GNGT1;PTN002492819;orthologs","GUANINE NUCLEOTIDE-BINDING PROTEIN G(T) SUBUNIT GAMMA-T1 (PTHR13809:SF26)","heterotrimeric G-protein(PC00117)","Homo sapiens","4","3","false","GNGT1","13.0","0","4","0","0.9275","false","0","GNGT1","8","0.796875"
"2.04","0.01","0.49019607843137253","0.3333333333333333","HUMAN|HGNC=4401|UniProtKB=O14775","Guanine nucleotide-binding protein subunit beta-5;GNB5;PTN002500449;orthologs","GUANINE NUCLEOTIDE-BINDING PROTEIN SUBUNIT BETA-5 (PTHR19850:SF36)","heterotrimeric G-protein(PC00117)","Homo sapiens","7","3","false","GNB5","6.857142857142857","0","7","0","0.935","false","0","GNB5","28","0.40336134453781514"
"2.12","0.0027792207792207793","0.4716981132075471","0.3","HUMAN|HGNC=4405|UniProtKB=P63215","Guanine nucleotide-binding protein G(I)_G(S)_G(O) subunit gamma-3;GNG3;PTN002492812;orthologs","GUANINE NUCLEOTIDE-BINDING PROTEIN G(I)_G(S)_G(O) SUBUNIT GAMMA-3 (PTHR13809:SF11)","heterotrimeric G-protein(PC00117)","Homo sapiens","5","3","false","GNG3","11.8","0","5","0","0.9299999999999999","false","0","GNG3","14","0.725"
"2.16","0.001191919191919192","0.4629629629629629","0.3333333333333333","HUMAN|HGNC=19664|UniProtKB=Q9UK08","Guanine nucleotide-binding protein G(I)_G(S)_G(O) subunit gamma-8;GNG8;PTN002492815;orthologs","GUANINE NUCLEOTIDE-BINDING PROTEIN G(I)_G(S)_G(O) SUBUNIT GAMMA-8 (PTHR13809:SF19)","heterotrimeric G-protein(PC00117)","Homo sapiens","4","3","false","GNG8","13.0","0","4","0","0.9275","false","0","GNG8","8","0.796875"
"1.88","0.03583333333333334","0.5319148936170213","0.18181818181818182","HUMAN|HGNC=4398|UniProtKB=P62879","Guanine nucleotide-binding protein G(I)_G(S)_G(T) subunit beta-2;GNB2;PTN002500452;orthologs","GUANINE NUCLEOTIDE-BINDING PROTEIN G(I)_G(S)_G(T) SUBUNIT BETA-2 (PTHR19850:SF27)","heterotrimeric G-protein(PC00117)","Homo sapiens","11","3","false","GNB2","5.7272727272727275","0","11","0","0.9450000000000001","false","0","GNB2","90","0.33689839572192515"
"1.76","0.07777922077922078","0.5681818181818182","0.26666666666666666","HUMAN|HGNC=4404|UniProtKB=P59768","Guanine nucleotide-binding protein G(I)_G(S)_G(O) subunit gamma-2;GNG2;PTN002492814;orthologs","GUANINE NUCLEOTIDE-BINDING PROTEIN G(I)_G(S)_G(O) SUBUNIT GAMMA-2 (PTHR13809:SF25)","heterotrimeric G-protein(PC00117)","Homo sapiens","6","2","false","GNG2","11.5","0","6","0","0.9525","false","0","GNG2","86","0.4722222222222222"
"2.12","0.0027792207792207793","0.4716981132075471","0.3","HUMAN|HGNC=4408|UniProtKB=P63218","Guanine nucleotide-binding protein G(I)_G(S)_G(O) subunit gamma-5;GNG5;PTN002492807;orthologs","GUANINE NUCLEOTIDE-BINDING PROTEIN G(I)_G(S)_G(O) SUBUNIT GAMMA-5-RELATED (PTHR13809:SF5)","heterotrimeric G-protein(PC00117)","Homo sapiens","5","3","false","GNG5","11.8","0","5","0","0.9299999999999999","false","0","GNG5","14","0.725"
"2.16","0.001191919191919192","0.4629629629629629","0.3333333333333333","HUMAN|HGNC=19663|UniProtKB=Q9UBI6","Guanine nucleotide-binding protein G(I)_G(S)_G(O) subunit gamma-12;GNG12;PTN002492821;orthologs","GUANINE NUCLEOTIDE-BINDING PROTEIN G(I)_G(S)_G(O) SUBUNIT GAMMA-12 (PTHR13809:SF9)","heterotrimeric G-protein(PC00117)","Homo sapiens","4","3","false","GNG12","13.0","0","4","0","0.9275","false","0","GNG12","8","0.796875"
"2.16","0.001191919191919192","0.4629629629629629","0.3333333333333333","HUMAN|HGNC=4402|UniProtKB=P50151","Guanine nucleotide-binding protein G(I)_G(S)_G(O) subunit gamma-10;GNG10;PTN002492809;orthologs","GUANINE NUCLEOTIDE-BINDING PROTEIN G(I)_G(S)_G(O) SUBUNIT GAMMA-10 (PTHR13809:SF6)","heterotrimeric G-protein(PC00117)","Homo sapiens","4","3","false","GNG10","13.0","0","4","0","0.9275","false","0","GNG10","8","0.796875"
"2.12","0.0027792207792207793","0.4716981132075471","0.3","HUMAN|HGNC=4407|UniProtKB=P50150","Guanine nucleotide-binding protein G(I)_G(S)_G(O) subunit gamma-4;GNG4;PTN002492813;orthologs","GUANINE NUCLEOTIDE-BINDING PROTEIN G(I)_G(S)_G(O) SUBUNIT GAMMA-4 (PTHR13809:SF21)","heterotrimeric G-protein(PC00117)","Homo sapiens","5","3","false","GNG4","11.8","0","5","0","0.9299999999999999","false","0","GNG4","14","0.725"
"2.16","0.001191919191919192","0.4629629629629629","0.3333333333333333",,,,,,"4","3","false","GNGT2","13.0","0","4","0","0.9275","false","0","GNGT2","8","0.796875"
"2.08","0.004445887445887446","0.4807692307692307","0.4666666666666667","HUMAN|HGNC=4410|UniProtKB=O60262","Guanine nucleotide-binding protein G(I)_G(S)_G(O) subunit gamma-7;GNG7;PTN002492820;orthologs","GUANINE NUCLEOTIDE-BINDING PROTEIN G(I)_G(S)_G(O) SUBUNIT GAMMA-7 (PTHR13809:SF8)","heterotrimeric G-protein(PC00117)","Homo sapiens","6","3","false","GNG7","10.666666666666666","0","6","0","0.9325","false","0","GNG7","16","0.6274509803921569"
"1.84","0.05694444444444444","0.5434782608695652","0.015151515151515152","HUMAN|HGNC=20731|UniProtKB=Q9HAV0","Guanine nucleotide-binding protein subunit beta-4;GNB4;PTN002500459;orthologs","GUANINE NUCLEOTIDE-BINDING PROTEIN SUBUNIT BETA-4 (PTHR19850:SF28)","heterotrimeric G-protein(PC00117)","Homo sapiens","12","3","false","GNB4","4.583333333333333","0","12","0","0.9475","false","0","GNB4","130","0.5357142857142857"
"3.7787610619469025","0.0","0.2646370023419204","1.0","HUMAN|HGNC=11188|UniProtKB=Q07890","Son of sevenless homolog 2;SOS2;PTN002508290;orthologs","SON OF SEVENLESS HOMOLOG 2 (PTHR23113:SF150)","guanyl-nucleotide exchange factor(PC00113)","Homo sapiens","2","8","false","SOS2","17.0","0","2","0","0.8970829236315963","false","0","SOS2","0","0.5862068965517241"
"3.9601769911504423","0.021632251720747297","0.25251396648044694","0.3333333333333333","HUMAN|HGNC=6307|UniProtKB=P35968","Vascular endothelial growth factor receptor 2;KDR;PTN002521309;orthologs","VASCULAR ENDOTHELIAL GROWTH FACTOR RECEPTOR 2 (PTHR24416:SF45)","transmembrane signal receptor(PC00197)","Homo sapiens","3","8","false","KDR","11.0","0","3","0","0.8903638151425762","false","0","KDR","10912","0.3950617283950617"
"3.685840707964602","0.015333041589678761","0.27130852340936373","0.16666666666666666","HUMAN|HGNC=6342|UniProtKB=P10721","Mast_stem cell growth factor receptor Kit;KIT;PTN002521310;orthologs","MAST_STEM CELL GROWTH FACTOR RECEPTOR KIT (PTHR24416:SF46)","transmembrane signal receptor(PC00197)","Homo sapiens","4","8","false","KIT","13.25","0","4","0","0.9005244182235332","false","0","KIT","3008","0.31875"
"3.9026548672566372","0.010259048943075826","0.25623582766439906","0.4","HUMAN|HGNC=6091|UniProtKB=P06213","Insulin receptor;INSR;PTN002521380;orthologs","INSULIN RECEPTOR (PTHR24416:SF535)","transmembrane signal receptor(PC00197)","Homo sapiens","5","8","false","INSR","11.2","0","5","0","0.8924942641756801","false","0","INSR","2570","0.2972972972972973"
"3.938053097345133","0.013268837752511841","0.2539325842696629","0.0","HUMAN|HGNC=8031|UniProtKB=P04629","High affinity nerve growth factor receptor;NTRK1;PTN002521367;orthologs","HIGH AFFINITY NERVE GROWTH FACTOR RECEPTOR (PTHR24416:SF370)","transmembrane signal receptor(PC00197)","Homo sapiens","3","8","false","NTRK1","10.666666666666666","0","3","0","0.8911832186168469","false","0","NTRK1","4966","0.35802469135802467"
"6.3584070796460175","0.0","0.15727209464161448","0.0","HUMAN|HGNC=4617|UniProtKB=P49841","Glycogen synthase kinase-3 beta;GSK3B;PTN002514197;orthologs","GLYCOGEN SYNTHASE KINASE-3 BETA (PTHR24057:SF8)","non-receptor serine/threonine protein kinase(PC00167)","Homo sapiens","1","10","false","GSK3B","16.0","0","1","0","0.801540478531629","false","0","GSK3B","0","0.0"
"5.3628318584070795","0.12528196844126047","0.18646864686468648","0.5","HUMAN|HGNC=9299|UniProtKB=P67775","Serine_threonine-protein phosphatase 2A catalytic subunit alpha isoform;PPP2CA;PTN002481573;orthologs","SERINE_THREONINE-PROTEIN PHOSPHATASE 2A CATALYTIC SUBUNIT ALPHA ISOFORM (PTHR45619:SF12)","protein phosphatase(PC00195)","Homo sapiens","16","9","false","PPP2CA","8.75","0","16","0","0.8384136348738118","false","0","PPP2CA","50370","0.4791666666666667"
"1.0","0.0","1.0","0.0","HUMAN|HGNC=4706|UniProtKB=P13807","Glycogen [starch] synthase, muscle;GYS1;PTN002468693;orthologs","GLYCOGEN [STARCH] SYNTHASE, MUSCLE (PTHR10176:SF2)",,"Homo sapiens","1","1","false","GYS1","1.0","0","1","0","1.0","false","0","GYS1","0","0.0"
"1.0","0.0","1.0","0.0","HUMAN|HGNC=4707|UniProtKB=P54840","Glycogen [starch] synthase, liver;GYS2;PTN002468692;orthologs","GLYCOGEN [STARCH] SYNTHASE, LIVER (PTHR10176:SF1)",,"Homo sapiens","1","1","false","GYS2","1.0","0","1","0","1.0","false","0","GYS2","0","0.0"
"4.79646017699115","0.0023430317692550834","0.20848708487084872","0.0","HUMAN|HGNC=4893|UniProtKB=P14210","Hepatocyte growth factor;HGF;PTN002543447;orthologs","HEPATOCYTE GROWTH FACTOR (PTHR24261:SF8)","serine protease(PC00203)","Homo sapiens","2","9","false","HGF","3.5","0","2","0","0.8593903638151426","false","0","HGF","498","0.5"
"5.261061946902655","9.709327399127119E-4","0.1900756938603869","0.3333333333333333","HUMAN|HGNC=6023|UniProtKB=P13232","Interleukin-7;IL7;PTN009232805;orthologs","INTERLEUKIN-7 (PTHR48492:SF1)",,"Homo sapiens","3","9","false","IL7","5.666666666666667","0","3","0","0.8421828908554573","false","0","IL7","226","0.48484848484848486"
"3.4911504424778763","0.037401083103191395","0.2864385297845374","0.38095238095238093","HUMAN|HGNC=5173|UniProtKB=P01112","GTPase HRas;HRAS;PTN002514531;orthologs","GTPASE HRAS (PTHR24070:SF385)","small GTPase(PC00208)","Homo sapiens","7","7","false","HRAS","11.142857142857142","0","7","0","0.9077351687971157","false","0","HRAS","18606","0.2857142857142857"
"4.132743362831858","0.0","0.24197002141327623","1.0","HUMAN|HGNC=7989|UniProtKB=P01111","GTPase NRas;NRAS;PTN002514539;orthologs","GTPASE NRAS (PTHR24070:SF189)","small GTPase(PC00208)","Homo sapiens","3","8","false","NRAS","9.0","0","3","0","0.8839724680432645","false","0","NRAS","0","0.5"
"3.756637168141593","0.0016143823400460566","0.2661955241460542","0.8333333333333334","HUMAN|HGNC=8978|UniProtKB=P48736","Phosphatidylinositol 4,5-bisphosphate 3-kinase catalytic subunit gamma isoform;PIK3CG;PTN002467584;orthologs","PHOSPHATIDYLINOSITOL 4,5-BISPHOSPHATE 3-KINASE CATALYTIC SUBUNIT GAMMA ISOFORM (PTHR10048:SF34)","kinase(PC00137)","Homo sapiens","9","8","false","PIK3CG","10.777777777777779","0","9","0","0.8979023271058669","false","0","PIK3CG","408","0.38492063492063494"
"1.0","0.0","1.0","0.0",,,,,,"1","1","false","IFNA1","1.0","0","1","0","1.0","false","0","IFNA1","0","0.0"
"1.0","0.0","1.0","0.0",,,,,,"1","1","false","IFNA13","1.0","0","1","0","1.0","false","0","IFNA13","0","0.0"
"5.508849557522124","0.0","0.18152610441767067","1.0","HUMAN|HGNC=5423|UniProtKB=P01563","Interferon alpha-2;IFNA2;PTN002481941;orthologs","INTERFERON ALPHA-2 (PTHR11691:SF70)","interferon superfamily(PC00127)","Homo sapiens","2","9","false","IFNA2","5.5","0","2","0","0.833005571943625","false","0","IFNA2","0","0.9166666666666666"
"4.517699115044247","0.013235004916420845","0.22135161606268366","0.4666666666666667","HUMAN|HGNC=5432|UniProtKB=P17181","Interferon alpha_beta receptor 1;IFNAR1;PTN002500972;orthologs","INTERFERON ALPHA_BETA RECEPTOR 1 (PTHR20859:SF54)","transmembrane signal receptor(PC00197)","Homo sapiens","6","8","false","IFNAR1","10.0","0","6","0","0.8697148475909537","false","0","IFNAR1","5484","0.49166666666666664"
"4.522123893805309","0.004385447394296952","0.22113502935420745","0.7","HUMAN|HGNC=5433|UniProtKB=P48551","Interferon alpha_beta receptor 2;IFNAR2;PTN002500974;orthologs","INTERFERON ALPHA_BETA RECEPTOR 2 (PTHR20859:SF84)","transmembrane signal receptor(PC00197)","Homo sapiens","5","8","false","IFNAR2","12.0","0","5","0","0.8695509668960997","false","0","IFNAR2","2740","0.5714285714285714"
"5.513274336283186","0.0","0.1813804173354735","0.0","HUMAN|HGNC=5434|UniProtKB=P01574","Interferon beta;IFNB1;PTN002481928;orthologs","INTERFERON BETA (PTHR11691:SF73)","interferon superfamily(PC00127)","Homo sapiens","1","9","false","IFNB1","6.0","0","1","0","0.8328416912487709","false","0","IFNB1","0","0.0"
"5.004424778761062","0.0","0.19982316534040673","1.0","HUMAN|HGNC=5466|UniProtKB=P01344","Insulin-like growth factor II;IGF2;PTN002479133;orthologs","INSULIN-LIKE GROWTH FACTOR II (PTHR46886:SF1)","growth factor(PC00112)","Homo sapiens","2","9","false","IGF2","9.5","0","2","0","0.8516879711569977","false","0","IGF2","0","0.7307692307692307"
"4.3097345132743365","0.006123630655732195","0.23203285420944558","0.38095238095238093","HUMAN|HGNC=5465|UniProtKB=P08069","Insulin-like growth factor 1 receptor;IGF1R;PTN002521385;orthologs","INSULIN-LIKE GROWTH FACTOR 1 RECEPTOR (PTHR24416:SF106)","transmembrane signal receptor(PC00197)","Homo sapiens","7","9","false","IGF1R","10.428571428571429","0","7","0","0.8774172402490987","false","0","IGF1R","1424","0.3067226890756303"
"3.8584070796460175","0.005931336283810105","0.2591743119266055","0.3333333333333333","HUMAN|HGNC=6125|UniProtKB=P35568","Insulin receptor substrate 1;IRS1;PTN002472012;orthologs","INSULIN RECEPTOR SUBSTRATE 1 (PTHR10614:SF11)","scaffold/adaptor protein(PC00226)","Homo sapiens","3","8","false","IRS1","12.333333333333334","0","3","0","0.8941330711242216","false","0","IRS1","1412","0.3870967741935484"
"4.442477876106195","0.001848274454428047","0.2250996015936255","0.6","HUMAN|HGNC=6001|UniProtKB=P60568","Interleukin-2;IL2;PTN009232676;orthologs","INTERLEUKIN-2 (PTHR48487:SF1)",,"Homo sapiens","5","8","false","IL2","9.2","0","5","0","0.8725008194034742","false","0","IL2","344","0.391304347826087"
"4.482300884955753","1.9665683382497542E-5","0.22309970384995062","0.8666666666666667","HUMAN|HGNC=6009|UniProtKB=P14784","Interleukin-2 receptor subunit beta;IL2RB;PTN002507137;orthologs","INTERLEUKIN-2 RECEPTOR SUBUNIT BETA (PTHR23037:SF30)","transmembrane signal receptor(PC00197)","Homo sapiens","6","8","false","IL2RB","12.166666666666666","0","6","0","0.871025893149787","false","0","IL2RB","4","0.553030303030303"
"4.460176991150442","0.008663917455504556","0.22420634920634921","0.4666666666666667","HUMAN|HGNC=6010|UniProtKB=P31785","Cytokine receptor common subunit gamma;IL2RG;PTN002507111;orthologs","CYTOKINE RECEPTOR COMMON SUBUNIT GAMMA (PTHR23036:SF172)","transmembrane signal receptor(PC00197)","Homo sapiens","10","8","false","IL2RG","8.4","0","10","0","0.8718452966240577","false","0","IL2RG","4194","0.3652173913043478"
"4.482300884955753","1.9665683382497542E-5","0.22309970384995062","0.8666666666666667","HUMAN|HGNC=6008|UniProtKB=P01589","Interleukin-2 receptor subunit alpha;IL2RA;PTN002471660;orthologs","INTERLEUKIN-2 RECEPTOR SUBUNIT ALPHA (PTHR10573:SF0)","transmembrane signal receptor(PC00197)","Homo sapiens","6","8","false","IL2RA","12.166666666666666","0","6","0","0.871025893149787","false","0","IL2RA","4","0.553030303030303"
"5.451327433628318","0.0","0.18344155844155846","1.0","HUMAN|HGNC=6014|UniProtKB=P05112","Interleukin-4;IL4;PTN000156013;orthologs","INTERLEUKIN-4 (PTHR47401:SF1)","interleukin superfamily(PC00128)","Homo sapiens","2","9","false","IL4","7.5","0","2","0","0.835136020976729","false","0","IL4","0","0.75"
"4.508849557522124","0.003414245470579559","0.22178606476938173","0.7","HUMAN|HGNC=6024|UniProtKB=P16871","Interleukin-7 receptor subunit alpha;IL7R;PTN002507130;orthologs","INTERLEUKIN-7 RECEPTOR SUBUNIT ALPHA (PTHR23037:SF27)","transmembrane signal receptor(PC00197)","Homo sapiens","5","8","false","IL7R","13.0","0","5","0","0.870042608980662","false","0","IL7R","1498","0.5909090909090909"
"4.517699115044247","0.00414483197408757","0.22135161606268366","0.7","HUMAN|HGNC=6015|UniProtKB=P24394","Interleukin-4 receptor subunit alpha;IL4R;PTN002507126;orthologs","INTERLEUKIN-4 RECEPTOR SUBUNIT ALPHA (PTHR23037:SF32)","transmembrane signal receptor(PC00197)","Homo sapiens","5","8","false","IL4R","12.8","0","5","0","0.8697148475909537","false","0","IL4R","2584","0.6095238095238096"
"5.5265486725663715","0.0","0.18094475580464373","0.0","HUMAN|HGNC=6011|UniProtKB=P08700","Interleukin-3;IL3;PTN009232735;orthologs","INTERLEUKIN-3 (PTHR48489:SF1)",,"Homo sapiens","1","9","false","IL3","4.0","0","1","0","0.8323500491642085","false","0","IL3","0","0.0"
"4.530973451327434","0.008849557522123894","0.220703125","0.5","HUMAN|HGNC=6012|UniProtKB=P26951","Interleukin-3 receptor subunit alpha;IL3RA;PTN002507104;orthologs","INTERLEUKIN-3 RECEPTOR SUBUNIT ALPHA (PTHR23036:SF179)","transmembrane signal receptor(PC00197)","Homo sapiens","4","8","false","IL3RA","13.25","0","4","0","0.8692232055063913","false","0","IL3RA","2758","0.6842105263157895"
"5.5265486725663715","0.0","0.18094475580464373","0.0","HUMAN|HGNC=6018|UniProtKB=P05231","Interleukin-6;IL6;PTN002554292;orthologs","INTERLEUKIN-6 (PTHR48494:SF1)",,"Homo sapiens","1","9","false","IL6","4.0","0","1","0","0.8323500491642085","false","0","IL6","0","0.0"
"4.530973451327434","0.008849557522123894","0.220703125","0.5","HUMAN|HGNC=6019|UniProtKB=P08887","Interleukin-6 receptor subunit alpha;IL6R;PTN002507094;orthologs","INTERLEUKIN-6 RECEPTOR SUBUNIT ALPHA (PTHR23036:SF98)","transmembrane signal receptor(PC00197)","Homo sapiens","4","8","false","IL6R","13.25","0","4","0","0.8692232055063913","false","0","IL6R","2758","0.6842105263157895"
"3.933628318584071","0.0","0.2542182227221597","1.0","HUMAN|HGNC=6134|UniProtKB=P56199","Integrin alpha-1;ITGA1;PTN002509395;orthologs","INTEGRIN ALPHA-1 (PTHR23220:SF22)","integrin(PC00126)","Homo sapiens","16","8","false","ITGA1","18.25","0","16","0","0.8913470993117011","false","0","ITGA1","0","0.49324324324324326"
"3.9292035398230087","2.8874501440873123E-4","0.2545045045045045","0.8970588235294118","HUMAN|HGNC=6158|UniProtKB=P16144","Integrin beta-4;ITGB4;PTN002467832;orthologs","INTEGRIN BETA-4 (PTHR10082:SF42)","integrin(PC00126)","Homo sapiens","17","8","false","ITGB4","17.470588235294116","0","17","0","0.8915109800065553","false","0","ITGB4","76","0.47217806041335453"
"3.933628318584071","0.0","0.2542182227221597","1.0","HUMAN|HGNC=6163|UniProtKB=P26012","Integrin beta-8;ITGB8;PTN002467834;orthologs","INTEGRIN BETA-8 (PTHR10082:SF9)","integrin(PC00126)","Homo sapiens","16","8","false","ITGB8","18.25","0","16","0","0.8913470993117011","false","0","ITGB8","0","0.49324324324324326"
"3.933628318584071","0.0","0.2542182227221597","1.0","HUMAN|HGNC=6162|UniProtKB=P26010","Integrin beta-7;ITGB7;PTN002467833;orthologs","INTEGRIN BETA-7 (PTHR10082:SF36)","integrin(PC00126)","Homo sapiens","16","8","false","ITGB7","18.25","0","16","0","0.8913470993117011","false","0","ITGB7","0","0.49324324324324326"
"3.933628318584071","0.0","0.2542182227221597","1.0","HUMAN|HGNC=6144|UniProtKB=P53708","Integrin alpha-8;ITGA8;PTN002509415;orthologs","INTEGRIN ALPHA-8 (PTHR23220:SF5)","integrin(PC00126)","Homo sapiens","16","8","false","ITGA8","18.25","0","16","0","0.8913470993117011","false","0","ITGA8","0","0.49324324324324326"
"3.933628318584071","0.0","0.2542182227221597","1.0","HUMAN|HGNC=6140|UniProtKB=P13612","Integrin alpha-4;ITGA4;PTN002509412;orthologs","INTEGRIN ALPHA-4 (PTHR23220:SF78)","integrin(PC00126)","Homo sapiens","16","8","false","ITGA4","18.25","0","16","0","0.8913470993117011","false","0","ITGA4","0","0.49324324324324326"
"3.933628318584071","0.0","0.2542182227221597","1.0","HUMAN|HGNC=6161|UniProtKB=P18564","Integrin beta-6;ITGB6;PTN002467823;orthologs","INTEGRIN BETA-6 (PTHR10082:SF11)","integrin(PC00126)","Homo sapiens","16","8","false","ITGB6","18.25","0","16","0","0.8913470993117011","false","0","ITGB6","0","0.49324324324324326"
"3.9292035398230087","0.002710169542027951","0.2545045045045045","0.8970588235294118","HUMAN|HGNC=6160|UniProtKB=P18084","Integrin beta-5;ITGB5;PTN002467826;orthologs","INTEGRIN BETA-5 (PTHR10082:SF26)","integrin(PC00126)","Homo sapiens","17","8","false","ITGB5","17.294117647058822","0","17","0","0.8915109800065553","false","0","ITGB5","1186","0.46740858505564387"
"3.933628318584071","0.0","0.2542182227221597","1.0","HUMAN|HGNC=6136|UniProtKB=Q9UKX5","Integrin alpha-11;ITGA11;PTN002509384;orthologs","INTEGRIN ALPHA-11 (PTHR23220:SF21)","integrin(PC00126)","Homo sapiens","16","8","false","ITGA11","18.25","0","16","0","0.8913470993117011","false","0","ITGA11","0","0.49324324324324326"
"3.933628318584071","0.0","0.2542182227221597","1.0","HUMAN|HGNC=6139|UniProtKB=P26006","Integrin alpha-3;ITGA3;PTN002509381;orthologs","INTEGRIN ALPHA-3 (PTHR23220:SF89)","integrin(PC00126)","Homo sapiens","16","8","false","ITGA3","18.25","0","16","0","0.8913470993117011","false","0","ITGA3","0","0.49324324324324326"
"3.933628318584071","0.0","0.2542182227221597","1.0","HUMAN|HGNC=6135|UniProtKB=O75578","Integrin alpha-10;ITGA10;PTN002509410;orthologs","INTEGRIN ALPHA-10 (PTHR23220:SF26)","integrin(PC00126)","Homo sapiens","16","8","false","ITGA10","18.25","0","16","0","0.8913470993117011","false","0","ITGA10","0","0.49324324324324326"
"3.933628318584071","0.0","0.2542182227221597","1.0","HUMAN|HGNC=6137|UniProtKB=P17301","Integrin alpha-2;ITGA2;PTN002509390;orthologs","INTEGRIN ALPHA-2 (PTHR23220:SF23)","integrin(PC00126)","Homo sapiens","16","8","false","ITGA2","18.25","0","16","0","0.8913470993117011","false","0","ITGA2","0","0.49324324324324326"
"3.9867256637168142","0.0","0.25083240843507215","1.0","HUMAN|HGNC=6138|UniProtKB=P08514","Integrin alpha-IIb;ITGA2B;PTN002509414;orthologs","INTEGRIN ALPHA-IIB (PTHR23220:SF73)","integrin(PC00126)","Homo sapiens","4","8","false","ITGA2B","23.75","0","4","0","0.8893805309734513","false","0","ITGA2B","0","0.6418918918918919"
"4.845132743362832","0.0","0.20639269406392693","1.0","HUMAN|HGNC=12724|UniProtKB=P04004","Vitronectin;VTN;PTN002505584;orthologs","VITRONECTIN (PTHR22917:SF3)",,"Homo sapiens","3","9","false","VTN","19.333333333333332","0","3","0","0.8575876761717469","false","0","VTN","0","0.8405797101449275"
"3.9911504424778763","0.034147987571521494","0.25055432372505543","0.6","HUMAN|HGNC=6142|UniProtKB=P23229","Integrin alpha-6;ITGA6;PTN002509377;orthologs","INTEGRIN ALPHA-6 (PTHR23220:SF9)","integrin(PC00126)","Homo sapiens","6","8","false","ITGA6","16.0","0","6","0","0.8892166502785971","false","0","ITGA6","18734","0.41025641025641024"
"4.765486725663717","0.025719902826210568","0.20984215413184773","0.4888888888888889","HUMAN|HGNC=6486|UniProtKB=P07942","Laminin subunit beta-1;LAMB1;PTN002471681;orthologs","LAMININ SUBUNIT ALPHA-5-RELATED (PTHR24035:SF127)","extracellular matrix protein(PC00102)","Homo sapiens","10","9","false","LAMB1","8.2","0","10","0","0.8605375286791216","false","0","LAMB1","13966","0.2411764705882353"
"4.778761061946903","0.013770619957614905","0.20925925925925926","0.6190476190476191","HUMAN|HGNC=6485|UniProtKB=O15230","Laminin subunit alpha-5;LAMA5;PTN002471746;orthologs","LAMININ SUBUNIT ALPHA-5-RELATED (PTHR24035:SF127)","extracellular matrix protein(PC00102)","Homo sapiens","7","9","false","LAMA5","10.142857142857142","0","7","0","0.8600458865945592","false","0","LAMA5","6976","0.29831932773109243"
"4.769911504424779","0.017148942485338717","0.20964749536178107","0.5277777777777778",,,,,,"9","9","false","LAMC1","8.777777777777779","0","9","0","0.8603736479842674","false","0","LAMC1","11634","0.2581699346405229"
"4.039823008849558","0.0","0.24753559693318727","1.0","HUMAN|HGNC=6143|UniProtKB=Q13683","Integrin alpha-7;ITGA7;PTN002509383;orthologs","INTEGRIN ALPHA-7 (PTHR23220:SF90)","integrin(PC00126)","Homo sapiens","2","8","false","ITGA7","26.5","0","2","0","0.8874139626352014","false","0","ITGA7","0","0.803030303030303"
"4.039823008849558","0.0","0.24753559693318727","1.0","HUMAN|HGNC=6145|UniProtKB=Q13797","Integrin alpha-9;ITGA9;PTN002509392;orthologs","INTEGRIN ALPHA-9 (PTHR23220:SF69)","integrin(PC00126)","Homo sapiens","2","8","false","ITGA9","26.5","0","2","0","0.8874139626352014","false","0","ITGA9","0","0.803030303030303"
"4.787610619469026","0.003243196153319979","0.2088724584103512","0.8","HUMAN|HGNC=6481|UniProtKB=P25391","Laminin subunit alpha-1;LAMA1;PTN002471755;orthologs","LAMININ SUBUNIT ALPHA-1 (PTHR15036:SF81)","cell adhesion molecule(PC00069)","Homo sapiens","6","9","false","LAMA1","11.166666666666666","0","6","0","0.8597181252048508","false","0","LAMA1","2438","0.3383838383838384"
"4.345132743362832","0.0016650278597181265","0.23014256619144602","0.0","HUMAN|HGNC=9393|UniProtKB=P17252","Protein kinase C alpha type;PRKCA;PTN002519431;orthologs","PROTEIN KINASE C ALPHA TYPE (PTHR24356:SF193)","non-receptor serine/threonine protein kinase(PC00167)","Homo sapiens","2","9","false","PRKCA","15.5","0","2","0","0.8761061946902655","false","0","PRKCA","188","0.5"
"4.539823008849558","0.0","0.2202729044834308","1.0","HUMAN|HGNC=8507|UniProtKB=Q99650","Oncostatin-M-specific receptor subunit beta;OSMR;PTN002507074;orthologs","ONCOSTATIN-M-SPECIFIC RECEPTOR SUBUNIT BETA (PTHR23036:SF95)","transmembrane signal receptor(PC00197)","Homo sapiens","3","8","false","OSMR","17.333333333333332","0","3","0","0.868895444116683","false","0","OSMR","0","0.9122807017543859"
"3.663716814159292","0.004912807664927025","0.27294685990338163","0.0","HUMAN|HGNC=6215|UniProtKB=Q15046","Lysine--tRNA ligase;KARS1;PTN002534078;orthologs","LYSINE--TRNA LIGASE (PTHR42918:SF9)","aminoacyl-tRNA synthetase(PC00047)","Homo sapiens","3","8","false","SYK","16.333333333333332","0","3","0","0.9013438216978039","false","0","SYK","2624","0.36507936507936506"
"4.68141592920354","0.0","0.21361058601134214","0.0","HUMAN|HGNC=6343|UniProtKB=P21583","Kit ligand;KITLG;PTN002480434;orthologs","KIT LIGAND (PTHR11574:SF0)",,"Homo sapiens","1","9","false","KITLG","4.0","0","1","0","0.8636512618813504","false","0","KITLG","0","0.0"
"4.199115044247788","0.006811725054914369","0.23814541622760801","0.8","HUMAN|HGNC=6871|UniProtKB=P28482","Mitogen-activated protein kinase 1;MAPK1;PTN002514000;orthologs","MITOGEN-ACTIVATED PROTEIN KINASE 1 (PTHR24055:SF584)","non-receptor serine/threonine protein kinase(PC00167)","Homo sapiens","5","8","false","MAPK1","7.4","0","5","0","0.8815142576204523","false","0","MAPK1","4678","0.4625"
"4.004424778761062","0.02655353720771035","0.24972375690607734","0.5714285714285714","HUMAN|HGNC=6840|UniProtKB=Q02750","Dual specificity mitogen-activated protein kinase kinase 1;MAP2K1;PTN002519704;orthologs","DUAL SPECIFICITY MITOGEN-ACTIVATED PROTEIN KINASE KINASE 1 (PTHR48013:SF5)","non-receptor serine/threonine protein kinase(PC00167)","Homo sapiens","7","8","false","MAP2K1","8.285714285714286","0","7","0","0.8887250081940347","false","0","MAP2K1","15840","0.34523809523809523"
"5.716814159292035","4.0249098656178293E-4","0.17492260061919507","0.5","HUMAN|HGNC=6487|UniProtKB=P55268","Laminin subunit beta-2;LAMB2;PTN002471680;orthologs","LAMININ SUBUNIT ALPHA-5-RELATED (PTHR24035:SF127)","extracellular matrix protein(PC00102)","Homo sapiens","9","10","false","LAMB2","6.0","0","9","0","0.8253031792854801","false","0","LAMB2","52","0.5"
"5.738938053097345","2.2943297279580463E-5","0.17424826522744796","0.8","HUMAN|HGNC=6482|UniProtKB=P24043","Laminin subunit alpha-2;LAMA2;PTN002471752;orthologs","LAMININ SUBUNIT ALPHA-2 (PTHR15036:SF65)","cell adhesion molecule(PC00069)","Homo sapiens","5","10","false","LAMA2","7.6","0","5","0","0.8244837758112094","false","0","LAMA2","4","0.6909090909090909"
"5.743362831858407","9.832841691248771E-6","0.17411402157164868","0.8333333333333334","HUMAN|HGNC=6494|UniProtKB=Q9Y6N6","Laminin subunit gamma-3;LAMC3;PTN002471705;orthologs","LAMININ SUBUNIT ALPHA-5-RELATED (PTHR24035:SF127)","extracellular matrix protein(PC00102)","Homo sapiens","4","10","false","LAMC3","7.0","0","4","0","0.8243198951163554","false","0","LAMC3","2","0.6363636363636364"
"5.734513274336283","0.005897082923631607","0.1743827160493827","0.5","HUMAN|HGNC=6483|UniProtKB=Q16787","Laminin subunit alpha-3;LAMA3;PTN002471743;orthologs","LAMININ SUBUNIT ALPHA-3 (PTHR15036:SF34)","cell adhesion molecule(PC00069)","Homo sapiens","5","10","false","LAMA3","6.8","0","5","0","0.8246476565060635","false","0","LAMA3","4676","0.5666666666666667"
"5.738938053097345","0.002949196984595219","0.17424826522744796","0.5","HUMAN|HGNC=6493|UniProtKB=Q13753","Laminin subunit gamma-2;LAMC2;PTN002471704;orthologs","LAMININ SUBUNIT GAMMA-2-RELATED (PTHR24033:SF232)",,"Homo sapiens","4","10","false","LAMC2","5.75","0","4","0","0.8244837758112094","false","0","LAMC2","2338","0.4791666666666667"
"6.721238938053097","0.0","0.1487820934825543","1.0","HUMAN|HGNC=6490|UniProtKB=Q13751","Laminin subunit beta-3;LAMB3;PTN002471674;orthologs","LAMININ SUBUNIT ALPHA-5-RELATED (PTHR24035:SF127)","extracellular matrix protein(PC00102)","Homo sapiens","2","11","false","LAMB3","4.5","0","2","0","0.788102261553589","false","0","LAMB3","0","0.75"
"5.743362831858407","9.832841691248771E-6","0.17411402157164868","0.8333333333333334","HUMAN|HGNC=6484|UniProtKB=Q16363","Laminin subunit alpha-4;LAMA4;PTN002549656;orthologs","LAMININ SUBUNIT ALPHA-4 (PTHR15036:SF47)","cell adhesion molecule(PC00069)","Homo sapiens","4","10","false","LAMA4","8.0","0","4","0","0.8243198951163554","false","0","LAMA4","2","0.7272727272727273"
"4.420353982300885","0.02220028254787449","0.22622622622622623","0.0","HUMAN|HGNC=7808|UniProtKB=P01138","Beta-nerve growth factor;NGF;PTN002480696;orthologs","BETA-NERVE GROWTH FACTOR (PTHR11589:SF10)","neurotrophic factor(PC00163)","Homo sapiens","3","8","false","NGF","4.666666666666667","0","3","0","0.873320222877745","false","0","NGF","5104","0.36666666666666664"
"1.0","1.0","1.0","0.0","HUMAN|HGNC=23034|UniProtKB=Q6P9H4","Connector enhancer of kinase suppressor of ras 3;CNKSR3;PTN002489899;orthologs","CONNECTOR ENHANCER OF KINASE SUPPRESSOR OF RAS 3 (PTHR12844:SF17)","scaffold/adaptor protein(PC00226)","Homo sapiens","2","1","false","MAGI1","1.0","0","2","0","1.0","false","0","MAGI1","2","0.0"
"1.5","0.0","0.6666666666666666","0.0","HUMAN|HGNC=18957|UniProtKB=Q86UL8","Membrane-associated guanylate kinase, WW and PDZ domain-containing protein 2;MAGI2;PTN002469883;orthologs","MEMBRANE-ASSOCIATED GUANYLATE KINASE, WW AND PDZ DOMAIN-CONTAINING PROTEIN 2 (PTHR10316:SF27)",,"Homo sapiens","1","2","false","MAGI2","2.0","0","1","0","0.75","false","0","MAGI2","0","0.0"
"1.5","0.0","0.6666666666666666","0.0","HUMAN|HGNC=9588|UniProtKB=P60484","Phosphatidylinositol 3,4,5-trisphosphate 3-phosphatase and dual-specificity protein phosphatase PTEN;PTEN;PTN002487381;orthologs","PHOSPHATIDYLINOSITOL 3,4,5-TRISPHOSPHATE 3-PHOSPHATASE AND DUAL-SPECIFICITY PROTEIN PHOSPHATASE PTEN (PTHR12305:SF81)","protein phosphatase(PC00195)","Homo sapiens","1","2","false","PTEN","2.0","0","1","0","0.75","false","0","PTEN","0","0.0"
"4.522123893805309","0.001331959857033603","0.22113502935420745","0.8","HUMAN|HGNC=6842|UniProtKB=P36507","Dual specificity mitogen-activated protein kinase kinase 2;MAP2K2;PTN002519703;orthologs","DUAL SPECIFICITY MITOGEN-ACTIVATED PROTEIN KINASE KINASE 2 (PTHR48013:SF8)","non-receptor serine/threonine protein kinase(PC00167)","Homo sapiens","5","8","false","MAP2K2","8.0","0","5","0","0.8695509668960997","false","0","MAP2K2","430","0.42105263157894735"
"4.5","0.13215339233038348","0.2222222222222222","0.6","HUMAN|HGNC=6888|UniProtKB=Q16644","MAP kinase-activated protein kinase 3;MAPKAPK3;PTN002519234;orthologs","MAP KINASE-ACTIVATED PROTEIN KINASE 3 (PTHR24349:SF64)","non-receptor serine/threonine protein kinase(PC00167)","Homo sapiens","5","8","false","MAPK3","9.2","0","5","0","0.8703703703703703","false","0","MAPK3","53600","0.32142857142857145"
"6.411504424778761","0.0","0.15596963423050378","0.0","HUMAN|HGNC=6973|UniProtKB=Q00987","E3 ubiquitin-protein ligase Mdm2;MDM2;PTN002493095;orthologs","E3 UBIQUITIN-PROTEIN LIGASE MDM2 (PTHR46858:SF13)",,"Homo sapiens","1","10","false","MDM2","4.0","0","1","0","0.7995739101933792","false","0","MDM2","0","0.0"
"1.0","0.0","1.0","1.0","HUMAN|HGNC=7423|UniProtKB=P56278","Protein p13 MTCP-1;MTCP1;PTN002493725;orthologs","PROTEIN P13 MTCP-1 (PTHR14060:SF8)",,"Homo sapiens","2","1","false","MTCP1","2.0","0","2","0","1.0","false","0","MTCP1","0","1.0"
"1.0","0.0","1.0","1.0","HUMAN|HGNC=11649|UniProtKB=O95988","T-cell leukemia_lymphoma protein 1B;TCL1B;PTN002493723;orthologs","T-CELL LEUKEMIA_LYMPHOMA PROTEIN 1B (PTHR14060:SF2)",,"Homo sapiens","2","1","false","TCL1B","2.0","0","2","0","1.0","false","0","TCL1B","0","1.0"
"1.0","0.0","1.0","1.0","HUMAN|HGNC=11648|UniProtKB=P56279","T-cell leukemia_lymphoma protein 1A;TCL1A;PTN002493724;orthologs","T-CELL LEUKEMIA_LYMPHOMA PROTEIN 1A (PTHR14060:SF4)",,"Homo sapiens","2","1","false","TCL1A","2.0","0","2","0","1.0","false","0","TCL1A","0","1.0"
"5.061946902654867","0.008849557522123894","0.19755244755244755","0.0","HUMAN|HGNC=10436|UniProtKB=P23443","Ribosomal protein S6 kinase beta-1;RPS6KB1;PTN002519343;orthologs","RIBOSOMAL PROTEIN S6 KINASE BETA-1 (PTHR24351:SF48)","protein modifying enzyme(PC00260)","Homo sapiens","2","8","false","RPS6KB1","4.0","0","2","0","0.8495575221238938","false","0","RPS6KB1","1070","0.5"
"1.0","0.0","1.0","0.0","HUMAN|HGNC=7794|UniProtKB=P19838","Nuclear factor NF-kappa-B p105 subunit;NFKB1;PTN002516581;orthologs","NUCLEAR FACTOR NF-KAPPA-B P105 SUBUNIT (PTHR24169:SF9)","Rel homology transcription factor(PC00252)","Homo sapiens","1","1","false","NFKB1","1.0","0","1","0","1.0","false","0","NFKB1","0","0.0"
"1.0","0.0","1.0","0.0","HUMAN|HGNC=9955|UniProtKB=Q04206","Transcription factor p65;RELA;PTN002516588;orthologs","TRANSCRIPTION FACTOR P65 (PTHR24169:SF1)","Rel homology transcription factor(PC00252)","Homo sapiens","1","1","false","RELA","1.0","0","1","0","1.0","false","0","RELA","0","0.0"
"1.6666666666666667","0.0","0.6","0.0","HUMAN|HGNC=8007|UniProtKB=Q99748","Neurturin;NRTN;PTN002486533;orthologs","NEURTURIN (PTHR12173:SF3)","neurotrophic factor(PC00163)","Homo sapiens","1","2","false","NRTN","3.0","0","1","0","0.7777777777777777","false","0","NRTN","0","0.0"
"1.0","0.0","1.0","0.0","HUMAN|HGNC=8724|UniProtKB=P35558","Phosphoenolpyruvate carboxykinase, cytosolic [GTP];PCK1;PTN002480248;orthologs","PHOSPHOENOLPYRUVATE CARBOXYKINASE, CYTOSOLIC [GTP] (PTHR11561:SF18)","kinase(PC00137)","Homo sapiens","1","1","false","PCK1","1.0","0","1","0","1.0","false","0","PCK1","0","0.0"
"1.0","0.0","1.0","0.0","HUMAN|HGNC=8725|UniProtKB=Q16822","Phosphoenolpyruvate carboxykinase [GTP], mitochondrial;PCK2;PTN002480250;orthologs","PHOSPHOENOLPYRUVATE CARBOXYKINASE [GTP], MITOCHONDRIAL (PTHR11561:SF11)","kinase(PC00137)","Homo sapiens","1","1","false","PCK2","1.0","0","1","0","1.0","false","0","PCK2","0","0.0"
"5.110619469026549","0.008247835399387407","0.19567099567099566","0.3333333333333333","HUMAN|HGNC=9406|UniProtKB=Q16513","Serine_threonine-protein kinase N2;PKN2;PTN002519417;orthologs","SERINE_THREONINE-PROTEIN KINASE N2 (PTHR24356:SF322)","non-receptor serine/threonine protein kinase(PC00167)","Homo sapiens","4","9","false","PKN2","4.0","0","4","0","0.8477548344804982","false","0","PKN2","2608","0.3409090909090909"
"1.0","0.0","1.0","0.0","HUMAN|HGNC=20610|UniProtKB=O60346","PH domain leucine-rich repeat-containing protein phosphatase 1;PHLPP1;PTN002543759;orthologs","PH DOMAIN LEUCINE-RICH REPEAT-CONTAINING PROTEIN PHOSPHATASE 1 (PTHR45752:SF58)","scaffold/adaptor protein(PC00226)","Homo sapiens","1","1","false","PHLPP1","1.0","0","1","0","1.0","false","0","PHLPP1","0","0.0"
"1.0","0.0","1.0","0.0","HUMAN|HGNC=29149|UniProtKB=Q6ZVD8","PH domain leucine-rich repeat-containing protein phosphatase 2;PHLPP2;PTN002543761;orthologs","PH DOMAIN LEUCINE-RICH REPEAT-CONTAINING PROTEIN PHOSPHATASE 2 (PTHR45752:SF10)","scaffold/adaptor protein(PC00226)","Homo sapiens","1","1","false","PHLPP2","1.0","0","1","0","1.0","false","0","PHLPP2","0","0.0"
"3.893805309734513","3.652198342463829E-5","0.25681818181818183","0.9166666666666666","HUMAN|HGNC=8980|UniProtKB=O00459","Phosphatidylinositol 3-kinase regulatory subunit beta;PIK3R2;PTN002468388;orthologs","PHOSPHATIDYLINOSITOL 3-KINASE REGULATORY SUBUNIT BETA (PTHR10155:SF1)","kinase modulator(PC00140)","Homo sapiens","9","8","false","PIK3R2","10.777777777777779","0","9","0","0.8928220255653884","false","0","PIK3R2","12","0.41452991452991456"
"3.730088495575221","0.003374482536377382","0.2680901542111507","0.7777777777777778","HUMAN|HGNC=8981|UniProtKB=Q92569","Phosphatidylinositol 3-kinase regulatory subunit gamma;PIK3R3;PTN002468393;orthologs","PHOSPHATIDYLINOSITOL 3-KINASE REGULATORY SUBUNIT GAMMA (PTHR10155:SF2)","kinase modulator(PC00140)","Homo sapiens","10","8","false","PIK3R3","12.2","0","10","0","0.8988856112749919","false","0","PIK3R3","992","0.26521739130434785"
"3.893805309734513","3.652198342463829E-5","0.25681818181818183","0.9166666666666666","HUMAN|HGNC=8976|UniProtKB=P42338","Phosphatidylinositol 4,5-bisphosphate 3-kinase catalytic subunit beta isoform;PIK3CB;PTN002467581;orthologs","PHOSPHATIDYLINOSITOL 4,5-BISPHOSPHATE 3-KINASE CATALYTIC SUBUNIT BETA ISOFORM (PTHR10048:SF33)","kinase(PC00137)","Homo sapiens","9","8","false","PIK3CB","10.777777777777779","0","9","0","0.8928220255653884","false","0","PIK3CB","12","0.41452991452991456"
"3.893805309734513","3.652198342463829E-5","0.25681818181818183","0.9166666666666666","HUMAN|HGNC=8977|UniProtKB=O00329","Phosphatidylinositol 4,5-bisphosphate 3-kinase catalytic subunit delta isoform;PIK3CD;PTN002467582;orthologs","PHOSPHATIDYLINOSITOL 4,5-BISPHOSPHATE 3-KINASE CATALYTIC SUBUNIT DELTA ISOFORM (PTHR10048:SF35)","kinase(PC00137)","Homo sapiens","9","8","false","PIK3CD","10.777777777777779","0","9","0","0.8928220255653884","false","0","PIK3CD","12","0.41452991452991456"
"3.9026548672566372","0.0","0.25623582766439906","1.0","HUMAN|HGNC=27101|UniProtKB=Q5UE93","Phosphoinositide 3-kinase regulatory subunit 6;PIK3R6;PTN002496290;orthologs","PHOSPHOINOSITIDE 3-KINASE REGULATORY SUBUNIT 6 (PTHR15593:SF1)","kinase modulator(PC00140)","Homo sapiens","8","8","false","PIK3R6","11.375","0","8","0","0.8924942641756801","false","0","PIK3R6","0","0.455"
"3.9026548672566372","0.0","0.25623582766439906","1.0","HUMAN|HGNC=30035|UniProtKB=Q8WYR1","Phosphoinositide 3-kinase regulatory subunit 5;PIK3R5;PTN002496291;orthologs","PHOSPHOINOSITIDE 3-KINASE REGULATORY SUBUNIT 5 (PTHR15593:SF2)","kinase modulator(PC00140)","Homo sapiens","8","8","false","PIK3R5","11.375","0","8","0","0.8924942641756801","false","0","PIK3R5","0","0.455"
"5.199115044247788","0.003879347370863204","0.19234042553191488","0.6666666666666666","HUMAN|HGNC=9405|UniProtKB=Q16512","Serine_threonine-protein kinase N1;PKN1;PTN002519413;orthologs","SERINE_THREONINE-PROTEIN KINASE N1 (PTHR24356:SF246)","non-receptor serine/threonine protein kinase(PC00167)","Homo sapiens","3","9","false","PKN1","5.0","0","3","0","0.8444772205834153","false","0","PKN1","1714","0.45454545454545453"
"6.101769911504425","0.0","0.16388687454677303","1.0","HUMAN|HGNC=17999|UniProtKB=Q6P5Z2","Serine_threonine-protein kinase N3;PKN3;PTN002519416;orthologs","SERINE_THREONINE-PROTEIN KINASE N3 (PTHR24356:SF318)","non-receptor serine/threonine protein kinase(PC00167)","Homo sapiens","2","10","false","PKN3","3.5","0","2","0","0.8110455588331694","false","0","PKN3","0","0.875"
"6.345132743362832","0.0","0.15760111576011157","1.0","HUMAN|HGNC=9310|UniProtKB=Q15173","Serine_threonine-protein phosphatase 2A 56 kDa regulatory subunit beta isoform;PPP2R5B;PTN002469491;orthologs","SERINE_THREONINE-PROTEIN PHOSPHATASE 2A 56 KDA REGULATORY SUBUNIT BETA ISOFORM (PTHR10257:SF4)","protein phosphatase(PC00195)","Homo sapiens","4","10","false","PPP2R5B","14.25","0","4","0","0.8020321206161914","false","0","PPP2R5B","0","0.890625"
"6.300884955752212","2.47553495341106E-4","0.15870786516853932","0.6593406593406593","HUMAN|HGNC=9300|UniProtKB=P62714","Serine_threonine-protein phosphatase 2A catalytic subunit beta isoform;PPP2CB;PTN002481546;orthologs","SERINE_THREONINE-PROTEIN PHOSPHATASE 2A CATALYTIC SUBUNIT BETA ISOFORM (PTHR45619:SF44)","protein phosphatase(PC00195)","Homo sapiens","14","10","false","PPP2CB","9.714285714285714","0","14","0","0.8036709275647328","false","0","PPP2CB","62","0.6071428571428571"
"6.314159292035399","5.810741208971297E-5","0.15837421163279605","0.8363636363636363","HUMAN|HGNC=9309|UniProtKB=Q15172","Serine_threonine-protein phosphatase 2A 56 kDa regulatory subunit alpha isoform;PPP2R5A;PTN002469492;orthologs","SERINE_THREONINE-PROTEIN PHOSPHATASE 2A 56 KDA REGULATORY SUBUNIT ALPHA ISOFORM (PTHR10257:SF6)","protein phosphatase(PC00195)","Homo sapiens","11","10","false","PPP2R5A","11.0","0","11","0","0.8031792854801704","false","0","PPP2R5A","18","0.6875"
"6.323008849557522","4.9164208456243854E-6","0.1581525542337299","0.9722222222222222","HUMAN|HGNC=9307|UniProtKB=Q06190","Serine_threonine-protein phosphatase 2A regulatory subunit B'' subunit alpha;PPP2R3A;PTN002493775;orthologs","SERINE_THREONINE-PROTEIN PHOSPHATASE 2A REGULATORY SUBUNIT B'' SUBUNIT ALPHA (PTHR14095:SF3)","protein phosphatase(PC00195)","Homo sapiens","9","10","false","PPP2R3A","12.222222222222221","0","9","0","0.8028515240904622","false","0","PPP2R3A","2","0.7638888888888888"
"6.3053097345132745","1.9937257105398696E-4","0.15859649122807018","0.6794871794871795","HUMAN|HGNC=9303|UniProtKB=P30154","Serine_threonine-protein phosphatase 2A 65 kDa regulatory subunit A beta isoform;PPP2R1B;PTN002472510;orthologs","SERINE_THREONINE-PROTEIN PHOSPHATASE 2A 65 KDA REGULATORY SUBUNIT A BETA ISOFORM (PTHR10648:SF9)","phosphatase modulator(PC00184)","Homo sapiens","13","10","false","PPP2R1B","9.923076923076923","0","13","0","0.8035070468698788","false","0","PPP2R1B","50","0.6201923076923077"
"6.300884955752212","2.47553495341106E-4","0.15870786516853932","0.6593406593406593","HUMAN|HGNC=9302|UniProtKB=P30153","Serine_threonine-protein phosphatase 2A 65 kDa regulatory subunit A alpha isoform;PPP2R1A;PTN002472509;orthologs","SERINE_THREONINE-PROTEIN PHOSPHATASE 2A 65 KDA REGULATORY SUBUNIT A ALPHA ISOFORM (PTHR10648:SF2)","phosphatase modulator(PC00184)","Homo sapiens","14","10","false","PPP2R1A","9.714285714285714","0","14","0","0.8036709275647328","false","0","PPP2R1A","62","0.6071428571428571"
"6.3097345132743365","9.088355106054223E-5","0.1584852734922861","0.7878787878787878","HUMAN|HGNC=9304|UniProtKB=P63151","Serine_threonine-protein phosphatase 2A 55 kDa regulatory subunit B alpha isoform;PPP2R2A;PTN002484072;orthologs","SERINE_THREONINE-PROTEIN PHOSPHATASE 2A 55 KDA REGULATORY SUBUNIT B ALPHA ISOFORM (PTHR11871:SF2)","protein phosphatase(PC00195)","Homo sapiens","12","10","false","PPP2R2A","10.666666666666666","0","12","0","0.8033431661750247","false","0","PPP2R2A","28","0.6666666666666666"
"6.336283185840708","0.0","0.15782122905027932","1.0","HUMAN|HGNC=9313|UniProtKB=Q16537","Serine_threonine-protein phosphatase 2A 56 kDa regulatory subunit epsilon isoform;PPP2R5E;PTN002469493;orthologs","SERINE_THREONINE-PROTEIN PHOSPHATASE 2A 56 KDA REGULATORY SUBUNIT EPSILON ISOFORM (PTHR10257:SF80)","protein phosphatase(PC00195)","Homo sapiens","6","10","false","PPP2R5E","13.0","0","6","0","0.8023598820058998","false","0","PPP2R5E","0","0.8125"
"6.331858407079646","0.0","0.15793151642208247","1.0","HUMAN|HGNC=9306|UniProtKB=Q9Y2T4","Serine_threonine-protein phosphatase 2A 55 kDa regulatory subunit B gamma isoform;PPP2R2C;PTN002484071;orthologs","SERINE_THREONINE-PROTEIN PHOSPHATASE 2A 55 KDA REGULATORY SUBUNIT B GAMMA ISOFORM (PTHR11871:SF5)","protein phosphatase(PC00195)","Homo sapiens","7","10","false","PPP2R2C","12.571428571428571","0","7","0","0.8025237627007539","false","0","PPP2R2C","0","0.7857142857142857"
"6.327433628318584","0.0","0.15804195804195806","1.0","HUMAN|HGNC=13417|UniProtKB=Q9Y5P8","Serine_threonine-protein phosphatase 2A regulatory subunit B'' subunit beta;PPP2R3B;PTN002493774;orthologs","SERINE_THREONINE-PROTEIN PHOSPHATASE 2A REGULATORY SUBUNIT B'' SUBUNIT BETA (PTHR14095:SF1)","protein phosphatase(PC00195)","Homo sapiens","8","10","false","PPP2R3B","12.25","0","8","0","0.802687643395608","false","0","PPP2R3B","0","0.765625"
"6.331858407079646","0.0","0.15793151642208247","1.0","HUMAN|HGNC=9305|UniProtKB=Q00005","Serine_threonine-protein phosphatase 2A 55 kDa regulatory subunit B beta isoform;PPP2R2B;PTN002484073;orthologs","SERINE_THREONINE-PROTEIN PHOSPHATASE 2A 55 KDA REGULATORY SUBUNIT B BETA ISOFORM (PTHR11871:SF1)","protein phosphatase(PC00195)","Homo sapiens","7","10","false","PPP2R2B","12.571428571428571","0","7","0","0.8025237627007539","false","0","PPP2R2B","0","0.7857142857142857"
"6.3097345132743365","9.088355106054223E-5","0.1584852734922861","0.7878787878787878","HUMAN|HGNC=23732|UniProtKB=Q66LE6","Serine_threonine-protein phosphatase 2A 55 kDa regulatory subunit B delta isoform;PPP2R2D;PTN002484074;orthologs","SERINE_THREONINE-PROTEIN PHOSPHATASE 2A 55 KDA REGULATORY SUBUNIT B DELTA ISOFORM (PTHR11871:SF6)","protein phosphatase(PC00195)","Homo sapiens","12","10","false","PPP2R2D","10.666666666666666","0","12","0","0.8033431661750247","false","0","PPP2R2D","28","0.6666666666666666"
"6.31858407079646","3.244837758112094E-5","0.15826330532212887","0.8888888888888888","HUMAN|HGNC=9311|UniProtKB=Q13362","Serine_threonine-protein phosphatase 2A 56 kDa regulatory subunit gamma isoform;PPP2R5C;PTN002469495;orthologs","SERINE_THREONINE-PROTEIN PHOSPHATASE 2A 56 KDA REGULATORY SUBUNIT GAMMA ISOFORM (PTHR10257:SF3)","protein phosphatase(PC00195)","Homo sapiens","10","10","false","PPP2R5C","11.5","0","10","0","0.8030154047853162","false","0","PPP2R5C","10","0.71875"
"6.331858407079646","0.0","0.15793151642208247","1.0","HUMAN|HGNC=9312|UniProtKB=Q14738","Serine_threonine-protein phosphatase 2A 56 kDa regulatory subunit delta isoform;PPP2R5D;PTN002469496;orthologs","SERINE_THREONINE-PROTEIN PHOSPHATASE 2A 56 KDA REGULATORY SUBUNIT DELTA ISOFORM (PTHR10257:SF89)","protein phosphatase(PC00195)","Homo sapiens","7","10","false","PPP2R5D","13.142857142857142","0","7","0","0.8025237627007539","false","0","PPP2R5D","0","0.8214285714285714"
"1.0","0.0","1.0","0.0","HUMAN|HGNC=9376|UniProtKB=Q13131","5'-AMP-activated protein kinase catalytic subunit alpha-1;PRKAA1;PTN002519077;orthologs","5'-AMP-ACTIVATED PROTEIN KINASE CATALYTIC SUBUNIT ALPHA-1 (PTHR24343:SF306)","non-receptor serine/threonine protein kinase(PC00167)","Homo sapiens","1","1","false","PRKAA1","1.0","0","1","0","1.0","false","0","PRKAA1","0","0.0"
"1.0","0.0","1.0","0.0","HUMAN|HGNC=9377|UniProtKB=P54646","5'-AMP-activated protein kinase catalytic subunit alpha-2;PRKAA2;PTN002519085;orthologs","5'-AMP-ACTIVATED PROTEIN KINASE CATALYTIC SUBUNIT ALPHA-2 (PTHR24343:SF303)","non-receptor serine/threonine protein kinase(PC00167)","Homo sapiens","1","1","false","PRKAA2","1.0","0","1","0","1.0","false","0","PRKAA2","0","0.0"
"4.6371681415929205","0.017620452310717797","0.21564885496183206","0.3333333333333333","HUMAN|HGNC=10810|UniProtKB=O00141","Serine_threonine-protein kinase Sgk1;SGK1;PTN002519459;orthologs","SERINE_THREONINE-PROTEIN KINASE SGK1 (PTHR24356:SF300)","non-receptor serine/threonine protein kinase(PC00167)","Homo sapiens","3","8","false","SGK1","5.666666666666667","0","3","0","0.8652900688298919","false","0","SGK1","4440","0.38095238095238093"
"6.057522123893805","0.0","0.16508400292184078","0.0","HUMAN|HGNC=10437|UniProtKB=Q9UBS0","Ribosomal protein S6 kinase beta-2;RPS6KB2;PTN002519342;orthologs","RIBOSOMAL PROTEIN S6 KINASE BETA-2 (PTHR24351:SF171)","protein modifying enzyme(PC00260)","Homo sapiens","1","9","false","RPS6KB2","2.0","0","1","0","0.812684365781711","false","0","RPS6KB2","0","0.0"
"5.628318584070796","0.0","0.17767295597484278","1.0","HUMAN|HGNC=13900|UniProtKB=Q9HBY8","Serine_threonine-protein kinase Sgk2;SGK2;PTN002519457;orthologs","SERINE_THREONINE-PROTEIN KINASE SGK2 (PTHR24356:SF197)","non-receptor serine/threonine protein kinase(PC00167)","Homo sapiens","2","9","false","SGK2","2.5","0","2","0","0.8285807931825631","false","0","SGK2","0","0.8333333333333334"
"5.628318584070796","0.0","0.17767295597484278","1.0","HUMAN|HGNC=10812|UniProtKB=Q96BR1","Serine_threonine-protein kinase Sgk3;SGK3;PTN002519456;orthologs","SERINE_THREONINE-PROTEIN KINASE SGK3 (PTHR24356:SF121)","non-receptor serine/threonine protein kinase(PC00167)","Homo sapiens","2","9","false","SGK3","2.5","0","2","0","0.8285807931825631","false","0","SGK3","0","0.8333333333333334"
"6.411504424778761","0.0","0.15596963423050378","0.0","HUMAN|HGNC=11389|UniProtKB=Q15831","Serine_threonine-protein kinase STK11;STK11;PTN002545067;orthologs","SERINE_THREONINE-PROTEIN KINASE STK11 (PTHR43895:SF150)",,"Homo sapiens","1","10","false","STK11","4.0","0","1","0","0.7995739101933792","false","0","STK11","0","0.0"
"1.0","0.0","1.0","0.0","HUMAN|HGNC=11848|UniProtKB=O60603","Toll-like receptor 2;TLR2;PTN002519779;orthologs","TOLL-LIKE RECEPTOR 2 (PTHR24365:SF17)","transmembrane signal receptor(PC00197)","Homo sapiens","1","1","false","TLR2","1.0","0","1","0","1.0","false","0","TLR2","0","0.0"
"1.0","0.0","1.0","0.0","HUMAN|HGNC=11850|UniProtKB=O00206","Toll-like receptor 4;TLR4;PTN002549955;orthologs","TOLL-LIKE RECEPTOR 4 (PTHR24365:SF521)","transmembrane signal receptor(PC00197)","Homo sapiens","1","1","false","TLR4","1.0","0","1","0","1.0","false","0","TLR4","0","0.0"
"4.185840707964601","0.0024451519694129076","0.23890063424947147","0.7142857142857143","HUMAN|HGNC=12363|UniProtKB=P49815","Tuberin;TSC2;PTN002467644;orthologs","TUBERIN (PTHR10063:SF0)","GTPase-activating protein(PC00257)","Homo sapiens","7","8","false","TSC2","8.142857142857142","0","7","0","0.8820058997050148","false","0","TSC2","766","0.4444444444444444"
"4.31858407079646","0.0","0.23155737704918034","1.0","HUMAN|HGNC=12852|UniProtKB=P61981","14-3-3 protein gamma;YWHAG;PTN002497939;orthologs","14-3-3 PROTEIN GAMMA (PTHR18860:SF22)","scaffold/adaptor protein(PC00226)","Homo sapiens","6","8","false","YWHAG","9.166666666666666","0","6","0","0.8770894788593903","false","0","YWHAG","0","0.5392156862745098"
