#node1	node2	node1_string_id	node2_string_id	neighborhood_on_chromosome	gene_fusion	phylogenetic_cooccurrence	homology	coexpression	experimentally_determined_interaction	database_annotated	automated_textmining	combined_score
ABL1	MAPK1	9606.ENSP00000361423	9606.ENSP00000215832	0	0	0	0.588	0.064	0.110	0	0.695	0.724
ABL1	SOS2	9606.ENSP00000361423	9606.ENSP00000216373	0	0	0	0	0.049	0.178	0	0.559	0.625
ABL1	NFKB1	9606.ENSP00000361423	9606.ENSP00000226574	0	0	0	0	0.085	0.095	0	0.434	0.490
ABL1	FLT3	9606.ENSP00000361423	9606.ENSP00000241453	0	0	0	0.600	0.095	0.215	0	0.346	0.495
ABL1	PLCG1	9606.ENSP00000361423	9606.ENSP00000244007	0	0	0	0.548	0.091	0.361	0	0.176	0.479
ABL1	RAC2	9606.ENSP00000361423	9606.ENSP00000249071	0	0	0	0	0.086	0.110	0.900	0.353	0.940
ABL1	KRAS	9606.ENSP00000361423	9606.ENSP00000256078	0	0	0	0	0.074	0.110	0	0.669	0.703
ABL1	PDGFRB	9606.ENSP00000361423	9606.ENSP00000261799	0	0	0	0.581	0.093	0.316	0	0.376	0.580
ABL1	PIK3CA	9606.ENSP00000361423	9606.ENSP00000263967	0	0	0	0	0.049	0.069	0	0.754	0.763
ABL1	SHC2	9606.ENSP00000361423	9606.ENSP00000264554	0	0	0	0.554	0.042	0.073	0.900	0.086	0.908
ABL1	EGF	9606.ENSP00000361423	9606.ENSP00000265171	0	0	0	0	0	0.053	0	0.511	0.517
ABL1	RASA1	9606.ENSP00000361423	9606.ENSP00000274376	0	0	0	0.548	0.049	0.299	0	0.275	0.474
ABL1	EGFR	9606.ENSP00000361423	9606.ENSP00000275493	0	0	0	0.591	0.067	0.790	0	0.347	0.861
ABL1	NTRK2	9606.ENSP00000361423	9606.ENSP00000277120	0	0	0	0.634	0	0	0.900	0.145	0.910
ABL1	FLT1	9606.ENSP00000361423	9606.ENSP00000282397	0	0	0	0.577	0.105	0.074	0	0.400	0.459
ABL1	CSF1R	9606.ENSP00000361423	9606.ENSP00000286301	0	0	0	0.604	0.055	0.074	0	0.504	0.528
ABL1	KIT	9606.ENSP00000361423	9606.ENSP00000288135	0	0	0	0.598	0.056	0.181	0	0.601	0.664
ABL1	FGFR4	9606.ENSP00000361423	9606.ENSP00000292408	0	0	0	0.654	0.055	0.074	0	0.378	0.408
ABL1	RAC3	9606.ENSP00000361423	9606.ENSP00000304283	0	0	0	0	0.116	0.110	0.900	0.093	0.919
ABL1	RIN1	9606.ENSP00000361423	9606.ENSP00000310406	0	0	0	0	0	0.808	0.900	0.865	0.997
ABL1	PAK2	9606.ENSP00000361423	9606.ENSP00000314067	0	0	0	0.586	0.049	0.314	0	0.163	0.406
ABL1	EFNA5	9606.ENSP00000361423	9606.ENSP00000328777	0	0	0	0	0	0.193	0	0.513	0.590
ABL1	SHC4	9606.ENSP00000361423	9606.ENSP00000329668	0	0	0	0.553	0	0.073	0.900	0.059	0.905
ABL1	TBK1	9606.ENSP00000361423	9606.ENSP00000329967	0	0	0	0	0.087	0	0	0.456	0.482
ABL1	RAC1	9606.ENSP00000361423	9606.ENSP00000348461	0	0	0	0	0.089	0.110	0.400	0.227	0.574
ABL1	NF1	9606.ENSP00000361423	9606.ENSP00000351015	0	0	0	0	0	0.092	0	0.520	0.545
ABL1	EPHA2	9606.ENSP00000361423	9606.ENSP00000351209	0	0	0	0.619	0.125	0	0.900	0.487	0.951
ABL1	GAB2	9606.ENSP00000361423	9606.ENSP00000354952	0	0	0	0	0.063	0	0	0.852	0.855
ABL1	NRAS	9606.ENSP00000361423	9606.ENSP00000358548	0	0	0	0	0.081	0.110	0	0.667	0.704
ABL1	PIK3CD	9606.ENSP00000361423	9606.ENSP00000366563	0	0	0	0	0	0.069	0	0.385	0.403
ABL1	AKT1	9606.ENSP00000361423	9606.ENSP00000451828	0	0	0	0.577	0.102	0	0	0.369	0.409
ABL1	FLT3LG	9606.ENSP00000361423	9606.ENSP00000469613	0	0	0	0	0.059	0.052	0	0.400	0.418
ABL1	PRKCB	9606.ENSP00000361423	9606.ENSP00000496129	0	0	0	0.573	0	0.050	0	0.417	0.422
ABL1	RELA	9606.ENSP00000361423	9606.ENSP00000384273	0	0	0	0	0.115	0.098	0	0.349	0.435
ABL1	INS	9606.ENSP00000361423	9606.ENSP00000380432	0	0	0	0	0.088	0.071	0	0.396	0.444
ABL1	MAPK8	9606.ENSP00000361423	9606.ENSP00000378974	0	0	0	0.581	0.044	0.088	0	0.445	0.473
ABL1	RHOA	9606.ENSP00000361423	9606.ENSP00000400175	0	0	0	0	0.079	0.110	0	0.411	0.476
ABL1	IGF1R	9606.ENSP00000361423	9606.ENSP00000497069	0	0	0	0.604	0.049	0	0	0.522	0.525
ABL1	RAF1	9606.ENSP00000361423	9606.ENSP00000401888	0	0	0	0.590	0.044	0	0	0.531	0.532
ABL1	PTPN11	9606.ENSP00000361423	9606.ENSP00000489597	0	0	0	0.556	0.063	0.097	0	0.568	0.603
ABL1	PAK4	9606.ENSP00000361423	9606.ENSP00000469413	0	0	0	0.570	0.060	0.629	0	0.122	0.668
ABL1	KITLG	9606.ENSP00000361423	9606.ENSP00000495951	0	0	0	0	0	0	0	0.702	0.702
ABL1	BCL2L1	9606.ENSP00000361423	9606.ENSP00000365230	0	0	0	0	0.055	0.292	0	0.618	0.722
ABL1	SOS1	9606.ENSP00000361423	9606.ENSP00000384675	0	0	0	0	0.060	0.323	0	0.631	0.745
ABL1	CDC42	9606.ENSP00000361423	9606.ENSP00000497733	0	0	0	0	0.074	0.110	0.500	0.532	0.781
ABL1	HRAS	9606.ENSP00000361423	9606.ENSP00000407586	0	0	0	0	0.081	0.110	0	0.755	0.782
ABL1	PIK3R1	9606.ENSP00000361423	9606.ENSP00000428056	0	0	0	0.551	0.062	0.793	0	0.203	0.832
ABL1	SHC3	9606.ENSP00000361423	9606.ENSP00000364995	0	0	0	0	0	0.073	0.900	0.133	0.912
ABL1	NTRK1	9606.ENSP00000361423	9606.ENSP00000431418	0	0	0	0.642	0	0.510	0.900	0.212	0.958
ABL1	ABL2	9606.ENSP00000361423	9606.ENSP00000427562	0	0	0.068	0.936	0.062	0.531	0.900	0.627	0.981
ABL1	SHC1	9606.ENSP00000361423	9606.ENSP00000401303	0	0	0	0.555	0.141	0.610	0.900	0.776	0.991
ABL1	GRB2	9606.ENSP00000361423	9606.ENSP00000376345	0	0	0	0.748	0.083	0.846	0.900	0.973	0.999
ABL2	NFKB1	9606.ENSP00000427562	9606.ENSP00000226574	0	0	0	0	0.082	0.095	0	0.397	0.455
ABL2	FLT3	9606.ENSP00000427562	9606.ENSP00000241453	0	0	0	0.601	0.095	0.316	0.500	0.175	0.710
ABL2	PLCG1	9606.ENSP00000427562	9606.ENSP00000244007	0	0	0	0.548	0.067	0.322	0	0.447	0.619
ABL2	RAC2	9606.ENSP00000427562	9606.ENSP00000249071	0	0	0	0	0.082	0.222	0.900	0.093	0.926
ABL2	KRAS	9606.ENSP00000427562	9606.ENSP00000256078	0	0	0	0	0.074	0.195	0	0.289	0.424
ABL2	PDGFRB	9606.ENSP00000427562	9606.ENSP00000261799	0	0	0	0.579	0.068	0.316	0	0.267	0.492
ABL2	PIK3R3	9606.ENSP00000427562	9606.ENSP00000262741	0	0	0	0	0	0.452	0	0.178	0.530
ABL2	EGFR	9606.ENSP00000427562	9606.ENSP00000275493	0	0	0.125	0.591	0.047	0.709	0	0.208	0.782
ABL2	RAC3	9606.ENSP00000427562	9606.ENSP00000304283	0	0	0	0	0.082	0.222	0.900	0.093	0.926
ABL2	RIN1	9606.ENSP00000427562	9606.ENSP00000310406	0	0	0	0	0	0.625	0.900	0.611	0.984
ABL2	RAC1	9606.ENSP00000427562	9606.ENSP00000348461	0	0	0	0	0.082	0.222	0.500	0.136	0.650
ABL2	GRB2	9606.ENSP00000427562	9606.ENSP00000376345	0	0	0	0.749	0.074	0.400	0	0.150	0.487
ABL2	HRAS	9606.ENSP00000427562	9606.ENSP00000407586	0	0	0	0	0.074	0.342	0	0.145	0.435
ABL2	CDC42	9606.ENSP00000427562	9606.ENSP00000497733	0	0	0	0	0.074	0.223	0	0.311	0.462
ABL2	PIK3R1	9606.ENSP00000427562	9606.ENSP00000428056	0	0	0	0.552	0	0.185	0	0.421	0.508
ABL2	FLT3LG	9606.ENSP00000427562	9606.ENSP00000469613	0	0	0	0	0.059	0.052	0.500	0.063	0.526
AFDN	RALA	9606.ENSP00000355771	9606.ENSP00000005257	0	0	0	0	0	0.142	0	0.525	0.575
AFDN	FLT3	9606.ENSP00000355771	9606.ENSP00000241453	0	0	0	0	0	0	0	0.431	0.431
AFDN	RRAS	9606.ENSP00000355771	9606.ENSP00000246792	0	0	0	0	0	0.116	0.900	0.559	0.957
AFDN	RAC2	9606.ENSP00000355771	9606.ENSP00000249071	0	0	0	0	0	0.095	0	0.505	0.533
AFDN	RAP1B	9606.ENSP00000355771	9606.ENSP00000250559	0	0	0	0	0	0.188	0.900	0.672	0.971
AFDN	KRAS	9606.ENSP00000355771	9606.ENSP00000256078	0	0	0	0	0.056	0.252	0.900	0.314	0.945
AFDN	RRAS2	9606.ENSP00000355771	9606.ENSP00000256196	0	0	0	0	0	0.290	0.900	0.437	0.956
AFDN	EGFR	9606.ENSP00000355771	9606.ENSP00000275493	0	0	0	0	0.067	0.184	0	0.547	0.625
AFDN	TIAM1	9606.ENSP00000355771	9606.ENSP00000286827	0	0	0	0	0.042	0	0	0.563	0.563
AFDN	KIT	9606.ENSP00000355771	9606.ENSP00000288135	0	0	0	0	0.056	0	0	0.393	0.402
AFDN	MRAS	9606.ENSP00000355771	9606.ENSP00000289104	0	0	0	0	0.042	0.347	0.900	0.588	0.970
AFDN	CALM3	9606.ENSP00000355771	9606.ENSP00000291295	0	0	0	0	0	0	0	0.411	0.411
AFDN	RIN1	9606.ENSP00000355771	9606.ENSP00000310406	0	0	0	0	0	0.230	0	0.706	0.763
AFDN	RASSF5	9606.ENSP00000355771	9606.ENSP00000462099	0	0	0	0	0	0	0	0.470	0.470
AFDN	RHOA	9606.ENSP00000355771	9606.ENSP00000400175	0	0	0	0	0.042	0.095	0	0.479	0.509
AFDN	CDC42	9606.ENSP00000355771	9606.ENSP00000497733	0	0	0	0	0.042	0.177	0	0.475	0.550
AFDN	RALGDS	9606.ENSP00000355771	9606.ENSP00000361120	0	0	0	0	0	0	0	0.805	0.805
AFDN	NRAS	9606.ENSP00000355771	9606.ENSP00000358548	0	0	0	0	0.042	0.430	0.900	0.607	0.975
AFDN	RAP1A	9606.ENSP00000355771	9606.ENSP00000358723	0	0	0	0	0	0.400	0.900	0.677	0.978
AFDN	HRAS	9606.ENSP00000355771	9606.ENSP00000407586	0	0	0	0	0	0.966	0.900	0.678	0.998
AKT1	RALA	9606.ENSP00000451828	9606.ENSP00000005257	0	0	0	0	0.081	0.110	0	0.695	0.729
AKT1	FGF4	9606.ENSP00000451828	9606.ENSP00000168712	0	0	0	0	0	0	0	0.664	0.664
AKT1	NGFR	9606.ENSP00000451828	9606.ENSP00000172229	0	0	0	0	0	0.066	0	0.590	0.601
AKT1	FGF20	9606.ENSP00000451828	9606.ENSP00000180166	0	0	0	0	0	0	0	0.686	0.686
AKT1	EFNA2	9606.ENSP00000451828	9606.ENSP00000215368	0	0	0	0	0.056	0.098	0	0.356	0.404
AKT1	FGF22	9606.ENSP00000451828	9606.ENSP00000215530	0	0	0	0	0	0	0	0.678	0.678
AKT1	MAPK1	9606.ENSP00000451828	9606.ENSP00000215832	0	0	0	0.593	0.118	0.110	0.900	0.872	0.988
AKT1	SOS2	9606.ENSP00000451828	9606.ENSP00000216373	0	0	0	0	0.073	0.084	0	0.567	0.601
AKT1	PIK3R2	9606.ENSP00000451828	9606.ENSP00000222254	0	0	0	0	0.128	0.093	0.900	0.677	0.971
AKT1	HGF	9606.ENSP00000451828	9606.ENSP00000222390	0	0	0	0	0	0.096	0.500	0.761	0.882
AKT1	NFKB1	9606.ENSP00000451828	9606.ENSP00000226574	0	0	0	0	0.087	0.095	0	0.885	0.896
AKT1	FGF6	9606.ENSP00000451828	9606.ENSP00000228837	0	0	0	0	0	0	0	0.661	0.661
AKT1	GNB3	9606.ENSP00000451828	9606.ENSP00000229264	0	0	0	0	0.058	0.097	0.500	0.131	0.581
AKT1	GNB4	9606.ENSP00000451828	9606.ENSP00000232564	0	0	0	0	0.058	0.097	0.500	0.137	0.584
AKT1	FLT3	9606.ENSP00000451828	9606.ENSP00000241453	0	0	0	0	0.056	0.074	0	0.664	0.680
AKT1	PLCG1	9606.ENSP00000451828	9606.ENSP00000244007	0	0	0	0	0.062	0.292	0	0.707	0.788
AKT1	RRAS	9606.ENSP00000451828	9606.ENSP00000246792	0	0	0	0	0.099	0.110	0	0.726	0.761
AKT1	GNG13	9606.ENSP00000451828	9606.ENSP00000248150	0	0	0	0	0	0	0.500	0.055	0.507
AKT1	GNG11	9606.ENSP00000451828	9606.ENSP00000248564	0	0	0	0	0	0	0.500	0.104	0.532
AKT1	GNGT1	9606.ENSP00000451828	9606.ENSP00000248572	0	0	0	0	0	0	0.500	0.072	0.516
AKT1	RAC2	9606.ENSP00000451828	9606.ENSP00000249071	0	0	0	0	0.081	0.110	0.500	0.708	0.864
AKT1	RAP1B	9606.ENSP00000451828	9606.ENSP00000250559	0	0	0	0	0.074	0.110	0	0.405	0.467
AKT1	KRAS	9606.ENSP00000451828	9606.ENSP00000256078	0	0	0	0	0.076	0.110	0	0.893	0.904
AKT1	RRAS2	9606.ENSP00000451828	9606.ENSP00000256196	0	0	0	0	0.074	0.110	0	0.339	0.409
AKT1	PDGFRA	9606.ENSP00000451828	9606.ENSP00000257290	0	0	0	0.560	0.056	0.205	0	0.370	0.486
AKT1	PDGFRB	9606.ENSP00000451828	9606.ENSP00000261799	0	0	0	0.559	0.074	0.074	0	0.410	0.450
AKT1	GNB5	9606.ENSP00000451828	9606.ENSP00000261837	0	0	0	0	0.058	0.097	0.500	0.164	0.597
AKT1	PIK3R3	9606.ENSP00000451828	9606.ENSP00000262741	0	0	0	0	0.051	0.093	0.900	0.610	0.962
AKT1	MAP2K2	9606.ENSP00000451828	9606.ENSP00000262948	0	0	0	0.630	0.157	0.161	0	0.471	0.593
AKT1	GAB1	9606.ENSP00000451828	9606.ENSP00000262995	0	0	0	0	0	0.210	0	0.517	0.603
AKT1	MAPK3	9606.ENSP00000451828	9606.ENSP00000263025	0	0	0	0.587	0.266	0.110	0.900	0.432	0.957
AKT1	PLD2	9606.ENSP00000451828	9606.ENSP00000263088	0	0	0	0	0.059	0.053	0	0.404	0.422
AKT1	KDR	9606.ENSP00000451828	9606.ENSP00000263923	0	0	0	0.560	0.056	0.074	0	0.701	0.715
AKT1	PIK3CA	9606.ENSP00000451828	9606.ENSP00000263967	0	0	0	0	0.060	0.738	0.900	0.951	0.998
AKT1	FGF2	9606.ENSP00000451828	9606.ENSP00000264498	0	0	0	0	0	0	0.500	0.859	0.926
AKT1	FGF10	9606.ENSP00000451828	9606.ENSP00000264664	0	0	0	0	0	0	0	0.682	0.682
AKT1	ZAP70	9606.ENSP00000451828	9606.ENSP00000264972	0	0	0	0.569	0.062	0	0	0.527	0.537
AKT1	EGF	9606.ENSP00000451828	9606.ENSP00000265171	0	0	0	0	0	0	0	0.933	0.933
AKT1	FGF7	9606.ENSP00000451828	9606.ENSP00000267843	0	0	0	0	0	0	0	0.686	0.686
AKT1	RALB	9606.ENSP00000451828	9606.ENSP00000272519	0	0	0	0	0.080	0.110	0	0.380	0.448
AKT1	RAB5A	9606.ENSP00000451828	9606.ENSP00000273047	0	0	0	0	0.118	0.071	0	0.597	0.641
AKT1	RASA1	9606.ENSP00000451828	9606.ENSP00000274376	0	0	0	0	0.060	0	0	0.901	0.902
AKT1	FGF18	9606.ENSP00000451828	9606.ENSP00000274625	0	0	0	0	0	0	0	0.663	0.663
AKT1	EGFR	9606.ENSP00000451828	9606.ENSP00000275493	0	0	0	0.559	0.042	0.640	0	0.445	0.792
AKT1	PAK1	9606.ENSP00000451828	9606.ENSP00000278568	0	0	0	0.642	0.070	0.715	0	0.981	0.994
AKT1	FLT1	9606.ENSP00000451828	9606.ENSP00000282397	0	0	0	0.564	0.056	0.074	0	0.590	0.610
AKT1	CSF1R	9606.ENSP00000451828	9606.ENSP00000286301	0	0	0	0	0.076	0.074	0	0.575	0.604
AKT1	TIAM1	9606.ENSP00000451828	9606.ENSP00000286827	0	0	0	0	0	0.106	0	0.662	0.685
AKT1	KIT	9606.ENSP00000451828	9606.ENSP00000288135	0	0	0	0	0.079	0.074	0	0.804	0.818
AKT1	CALM3	9606.ENSP00000451828	9606.ENSP00000291295	0	0	0	0	0.075	0.099	0	0.782	0.802
AKT1	FGFR4	9606.ENSP00000451828	9606.ENSP00000292408	0	0	0	0.565	0.068	0.213	0	0.297	0.440
AKT1	GNG3	9606.ENSP00000451828	9606.ENSP00000294117	0	0	0	0	0	0	0.500	0.105	0.533
AKT1	FGF19	9606.ENSP00000451828	9606.ENSP00000294312	0	0	0	0	0	0	0	0.450	0.450
AKT1	REL	9606.ENSP00000451828	9606.ENSP00000295025	0	0	0	0	0.044	0.098	0	0.542	0.570
AKT1	VEGFD	9606.ENSP00000451828	9606.ENSP00000297904	0	0	0	0	0	0.070	0	0.493	0.509
AKT1	ARF6	9606.ENSP00000451828	9606.ENSP00000298316	0	0	0	0	0.088	0.110	0	0.795	0.819
AKT1	GNG8	9606.ENSP00000451828	9606.ENSP00000300873	0	0	0	0	0	0	0.500	0.104	0.532
AKT1	MAP2K1	9606.ENSP00000451828	9606.ENSP00000302486	0	0	0.100	0.632	0.060	0.161	0	0.366	0.490
AKT1	INSR	9606.ENSP00000451828	9606.ENSP00000303830	0	0	0	0.564	0.055	0.095	0	0.418	0.459
AKT1	CALML6	9606.ENSP00000451828	9606.ENSP00000304643	0	0	0	0	0	0.099	0	0.694	0.713
AKT1	GNB2	9606.ENSP00000451828	9606.ENSP00000305260	0	0	0	0	0.238	0.097	0.500	0.176	0.679
AKT1	RASGRP1	9606.ENSP00000451828	9606.ENSP00000310244	0	0	0	0	0	0.084	0	0.427	0.452
AKT1	VEGFB	9606.ENSP00000451828	9606.ENSP00000311127	0	0	0	0	0.072	0	0	0.477	0.493
AKT1	FGF5	9606.ENSP00000451828	9606.ENSP00000311697	0	0	0	0	0	0	0	0.662	0.662
AKT1	PAK2	9606.ENSP00000451828	9606.ENSP00000314067	0	0	0	0.644	0.075	0.071	0	0.499	0.532
AKT1	ANGPT2	9606.ENSP00000451828	9606.ENSP00000314897	0	0	0	0	0	0	0	0.653	0.653
AKT1	CALML3	9606.ENSP00000451828	9606.ENSP00000315299	0	0	0	0	0	0.099	0	0.701	0.719
AKT1	MET	9606.ENSP00000451828	9606.ENSP00000317272	0	0	0	0.570	0	0.071	0	0.389	0.408
AKT1	FGF8	9606.ENSP00000451828	9606.ENSP00000321797	0	0	0	0	0	0	0	0.659	0.659
AKT1	CSF1	9606.ENSP00000451828	9606.ENSP00000327513	0	0	0	0	0.060	0	0	0.576	0.584
AKT1	EFNA5	9606.ENSP00000451828	9606.ENSP00000328777	0	0	0	0	0	0.098	0	0.439	0.473
AKT1	TBK1	9606.ENSP00000451828	9606.ENSP00000329967	0	0	0	0.573	0.074	0.624	0	0.666	0.873
AKT1	PDGFB	9606.ENSP00000451828	9606.ENSP00000330382	0	0	0	0	0.042	0	0	0.782	0.782
AKT1	GRIN2A	9606.ENSP00000451828	9606.ENSP00000332549	0	0	0	0	0	0.077	0	0.646	0.659
AKT1	FGF3	9606.ENSP00000451828	9606.ENSP00000334122	0	0	0	0	0.042	0	0	0.664	0.664
AKT1	GNG2	9606.ENSP00000451828	9606.ENSP00000334448	0	0	0	0	0	0	0.500	0.158	0.561
AKT1	RASA3	9606.ENSP00000451828	9606.ENSP00000335029	0	0	0	0	0.082	0.045	0	0.454	0.479
AKT1	PDGFA	9606.ENSP00000451828	9606.ENSP00000346508	0	0	0	0	0	0.050	0	0.448	0.453
AKT1	RAC1	9606.ENSP00000451828	9606.ENSP00000348461	0	0	0	0	0.114	0.342	0.500	0.591	0.865
AKT1	RASSF1	9606.ENSP00000451828	9606.ENSP00000349547	0	0	0	0	0.060	0.184	0	0.665	0.720
AKT1	NF1	9606.ENSP00000451828	9606.ENSP00000351015	0	0	0	0	0.042	0.347	0	0.710	0.803
AKT1	FGF17	9606.ENSP00000451828	9606.ENSP00000352414	0	0	0	0	0.043	0	0	0.661	0.662
AKT1	COL18A1	9606.ENSP00000451828	9606.ENSP00000352798	0	0	0	0	0.074	0	0	0.447	0.466
AKT1	ETS2	9606.ENSP00000451828	9606.ENSP00000353344	0	0	0	0	0.092	0.052	0	0.372	0.412
AKT1	PAK3	9606.ENSP00000451828	9606.ENSP00000353864	0	0	0	0.649	0.063	0.071	0	0.469	0.497
AKT1	GAB2	9606.ENSP00000451828	9606.ENSP00000354952	0	0	0	0	0.062	0.420	0	0.687	0.814
AKT1	PLA2G4A	9606.ENSP00000451828	9606.ENSP00000356436	0	0	0	0	0.066	0.089	0	0.439	0.482
AKT1	FASLG	9606.ENSP00000451828	9606.ENSP00000356694	0	0	0	0	0	0.067	0	0.658	0.667
AKT1	EFNA1	9606.ENSP00000451828	9606.ENSP00000357392	0	0	0	0	0	0.098	0	0.452	0.485
AKT1	EFNA3	9606.ENSP00000451828	9606.ENSP00000357393	0	0	0	0	0.049	0.098	0	0.385	0.426
AKT1	NGF	9606.ENSP00000451828	9606.ENSP00000358525	0	0	0	0	0	0	0	0.818	0.818
AKT1	NRAS	9606.ENSP00000451828	9606.ENSP00000358548	0	0	0	0	0.099	0.164	0	0.774	0.815
AKT1	RAP1A	9606.ENSP00000451828	9606.ENSP00000358723	0	0	0	0	0.081	0.110	0	0.618	0.660
AKT1	CHUK	9606.ENSP00000451828	9606.ENSP00000359424	0	0	0	0.594	0.110	0.835	0.900	0.814	0.996
AKT1	GNG5	9606.ENSP00000451828	9606.ENSP00000359675	0	0	0	0	0.042	0	0.500	0.125	0.544
AKT1	GNG12	9606.ENSP00000451828	9606.ENSP00000360021	0	0	0	0	0.042	0	0.500	0.147	0.555
AKT1	RALGDS	9606.ENSP00000451828	9606.ENSP00000361120	0	0	0	0	0.073	0	0	0.589	0.602
AKT1	FOXO4	9606.ENSP00000451828	9606.ENSP00000363377	0	0	0	0	0.072	0.648	0.900	0.801	0.992
AKT1	GNG10	9606.ENSP00000451828	9606.ENSP00000363411	0	0	0	0	0	0	0.500	0.069	0.515
AKT1	BCL2L1	9606.ENSP00000451828	9606.ENSP00000365230	0	0	0	0	0.095	0.292	0.900	0.888	0.991
AKT1	PIK3CD	9606.ENSP00000451828	9606.ENSP00000366563	0	0	0	0	0.042	0.098	0.900	0.757	0.976
AKT1	PAK5	9606.ENSP00000451828	9606.ENSP00000367686	0	0	0	0.631	0.056	0.071	0	0.402	0.429
AKT1	GNB1	9606.ENSP00000451828	9606.ENSP00000367872	0	0	0	0	0.153	0.475	0.500	0.227	0.805
AKT1	TEK	9606.ENSP00000451828	9606.ENSP00000369375	0	0	0	0.575	0.050	0.252	0	0.559	0.659
AKT1	CALML5	9606.ENSP00000451828	9606.ENSP00000369689	0	0	0	0	0.042	0.099	0	0.701	0.719
AKT1	GNG7	9606.ENSP00000451828	9606.ENSP00000371594	0	0	0	0	0	0	0.500	0.108	0.534
AKT1	FGF9	9606.ENSP00000451828	9606.ENSP00000371790	0	0	0	0	0	0	0	0.689	0.689
AKT1	AKT2	9606.ENSP00000451828	9606.ENSP00000375892	0	0	0.050	0.981	0.131	0.787	0.900	0.569	0.991
AKT1	GRB2	9606.ENSP00000451828	9606.ENSP00000376345	0	0	0	0	0.049	0.100	0	0.900	0.907
AKT1	ETS1	9606.ENSP00000451828	9606.ENSP00000376436	0	0	0	0	0.087	0.052	0	0.509	0.538
AKT1	IGF1	9606.ENSP00000451828	9606.ENSP00000376637	0	0	0	0	0	0.063	0	0.934	0.935
AKT1	BAD	9606.ENSP00000451828	9606.ENSP00000378040	0	0	0	0	0.060	0.860	0.900	0.572	0.993
AKT1	LAT	9606.ENSP00000451828	9606.ENSP00000378845	0	0	0	0	0	0.045	0	0.476	0.478
AKT1	MAPK8	9606.ENSP00000451828	9606.ENSP00000378974	0	0	0	0.576	0.053	0.326	0	0.576	0.706
AKT1	INS	9606.ENSP00000451828	9606.ENSP00000380432	0	0	0	0	0	0.071	0	0.952	0.953
AKT1	RELA	9606.ENSP00000451828	9606.ENSP00000384273	0	0	0	0	0.063	0.098	0	0.761	0.780
AKT1	SOS1	9606.ENSP00000451828	9606.ENSP00000384675	0	0	0	0	0.080	0.084	0	0.744	0.765
AKT1	IGF2	9606.ENSP00000451828	9606.ENSP00000391826	0	0	0	0	0	0	0	0.693	0.693
AKT1	FGFR1	9606.ENSP00000451828	9606.ENSP00000393312	0	0	0	0.570	0.050	0.316	0	0.365	0.552
AKT1	MAPK9	9606.ENSP00000451828	9606.ENSP00000394560	0	0	0	0.579	0.082	0.326	0	0.268	0.508
AKT1	NTF3	9606.ENSP00000451828	9606.ENSP00000397297	0	0	0	0	0	0	0	0.479	0.479
AKT1	GNG4	9606.ENSP00000451828	9606.ENSP00000398629	0	0	0	0	0	0	0.500	0.101	0.531
AKT1	FGF16	9606.ENSP00000451828	9606.ENSP00000399324	0	0	0	0	0	0	0	0.687	0.687
AKT1	RHOA	9606.ENSP00000451828	9606.ENSP00000400175	0	0	0	0	0.105	0.110	0	0.889	0.904
AKT1	SHC1	9606.ENSP00000451828	9606.ENSP00000401303	0	0	0	0	0.060	0.073	0	0.758	0.771
AKT1	RAF1	9606.ENSP00000451828	9606.ENSP00000401888	0	0	0.145	0.583	0.075	0.816	0.900	0.557	0.992
AKT1	TGFA	9606.ENSP00000451828	9606.ENSP00000404131	0	0	0	0	0	0	0	0.764	0.764
AKT1	RASGRF1	9606.ENSP00000451828	9606.ENSP00000405963	0	0	0	0	0	0.084	0	0.535	0.556
AKT1	HRAS	9606.ENSP00000451828	9606.ENSP00000407586	0	0	0	0	0.103	0.110	0	0.880	0.896
AKT1	BDNF	9606.ENSP00000451828	9606.ENSP00000414303	0	0	0	0	0	0.044	0	0.835	0.835
AKT1	CALML4	9606.ENSP00000451828	9606.ENSP00000419081	0	0	0	0	0	0.099	0	0.694	0.713
AKT1	GNGT2	9606.ENSP00000451828	9606.ENSP00000421710	0	0	0	0	0	0	0.500	0.125	0.543
AKT1	PDGFC	9606.ENSP00000451828	9606.ENSP00000422464	0	0	0	0	0	0	0	0.403	0.403
AKT1	PIK3R1	9606.ENSP00000451828	9606.ENSP00000428056	0	0	0	0	0.058	0.558	0.900	0.913	0.995
AKT1	ANGPT1	9606.ENSP00000451828	9606.ENSP00000428340	0	0	0	0	0	0	0	0.729	0.729
AKT1	IKBKB	9606.ENSP00000451828	9606.ENSP00000430684	0	0	0	0.601	0.152	0.775	0.900	0.570	0.990
AKT1	NTRK1	9606.ENSP00000451828	9606.ENSP00000431418	0	0	0	0.562	0.045	0.166	0	0.549	0.609
AKT1	PGF	9606.ENSP00000451828	9606.ENSP00000451040	0	0	0	0	0.042	0	0	0.586	0.587
AKT1	FLT3LG	9606.ENSP00000451828	9606.ENSP00000469613	0	0	0	0	0.087	0.052	0	0.375	0.412
AKT1	NTF4	9606.ENSP00000451828	9606.ENSP00000469455	0	0	0	0	0	0	0	0.435	0.435
AKT1	PRKCB	9606.ENSP00000451828	9606.ENSP00000496129	0	0	0	0.863	0.062	0.416	0	0.110	0.470
AKT1	PAK6	9606.ENSP00000451828	9606.ENSP00000453858	0	0	0	0.631	0.056	0.071	0	0.465	0.489
AKT1	GRIN2B	9606.ENSP00000451828	9606.ENSP00000477455	0	0	0	0	0	0	0	0.510	0.510
AKT1	CALM2	9606.ENSP00000451828	9606.ENSP00000499797	0	0	0	0	0.048	0.099	0	0.508	0.541
AKT1	RASSF5	9606.ENSP00000451828	9606.ENSP00000462099	0	0	0	0	0	0	0	0.554	0.554
AKT1	FGF21	9606.ENSP00000451828	9606.ENSP00000471477	0	0	0	0	0.044	0	0	0.566	0.568
AKT1	FGF1	9606.ENSP00000451828	9606.ENSP00000480791	0	0	0	0	0	0	0	0.575	0.575
AKT1	PAK4	9606.ENSP00000451828	9606.ENSP00000469413	0	0	0	0.635	0.075	0.071	0	0.555	0.585
AKT1	VEGFC	9606.ENSP00000451828	9606.ENSP00000480043	0	0	0	0	0	0.070	0	0.598	0.610
AKT1	IGF1R	9606.ENSP00000451828	9606.ENSP00000497069	0	0	0	0.559	0.062	0.294	0	0.470	0.619
AKT1	KITLG	9606.ENSP00000451828	9606.ENSP00000495951	0	0	0	0	0	0	0	0.733	0.733
AKT1	CALM1	9606.ENSP00000451828	9606.ENSP00000499717	0	0	0	0	0.061	0.334	0.500	0.262	0.738
AKT1	PTPN11	9606.ENSP00000451828	9606.ENSP00000489597	0	0	0	0	0.081	0.152	0	0.718	0.762
AKT1	PLCG2	9606.ENSP00000451828	9606.ENSP00000482457	0	0	0	0	0.047	0	0	0.770	0.771
AKT1	AKT3	9606.ENSP00000451828	9606.ENSP00000500582	0	0	0.050	0.981	0	0.592	0.900	0.057	0.958
AKT1	IKBKG	9606.ENSP00000451828	9606.ENSP00000483825	0	0	0	0	0.120	0.456	0.900	0.670	0.982
AKT1	PIK3CB	9606.ENSP00000451828	9606.ENSP00000501150	0	0	0	0	0.049	0.334	0.900	0.901	0.992
AKT1	CDC42	9606.ENSP00000451828	9606.ENSP00000497733	0	0	0	0	0.092	0.110	0	0.999	0.999
AKT2	RALGAPA2	9606.ENSP00000375892	9606.ENSP00000202677	0	0	0	0	0.044	0	0.750	0.046	0.752
AKT2	MAPK1	9606.ENSP00000375892	9606.ENSP00000215832	0	0	0	0.592	0.083	0.110	0.900	0.240	0.929
AKT2	PIK3R2	9606.ENSP00000375892	9606.ENSP00000222254	0	0	0	0	0.074	0.093	0.900	0.615	0.963
AKT2	NFKB1	9606.ENSP00000375892	9606.ENSP00000226574	0	0	0	0	0.081	0.095	0	0.425	0.480
AKT2	GNB3	9606.ENSP00000375892	9606.ENSP00000229264	0	0	0	0	0.058	0.097	0.500	0.094	0.563
AKT2	GNB4	9606.ENSP00000375892	9606.ENSP00000232564	0	0	0	0	0.058	0.097	0.500	0.073	0.552
AKT2	GNG13	9606.ENSP00000375892	9606.ENSP00000248150	0	0	0	0	0	0	0.500	0	0.499
AKT2	GNG11	9606.ENSP00000375892	9606.ENSP00000248564	0	0	0	0	0	0	0.500	0	0.499
AKT2	GNGT1	9606.ENSP00000375892	9606.ENSP00000248572	0	0	0	0	0	0	0.500	0	0.499
AKT2	RAC2	9606.ENSP00000375892	9606.ENSP00000249071	0	0	0	0	0.079	0.110	0.500	0.273	0.662
AKT2	KRAS	9606.ENSP00000375892	9606.ENSP00000256078	0	0	0	0	0.081	0.148	0	0.584	0.646
AKT2	GNB5	9606.ENSP00000375892	9606.ENSP00000261837	0	0	0	0	0.065	0.097	0.500	0.095	0.567
AKT2	PIK3R3	9606.ENSP00000375892	9606.ENSP00000262741	0	0	0	0	0.051	0.093	0.900	0.528	0.953
AKT2	RALGAPB	9606.ENSP00000375892	9606.ENSP00000262879	0	0	0	0	0.047	0	0.750	0.132	0.775
AKT2	MAPK3	9606.ENSP00000375892	9606.ENSP00000263025	0	0	0	0.587	0.062	0.110	0.900	0.604	0.962
AKT2	PIK3CA	9606.ENSP00000375892	9606.ENSP00000263967	0	0	0	0	0.042	0.098	0.900	0.841	0.984
AKT2	EGF	9606.ENSP00000375892	9606.ENSP00000265171	0	0	0	0	0	0	0	0.478	0.478
AKT2	RAB5A	9606.ENSP00000375892	9606.ENSP00000273047	0	0	0	0	0.111	0.071	0	0.480	0.534
AKT2	EGFR	9606.ENSP00000375892	9606.ENSP00000275493	0	0	0	0.561	0.042	0.175	0	0.549	0.612
AKT2	KIT	9606.ENSP00000375892	9606.ENSP00000288135	0	0	0	0	0.079	0.074	0	0.368	0.413
AKT2	CALM3	9606.ENSP00000375892	9606.ENSP00000291295	0	0	0	0	0.049	0.099	0	0.536	0.568
AKT2	GNG3	9606.ENSP00000375892	9606.ENSP00000294117	0	0	0	0	0	0	0.500	0.046	0.502
AKT2	GNG8	9606.ENSP00000375892	9606.ENSP00000300873	0	0	0	0	0	0	0.500	0	0.499
AKT2	CALML6	9606.ENSP00000375892	9606.ENSP00000304643	0	0	0	0	0	0.099	0	0.687	0.706
AKT2	GNB2	9606.ENSP00000375892	9606.ENSP00000305260	0	0	0	0	0.075	0.097	0.500	0.073	0.561
AKT2	CALML3	9606.ENSP00000375892	9606.ENSP00000315299	0	0	0	0	0	0.099	0	0.694	0.712
AKT2	GNG2	9606.ENSP00000375892	9606.ENSP00000334448	0	0	0	0	0	0	0.500	0.079	0.520
AKT2	RAC1	9606.ENSP00000375892	9606.ENSP00000348461	0	0	0	0	0.081	0.110	0.500	0.230	0.643
AKT2	NF1	9606.ENSP00000375892	9606.ENSP00000351015	0	0	0	0	0.060	0.092	0	0.443	0.483
AKT2	NRAS	9606.ENSP00000375892	9606.ENSP00000358548	0	0	0	0	0.074	0.110	0	0.441	0.499
AKT2	CHUK	9606.ENSP00000375892	9606.ENSP00000359424	0	0	0	0.600	0.086	0	0.900	0.162	0.916
AKT2	GNG5	9606.ENSP00000375892	9606.ENSP00000359675	0	0	0	0	0.054	0	0.500	0	0.506
AKT2	GNG12	9606.ENSP00000375892	9606.ENSP00000360021	0	0	0	0	0.042	0	0.500	0.081	0.521
AKT2	FOXO4	9606.ENSP00000375892	9606.ENSP00000363377	0	0	0	0	0	0.312	0.900	0.434	0.957
AKT2	GNG10	9606.ENSP00000375892	9606.ENSP00000363411	0	0	0	0	0	0	0.500	0.043	0.501
AKT2	BCL2L1	9606.ENSP00000375892	9606.ENSP00000365230	0	0	0	0	0.049	0	0.900	0.413	0.939
AKT2	PIK3CD	9606.ENSP00000375892	9606.ENSP00000366563	0	0	0	0	0.042	0.286	0.900	0.520	0.962
AKT2	GNB1	9606.ENSP00000375892	9606.ENSP00000367872	0	0	0	0	0.065	0.333	0.500	0.094	0.680
AKT2	CALML5	9606.ENSP00000375892	9606.ENSP00000369689	0	0	0	0	0	0.099	0	0.695	0.713
AKT2	GNG7	9606.ENSP00000375892	9606.ENSP00000371594	0	0	0	0	0.044	0	0.500	0.063	0.512
AKT2	IGF1R	9606.ENSP00000375892	9606.ENSP00000497069	0	0	0	0.562	0.071	0.045	0	0.378	0.401
AKT2	RHOA	9606.ENSP00000375892	9606.ENSP00000400175	0	0	0	0	0.081	0.110	0	0.335	0.409
AKT2	CDC42	9606.ENSP00000375892	9606.ENSP00000497733	0	0	0	0	0.094	0.110	0	0.356	0.436
AKT2	GRB2	9606.ENSP00000375892	9606.ENSP00000376345	0	0	0	0	0.049	0.100	0	0.397	0.439
AKT2	SHC1	9606.ENSP00000375892	9606.ENSP00000401303	0	0	0	0	0.062	0.073	0	0.456	0.486
AKT2	GNGT2	9606.ENSP00000375892	9606.ENSP00000421710	0	0	0	0	0	0	0.500	0	0.499
AKT2	HRAS	9606.ENSP00000375892	9606.ENSP00000407586	0	0	0	0	0.076	0.110	0	0.442	0.501
AKT2	GNG4	9606.ENSP00000375892	9606.ENSP00000398629	0	0	0	0	0	0	0.500	0.052	0.505
AKT2	CALM2	9606.ENSP00000375892	9606.ENSP00000499797	0	0	0	0	0	0.099	0	0.476	0.508
AKT2	MAPK8	9606.ENSP00000375892	9606.ENSP00000378974	0	0	0	0.579	0.060	0.088	0	0.493	0.527
AKT2	MAPK9	9606.ENSP00000375892	9606.ENSP00000394560	0	0	0.107	0.583	0.049	0.088	0	0.478	0.541
AKT2	CALM1	9606.ENSP00000375892	9606.ENSP00000499717	0	0	0	0	0	0.099	0.500	0.103	0.561
AKT2	CALML4	9606.ENSP00000375892	9606.ENSP00000419081	0	0	0	0	0	0.099	0	0.687	0.706
AKT2	IGF1	9606.ENSP00000375892	9606.ENSP00000376637	0	0	0	0	0	0.063	0	0.723	0.729
AKT2	INS	9606.ENSP00000375892	9606.ENSP00000380432	0	0	0	0	0	0.071	0	0.841	0.846
AKT2	BAD	9606.ENSP00000375892	9606.ENSP00000378040	0	0	0	0	0.054	0.065	0.900	0.201	0.919
AKT2	IKBKG	9606.ENSP00000375892	9606.ENSP00000483825	0	0	0	0	0.049	0.072	0.900	0.204	0.920
AKT2	RAF1	9606.ENSP00000375892	9606.ENSP00000401888	0	0	0.135	0.586	0.074	0.045	0.900	0.159	0.923
AKT2	IKBKB	9606.ENSP00000375892	9606.ENSP00000430684	0	0	0	0.604	0.163	0	0.900	0.175	0.925
AKT2	AKT3	9606.ENSP00000375892	9606.ENSP00000500582	0	0	0.051	0.979	0	0.162	0.900	0.617	0.965
AKT2	PIK3R1	9606.ENSP00000375892	9606.ENSP00000428056	0	0	0	0	0.066	0.093	0.900	0.789	0.979
AKT2	PIK3CB	9606.ENSP00000375892	9606.ENSP00000501150	0	0	0	0	0.048	0.276	0.900	0.783	0.983
AKT3	MAPK1	9606.ENSP00000500582	9606.ENSP00000215832	0	0	0	0.601	0.085	0.110	0.900	0.218	0.927
AKT3	PIK3R2	9606.ENSP00000500582	9606.ENSP00000222254	0	0	0	0	0.067	0.093	0.900	0.657	0.967
AKT3	NFKB1	9606.ENSP00000500582	9606.ENSP00000226574	0	0	0	0	0.083	0.095	0	0.360	0.423
AKT3	GNB3	9606.ENSP00000500582	9606.ENSP00000229264	0	0	0	0	0.058	0.097	0.500	0.073	0.552
AKT3	GNB4	9606.ENSP00000500582	9606.ENSP00000232564	0	0	0	0	0.071	0.097	0.500	0.165	0.603
AKT3	GNG13	9606.ENSP00000500582	9606.ENSP00000248150	0	0	0	0	0	0	0.500	0	0.499
AKT3	GNG11	9606.ENSP00000500582	9606.ENSP00000248564	0	0	0	0	0.053	0	0.500	0	0.506
AKT3	GNGT1	9606.ENSP00000500582	9606.ENSP00000248572	0	0	0	0	0	0	0.500	0	0.499
AKT3	RAC2	9606.ENSP00000500582	9606.ENSP00000249071	0	0	0	0	0.074	0.110	0.500	0.192	0.622
AKT3	KRAS	9606.ENSP00000500582	9606.ENSP00000256078	0	0	0	0	0.079	0.110	0	0.513	0.566
AKT3	PDGFRB	9606.ENSP00000500582	9606.ENSP00000261799	0	0	0	0	0.102	0.074	0	0.348	0.411
AKT3	GNB5	9606.ENSP00000500582	9606.ENSP00000261837	0	0	0	0	0.074	0.097	0.500	0.124	0.585
AKT3	PIK3R3	9606.ENSP00000500582	9606.ENSP00000262741	0	0	0	0	0.051	0.093	0.900	0.733	0.973
AKT3	MAPK3	9606.ENSP00000500582	9606.ENSP00000263025	0	0	0	0.595	0.099	0.110	0.900	0.215	0.928
AKT3	PIK3CA	9606.ENSP00000500582	9606.ENSP00000263967	0	0	0	0	0.075	0.098	0.900	0.838	0.984
AKT3	FGF2	9606.ENSP00000500582	9606.ENSP00000264498	0	0	0	0	0.083	0	0	0.551	0.571
AKT3	EGF	9606.ENSP00000500582	9606.ENSP00000265171	0	0	0	0	0	0	0	0.405	0.405
AKT3	RASA1	9606.ENSP00000500582	9606.ENSP00000274376	0	0	0	0	0.060	0	0	0.503	0.512
AKT3	RASA2	9606.ENSP00000500582	9606.ENSP00000286364	0	0	0	0	0.082	0.045	0	0.388	0.417
AKT3	KIT	9606.ENSP00000500582	9606.ENSP00000288135	0	0	0	0	0.086	0.074	0	0.370	0.420
AKT3	GNG3	9606.ENSP00000500582	9606.ENSP00000294117	0	0	0	0	0	0	0.500	0.095	0.528
AKT3	GNG8	9606.ENSP00000500582	9606.ENSP00000300873	0	0	0	0	0	0	0.500	0	0.499
AKT3	GNB2	9606.ENSP00000500582	9606.ENSP00000305260	0	0	0	0	0.058	0.097	0.500	0.135	0.583
AKT3	RIN1	9606.ENSP00000500582	9606.ENSP00000310406	0	0	0	0	0	0	0	0.426	0.426
AKT3	GNG2	9606.ENSP00000500582	9606.ENSP00000334448	0	0	0	0	0.072	0	0.500	0.097	0.544
AKT3	RAC1	9606.ENSP00000500582	9606.ENSP00000348461	0	0	0	0	0.074	0.110	0.500	0.188	0.620
AKT3	NF1	9606.ENSP00000500582	9606.ENSP00000351015	0	0	0	0	0.050	0.092	0	0.508	0.538
AKT3	NRAS	9606.ENSP00000500582	9606.ENSP00000358548	0	0	0	0	0.074	0.110	0	0.514	0.564
AKT3	CHUK	9606.ENSP00000500582	9606.ENSP00000359424	0	0	0	0.591	0.079	0	0.900	0.171	0.916
AKT3	GNG5	9606.ENSP00000500582	9606.ENSP00000359675	0	0	0	0	0	0	0.500	0	0.499
AKT3	GNG12	9606.ENSP00000500582	9606.ENSP00000360021	0	0	0	0	0.044	0	0.500	0.091	0.527
AKT3	FOXO4	9606.ENSP00000500582	9606.ENSP00000363377	0	0	0	0	0	0.312	0.900	0.379	0.953
AKT3	GNG10	9606.ENSP00000500582	9606.ENSP00000363411	0	0	0	0	0	0	0.500	0.070	0.515
AKT3	BCL2L1	9606.ENSP00000500582	9606.ENSP00000365230	0	0	0	0	0	0	0.900	0.341	0.931
AKT3	PIK3CD	9606.ENSP00000500582	9606.ENSP00000366563	0	0	0	0	0	0.098	0.900	0.494	0.950
AKT3	GNB1	9606.ENSP00000500582	9606.ENSP00000367872	0	0	0	0	0.058	0.097	0.500	0.163	0.596
AKT3	GNG7	9606.ENSP00000500582	9606.ENSP00000371594	0	0	0	0	0	0	0.500	0.103	0.532
AKT3	IGF1	9606.ENSP00000500582	9606.ENSP00000376637	0	0	0	0	0	0.063	0	0.447	0.459
AKT3	BAD	9606.ENSP00000500582	9606.ENSP00000378040	0	0	0	0	0	0.065	0.900	0.220	0.920
AKT3	INS	9606.ENSP00000500582	9606.ENSP00000380432	0	0	0	0	0	0.071	0	0.531	0.546
AKT3	SOS1	9606.ENSP00000500582	9606.ENSP00000384675	0	0	0	0	0.057	0.084	0	0.381	0.420
AKT3	GNG4	9606.ENSP00000500582	9606.ENSP00000398629	0	0	0	0	0.044	0	0.500	0.251	0.611
AKT3	SHC1	9606.ENSP00000500582	9606.ENSP00000401303	0	0	0	0	0.043	0.073	0	0.396	0.417
AKT3	RAF1	9606.ENSP00000500582	9606.ENSP00000401888	0	0	0.141	0.590	0	0.045	0.900	0.169	0.922
AKT3	HRAS	9606.ENSP00000500582	9606.ENSP00000407586	0	0	0	0	0.074	0.110	0	0.408	0.470
AKT3	GNGT2	9606.ENSP00000500582	9606.ENSP00000421710	0	0	0	0	0	0	0.500	0	0.499
AKT3	PIK3R1	9606.ENSP00000500582	9606.ENSP00000428056	0	0	0	0	0.071	0.093	0.900	0.768	0.977
AKT3	IKBKB	9606.ENSP00000500582	9606.ENSP00000430684	0	0	0	0.602	0.105	0	0.900	0.153	0.917
AKT3	IKBKG	9606.ENSP00000500582	9606.ENSP00000483825	0	0	0	0	0	0.072	0.900	0.193	0.918
AKT3	CDC42	9606.ENSP00000500582	9606.ENSP00000497733	0	0	0	0	0.106	0.110	0	0.306	0.400
AKT3	CALM1	9606.ENSP00000500582	9606.ENSP00000499717	0	0	0	0	0	0.099	0.500	0.130	0.573
AKT3	PIK3CB	9606.ENSP00000500582	9606.ENSP00000501150	0	0	0	0	0	0.098	0.900	0.636	0.964
ANGPT1	FGF4	9606.ENSP00000428340	9606.ENSP00000168712	0	0	0	0	0	0	0	0.593	0.593
ANGPT1	NGFR	9606.ENSP00000428340	9606.ENSP00000172229	0	0	0	0	0	0	0.650	0.301	0.745
ANGPT1	FGF20	9606.ENSP00000428340	9606.ENSP00000180166	0	0	0	0	0	0	0	0.586	0.586
ANGPT1	FGF22	9606.ENSP00000428340	9606.ENSP00000215530	0	0	0	0	0	0	0	0.589	0.589
ANGPT1	PIK3R2	9606.ENSP00000428340	9606.ENSP00000222254	0	0	0	0	0	0	0.500	0.430	0.703
ANGPT1	HGF	9606.ENSP00000428340	9606.ENSP00000222390	0	0	0	0	0.081	0	0	0.677	0.691
ANGPT1	FGF6	9606.ENSP00000428340	9606.ENSP00000228837	0	0	0	0	0	0	0	0.726	0.726
ANGPT1	FLT3	9606.ENSP00000428340	9606.ENSP00000241453	0	0	0	0	0.048	0.115	0.650	0.355	0.784
ANGPT1	KRAS	9606.ENSP00000428340	9606.ENSP00000256078	0	0	0	0	0	0	0.500	0.187	0.576
ANGPT1	PDGFRA	9606.ENSP00000428340	9606.ENSP00000257290	0	0	0	0	0.091	0.115	0.650	0.422	0.815
ANGPT1	PDGFRB	9606.ENSP00000428340	9606.ENSP00000261799	0	0	0	0	0.067	0.115	0.650	0.745	0.916
ANGPT1	FLT4	9606.ENSP00000428340	9606.ENSP00000261937	0	0	0	0	0.062	0.115	0.650	0.746	0.916
ANGPT1	KDR	9606.ENSP00000428340	9606.ENSP00000263923	0	0	0	0	0.062	0.115	0.650	0.983	0.994
ANGPT1	PIK3CA	9606.ENSP00000428340	9606.ENSP00000263967	0	0	0	0	0	0	0.500	0.344	0.657
ANGPT1	FGF2	9606.ENSP00000428340	9606.ENSP00000264498	0	0	0	0	0.058	0	0	0.819	0.822
ANGPT1	FGF10	9606.ENSP00000428340	9606.ENSP00000264664	0	0	0	0	0.042	0	0	0.589	0.590
ANGPT1	EGF	9606.ENSP00000428340	9606.ENSP00000265171	0	0	0	0	0.043	0	0	0.729	0.729
ANGPT1	FGF7	9606.ENSP00000428340	9606.ENSP00000267843	0	0	0	0	0.097	0	0	0.687	0.705
ANGPT1	FGF18	9606.ENSP00000428340	9606.ENSP00000274625	0	0	0	0	0	0	0	0.588	0.588
ANGPT1	EGFR	9606.ENSP00000428340	9606.ENSP00000275493	0	0	0	0	0.049	0	0.650	0.588	0.850
ANGPT1	NTRK2	9606.ENSP00000428340	9606.ENSP00000277120	0	0	0	0	0.048	0	0.650	0.225	0.719
ANGPT1	FLT1	9606.ENSP00000428340	9606.ENSP00000282397	0	0	0	0	0.062	0.115	0.650	0.952	0.984
ANGPT1	CSF1R	9606.ENSP00000428340	9606.ENSP00000286301	0	0	0	0	0.060	0.115	0.650	0.536	0.847
ANGPT1	KIT	9606.ENSP00000428340	9606.ENSP00000288135	0	0	0	0	0.099	0.115	0.650	0.499	0.841
ANGPT1	FGFR4	9606.ENSP00000428340	9606.ENSP00000292408	0	0	0	0	0	0.115	0.650	0.157	0.716
ANGPT1	VEGFD	9606.ENSP00000428340	9606.ENSP00000297904	0	0	0	0	0.048	0	0	0.589	0.592
ANGPT1	INSR	9606.ENSP00000428340	9606.ENSP00000303830	0	0	0	0	0	0	0.650	0.116	0.677
ANGPT1	VEGFB	9606.ENSP00000428340	9606.ENSP00000311127	0	0	0	0	0	0.053	0	0.709	0.712
ANGPT1	FGF5	9606.ENSP00000428340	9606.ENSP00000311697	0	0	0	0	0.049	0	0	0.728	0.730
ANGPT1	ANGPT2	9606.ENSP00000428340	9606.ENSP00000314897	0	0	0.048	0.960	0.043	0	0.900	0.234	0.920
ANGPT1	MET	9606.ENSP00000428340	9606.ENSP00000317272	0	0	0	0	0.061	0	0.650	0.356	0.770
ANGPT1	FGF8	9606.ENSP00000428340	9606.ENSP00000321797	0	0	0	0	0	0	0	0.583	0.583
ANGPT1	PDGFB	9606.ENSP00000428340	9606.ENSP00000330382	0	0	0	0	0	0	0	0.766	0.766
ANGPT1	FGF3	9606.ENSP00000428340	9606.ENSP00000334122	0	0	0	0	0	0	0	0.588	0.588
ANGPT1	FGFR3	9606.ENSP00000428340	9606.ENSP00000339824	0	0	0	0	0	0.115	0.650	0.205	0.732
ANGPT1	PDGFA	9606.ENSP00000428340	9606.ENSP00000346508	0	0	0	0	0	0	0	0.459	0.459
ANGPT1	EPHA2	9606.ENSP00000428340	9606.ENSP00000351209	0	0	0	0	0	0	0.650	0.219	0.715
ANGPT1	FGF17	9606.ENSP00000428340	9606.ENSP00000352414	0	0	0	0	0	0	0	0.586	0.586
ANGPT1	COL18A1	9606.ENSP00000428340	9606.ENSP00000352798	0	0	0	0	0	0	0	0.583	0.583
ANGPT1	EFNA3	9606.ENSP00000428340	9606.ENSP00000357393	0	0	0	0	0	0	0	0.578	0.578
ANGPT1	NGF	9606.ENSP00000428340	9606.ENSP00000358525	0	0	0	0	0	0	0	0.438	0.438
ANGPT1	NRAS	9606.ENSP00000428340	9606.ENSP00000358548	0	0	0	0	0.042	0	0.500	0.110	0.536
ANGPT1	TEK	9606.ENSP00000428340	9606.ENSP00000369375	0	0	0	0	0.163	0.889	0.900	0.999	0.999
ANGPT1	ANGPT4	9606.ENSP00000428340	9606.ENSP00000371347	0	0	0	0.930	0	0.229	0.900	0.102	0.924
ANGPT1	FGF9	9606.ENSP00000428340	9606.ENSP00000371790	0	0	0	0	0	0	0	0.585	0.585
ANGPT1	GRB2	9606.ENSP00000428340	9606.ENSP00000376345	0	0	0	0	0	0	0.400	0.424	0.639
ANGPT1	IGF1	9606.ENSP00000428340	9606.ENSP00000376637	0	0	0	0	0.044	0	0	0.594	0.595
ANGPT1	INS	9606.ENSP00000428340	9606.ENSP00000380432	0	0	0	0	0.053	0	0	0.436	0.444
ANGPT1	SOS1	9606.ENSP00000428340	9606.ENSP00000384675	0	0	0	0	0	0	0.400	0.113	0.445
ANGPT1	FGFR1	9606.ENSP00000428340	9606.ENSP00000393312	0	0	0	0	0.042	0.115	0.650	0.550	0.848
ANGPT1	FGF16	9606.ENSP00000428340	9606.ENSP00000399324	0	0	0	0	0	0	0	0.585	0.585
ANGPT1	SHC1	9606.ENSP00000428340	9606.ENSP00000401303	0	0	0	0	0	0.051	0.400	0.196	0.502
ANGPT1	HRAS	9606.ENSP00000428340	9606.ENSP00000407586	0	0	0	0	0	0	0.500	0.128	0.545
ANGPT1	FGFR2	9606.ENSP00000428340	9606.ENSP00000410294	0	0	0	0	0	0.115	0.650	0.224	0.738
ANGPT1	BDNF	9606.ENSP00000428340	9606.ENSP00000414303	0	0	0	0	0.050	0	0	0.634	0.637
ANGPT1	PIK3R1	9606.ENSP00000428340	9606.ENSP00000428056	0	0	0	0	0.049	0	0.500	0.157	0.564
ANGPT1	CDC42	9606.ENSP00000428340	9606.ENSP00000497733	0	0	0	0	0	0	0	0.443	0.443
ANGPT1	PIK3CB	9606.ENSP00000428340	9606.ENSP00000501150	0	0	0	0	0	0	0.500	0.075	0.517
ANGPT1	FGF1	9606.ENSP00000428340	9606.ENSP00000480791	0	0	0	0	0.049	0	0	0.545	0.549
ANGPT1	PTPN11	9606.ENSP00000428340	9606.ENSP00000489597	0	0	0	0	0.044	0.053	0.500	0.202	0.590
ANGPT1	KITLG	9606.ENSP00000428340	9606.ENSP00000495951	0	0	0	0	0.042	0	0	0.591	0.592
ANGPT1	VEGFC	9606.ENSP00000428340	9606.ENSP00000480043	0	0	0	0	0.064	0	0	0.664	0.672
ANGPT1	PGF	9606.ENSP00000428340	9606.ENSP00000451040	0	0	0	0	0	0	0	0.700	0.700
ANGPT1	IGF1R	9606.ENSP00000428340	9606.ENSP00000497069	0	0	0	0	0	0	0.650	0.268	0.732
ANGPT1	NTRK1	9606.ENSP00000428340	9606.ENSP00000431418	0	0	0	0	0	0	0.650	0.991	0.996
ANGPT2	FGF4	9606.ENSP00000314897	9606.ENSP00000168712	0	0	0	0	0	0	0	0.530	0.530
ANGPT2	NGFR	9606.ENSP00000314897	9606.ENSP00000172229	0	0	0	0	0.044	0	0.650	0.208	0.711
ANGPT2	FGF20	9606.ENSP00000314897	9606.ENSP00000180166	0	0	0	0	0.045	0	0	0.507	0.509
ANGPT2	FGF22	9606.ENSP00000314897	9606.ENSP00000215530	0	0	0	0	0	0	0	0.512	0.512
ANGPT2	HGF	9606.ENSP00000314897	9606.ENSP00000222390	0	0	0	0	0.042	0	0	0.711	0.711
ANGPT2	FGF6	9606.ENSP00000314897	9606.ENSP00000228837	0	0	0	0	0	0	0	0.521	0.521
ANGPT2	FLT3	9606.ENSP00000314897	9606.ENSP00000241453	0	0	0	0	0.055	0.115	0.650	0.224	0.743
ANGPT2	PDGFRA	9606.ENSP00000314897	9606.ENSP00000257290	0	0	0	0	0.054	0.115	0.650	0.591	0.864
ANGPT2	PDGFRB	9606.ENSP00000314897	9606.ENSP00000261799	0	0	0	0	0.079	0.115	0.650	0.540	0.851
ANGPT2	FLT4	9606.ENSP00000314897	9606.ENSP00000261937	0	0	0	0	0.084	0.115	0.650	0.938	0.980
ANGPT2	KDR	9606.ENSP00000314897	9606.ENSP00000263923	0	0	0	0	0.156	0.115	0.650	0.954	0.986
ANGPT2	FGF2	9606.ENSP00000314897	9606.ENSP00000264498	0	0	0	0	0	0	0	0.830	0.830
ANGPT2	FGF10	9606.ENSP00000314897	9606.ENSP00000264664	0	0	0	0	0.049	0	0	0.512	0.516
ANGPT2	EGF	9606.ENSP00000314897	9606.ENSP00000265171	0	0	0	0	0	0	0	0.749	0.749
ANGPT2	FGF7	9606.ENSP00000314897	9606.ENSP00000267843	0	0	0	0	0.081	0	0	0.566	0.584
ANGPT2	FGF18	9606.ENSP00000314897	9606.ENSP00000274625	0	0	0	0	0.044	0	0	0.515	0.516
ANGPT2	EGFR	9606.ENSP00000314897	9606.ENSP00000275493	0	0	0	0	0.049	0	0.650	0.612	0.859
ANGPT2	NTRK2	9606.ENSP00000314897	9606.ENSP00000277120	0	0	0	0	0.056	0	0.650	0.123	0.684
ANGPT2	FLT1	9606.ENSP00000314897	9606.ENSP00000282397	0	0	0	0	0.258	0.115	0.650	0.936	0.983
ANGPT2	CSF1R	9606.ENSP00000314897	9606.ENSP00000286301	0	0	0	0	0.119	0.115	0.650	0.372	0.806
ANGPT2	KIT	9606.ENSP00000314897	9606.ENSP00000288135	0	0	0	0	0.089	0.115	0.650	0.394	0.806
ANGPT2	FGFR4	9606.ENSP00000314897	9606.ENSP00000292408	0	0	0	0	0	0.115	0.650	0.188	0.726
ANGPT2	VEGFD	9606.ENSP00000314897	9606.ENSP00000297904	0	0	0	0	0.049	0	0	0.741	0.743
ANGPT2	INSR	9606.ENSP00000314897	9606.ENSP00000303830	0	0	0	0	0.049	0	0.650	0.132	0.685
ANGPT2	VEGFB	9606.ENSP00000314897	9606.ENSP00000311127	0	0	0	0	0	0.053	0	0.696	0.700
ANGPT2	FGF5	9606.ENSP00000314897	9606.ENSP00000311697	0	0	0	0	0	0	0	0.514	0.514
ANGPT2	PDGFA	9606.ENSP00000314897	9606.ENSP00000346508	0	0	0	0	0.042	0	0	0.400	0.400
ANGPT2	CDC42	9606.ENSP00000314897	9606.ENSP00000497733	0	0	0	0	0	0	0	0.415	0.414
ANGPT2	INS	9606.ENSP00000314897	9606.ENSP00000380432	0	0	0	0	0.053	0	0	0.408	0.415
ANGPT2	FOXO4	9606.ENSP00000314897	9606.ENSP00000363377	0	0	0	0	0	0	0	0.419	0.418
ANGPT2	FGF16	9606.ENSP00000314897	9606.ENSP00000399324	0	0	0	0	0	0	0	0.510	0.510
ANGPT2	FGF8	9606.ENSP00000314897	9606.ENSP00000321797	0	0	0	0	0.048	0	0	0.510	0.513
ANGPT2	FGF17	9606.ENSP00000314897	9606.ENSP00000352414	0	0	0	0	0.042	0	0	0.516	0.516
ANGPT2	FGF3	9606.ENSP00000314897	9606.ENSP00000334122	0	0	0	0	0	0	0	0.518	0.518
ANGPT2	FGF9	9606.ENSP00000314897	9606.ENSP00000371790	0	0	0	0	0	0	0	0.522	0.522
ANGPT2	IGF1	9606.ENSP00000314897	9606.ENSP00000376637	0	0	0	0	0.064	0	0	0.530	0.541
ANGPT2	BDNF	9606.ENSP00000314897	9606.ENSP00000414303	0	0	0	0	0	0	0	0.578	0.578
ANGPT2	COL18A1	9606.ENSP00000314897	9606.ENSP00000352798	0	0	0	0	0.058	0	0	0.580	0.587
ANGPT2	FGF1	9606.ENSP00000314897	9606.ENSP00000480791	0	0	0	0	0.049	0	0	0.642	0.645
ANGPT2	PDGFB	9606.ENSP00000314897	9606.ENSP00000330382	0	0	0	0	0.060	0	0	0.647	0.654
ANGPT2	EPHA2	9606.ENSP00000314897	9606.ENSP00000351209	0	0	0	0	0.044	0	0.650	0.241	0.724
ANGPT2	FGFR3	9606.ENSP00000314897	9606.ENSP00000339824	0	0	0	0	0	0.115	0.650	0.185	0.725
ANGPT2	IGF1R	9606.ENSP00000314897	9606.ENSP00000497069	0	0	0	0	0	0	0.650	0.284	0.738
ANGPT2	FGFR2	9606.ENSP00000314897	9606.ENSP00000410294	0	0	0	0	0.044	0.115	0.650	0.252	0.749
ANGPT2	MET	9606.ENSP00000314897	9606.ENSP00000317272	0	0	0	0	0.058	0	0.650	0.379	0.777
ANGPT2	VEGFC	9606.ENSP00000314897	9606.ENSP00000480043	0	0	0	0	0.060	0	0	0.794	0.798
ANGPT2	PGF	9606.ENSP00000314897	9606.ENSP00000451040	0	0	0	0	0.141	0	0	0.821	0.840
ANGPT2	FGFR1	9606.ENSP00000314897	9606.ENSP00000393312	0	0	0	0	0.042	0.115	0.650	0.569	0.855
ANGPT2	ANGPT4	9606.ENSP00000314897	9606.ENSP00000371347	0	0	0.064	0.929	0	0	0.900	0.255	0.924
ANGPT2	NTRK1	9606.ENSP00000314897	9606.ENSP00000431418	0	0	0	0	0.055	0	0.650	0.981	0.993
ANGPT2	TEK	9606.ENSP00000314897	9606.ENSP00000369375	0	0	0	0	0.124	0.892	0.900	0.999	0.999
ANGPT4	NGFR	9606.ENSP00000371347	9606.ENSP00000172229	0	0	0	0	0	0	0.650	0.090	0.668
ANGPT4	FLT3	9606.ENSP00000371347	9606.ENSP00000241453	0	0	0	0	0.048	0.115	0.650	0.102	0.699
ANGPT4	PDGFRA	9606.ENSP00000371347	9606.ENSP00000257290	0	0	0	0	0.048	0.115	0.650	0.214	0.737
ANGPT4	PDGFRB	9606.ENSP00000371347	9606.ENSP00000261799	0	0	0	0	0	0.115	0.650	0.241	0.744
ANGPT4	FLT4	9606.ENSP00000371347	9606.ENSP00000261937	0	0	0	0	0.080	0.115	0.650	0.362	0.794
ANGPT4	KDR	9606.ENSP00000371347	9606.ENSP00000263923	0	0	0	0	0.062	0.115	0.650	0.581	0.862
ANGPT4	EGFR	9606.ENSP00000371347	9606.ENSP00000275493	0	0	0	0	0.049	0	0.650	0.135	0.686
ANGPT4	NTRK2	9606.ENSP00000371347	9606.ENSP00000277120	0	0	0	0	0	0	0.650	0.150	0.689
ANGPT4	FLT1	9606.ENSP00000371347	9606.ENSP00000282397	0	0	0	0	0.062	0.115	0.650	0.360	0.789
ANGPT4	CSF1R	9606.ENSP00000371347	9606.ENSP00000286301	0	0	0	0	0.066	0.115	0.650	0.093	0.702
ANGPT4	KIT	9606.ENSP00000371347	9606.ENSP00000288135	0	0	0	0	0.060	0.115	0.650	0.173	0.727
ANGPT4	FGFR4	9606.ENSP00000371347	9606.ENSP00000292408	0	0	0	0	0.049	0.115	0.650	0.143	0.713
ANGPT4	INSR	9606.ENSP00000371347	9606.ENSP00000303830	0	0	0	0	0	0	0.650	0.118	0.678
ANGPT4	VEGFB	9606.ENSP00000371347	9606.ENSP00000311127	0	0	0	0	0	0.053	0	0.411	0.418
ANGPT4	MET	9606.ENSP00000371347	9606.ENSP00000317272	0	0	0	0	0.058	0	0.650	0.115	0.682
ANGPT4	FGFR3	9606.ENSP00000371347	9606.ENSP00000339824	0	0	0	0	0	0.115	0.650	0.095	0.695
ANGPT4	EPHA2	9606.ENSP00000371347	9606.ENSP00000351209	0	0	0	0	0	0	0.650	0.158	0.692
ANGPT4	TEK	9606.ENSP00000371347	9606.ENSP00000369375	0	0	0	0	0.126	0.582	0.900	0.995	0.999
ANGPT4	VEGFC	9606.ENSP00000371347	9606.ENSP00000480043	0	0	0	0	0	0	0	0.401	0.401
ANGPT4	IGF1R	9606.ENSP00000371347	9606.ENSP00000497069	0	0	0	0	0	0	0.650	0.128	0.681
ANGPT4	FGFR2	9606.ENSP00000371347	9606.ENSP00000410294	0	0	0	0	0	0.115	0.650	0.135	0.708
ANGPT4	FGFR1	9606.ENSP00000371347	9606.ENSP00000393312	0	0	0	0	0	0.115	0.650	0.165	0.718
ANGPT4	NTRK1	9606.ENSP00000371347	9606.ENSP00000431418	0	0	0	0	0	0	0.650	0.512	0.821
ARF6	RALA	9606.ENSP00000298316	9606.ENSP00000005257	0	0	0	0	0.093	0.378	0	0.547	0.722
ARF6	HGF	9606.ENSP00000298316	9606.ENSP00000222390	0	0	0	0	0	0.064	0.500	0.305	0.646
ARF6	EXOC2	9606.ENSP00000298316	9606.ENSP00000230449	0	0	0	0	0.063	0.109	0	0.506	0.552
ARF6	RRAS	9606.ENSP00000298316	9606.ENSP00000246792	0	0	0	0	0.055	0.066	0	0.407	0.432
ARF6	RAC2	9606.ENSP00000298316	9606.ENSP00000249071	0	0	0	0	0.071	0.068	0	0.497	0.527
ARF6	RAP1B	9606.ENSP00000298316	9606.ENSP00000250559	0	0	0	0	0.096	0.183	0	0.253	0.401
ARF6	KRAS	9606.ENSP00000298316	9606.ENSP00000256078	0	0	0	0	0.099	0.191	0	0.326	0.466
ARF6	GAB1	9606.ENSP00000298316	9606.ENSP00000262995	0	0	0	0	0	0.076	0.500	0.043	0.519
ARF6	PLD2	9606.ENSP00000298316	9606.ENSP00000263088	0	0	0	0	0	0.071	0.900	0.836	0.983
ARF6	ZAP70	9606.ENSP00000298316	9606.ENSP00000264972	0	0.002	0	0	0.074	0.110	0	0.424	0.484
ARF6	EGF	9606.ENSP00000298316	9606.ENSP00000265171	0	0	0	0	0	0	0	0.451	0.451
ARF6	RALB	9606.ENSP00000298316	9606.ENSP00000272519	0	0	0	0	0.093	0.066	0	0.381	0.430
ARF6	RASA1	9606.ENSP00000298316	9606.ENSP00000274376	0	0	0	0	0.049	0.092	0	0.754	0.769
ARF6	EGFR	9606.ENSP00000298316	9606.ENSP00000275493	0	0.001	0	0	0.047	0.367	0	0.482	0.660
ARF6	TIAM1	9606.ENSP00000298316	9606.ENSP00000286827	0	0	0	0	0	0.177	0	0.705	0.747
ARF6	RAC1	9606.ENSP00000298316	9606.ENSP00000348461	0	0	0	0	0.080	0.068	0	0.598	0.625
ARF6	GRB2	9606.ENSP00000298316	9606.ENSP00000376345	0	0	0	0	0.104	0.057	0.500	0.275	0.653
ARF6	RHOA	9606.ENSP00000298316	9606.ENSP00000400175	0	0	0	0	0.096	0.058	0	0.696	0.719
ARF6	MET	9606.ENSP00000298316	9606.ENSP00000317272	0	0	0	0	0.074	0.274	0.500	0.288	0.728
ARF6	CDC42	9606.ENSP00000298316	9606.ENSP00000497733	0	0	0	0	0.105	0.068	0	0.713	0.740
ARF6	IKBKG	9606.ENSP00000298316	9606.ENSP00000483825	0	0	0	0	0.044	0.292	0	0.851	0.890
ARF6	RALBP1	9606.ENSP00000298316	9606.ENSP00000372924	0	0	0	0	0.049	0.100	0.900	0.321	0.934
ARF6	PLD1	9606.ENSP00000298316	9606.ENSP00000342793	0	0	0	0	0.042	0.350	0.900	0.673	0.976
BAD	NGFR	9606.ENSP00000378040	9606.ENSP00000172229	0	0	0	0	0	0	0.500	0.071	0.515
BAD	MAPK1	9606.ENSP00000378040	9606.ENSP00000215832	0	0	0	0	0.060	0	0.900	0.195	0.917
BAD	GAB1	9606.ENSP00000378040	9606.ENSP00000262995	0	0	0	0	0	0	0	0.454	0.454
BAD	MAPK3	9606.ENSP00000378040	9606.ENSP00000263025	0	0	0	0	0.101	0	0.900	0.305	0.932
BAD	PAK1	9606.ENSP00000378040	9606.ENSP00000278568	0	0	0	0	0	0.625	0	0.124	0.657
BAD	MAP2K1	9606.ENSP00000378040	9606.ENSP00000302486	0	0	0	0	0.058	0	0.900	0.227	0.920
BAD	PRKACA	9606.ENSP00000378040	9606.ENSP00000309591	0	0	0	0	0.063	0.621	0.900	0.282	0.971
BAD	RAC1	9606.ENSP00000378040	9606.ENSP00000348461	0	0	0	0	0.049	0	0.500	0.159	0.565
BAD	NGF	9606.ENSP00000378040	9606.ENSP00000358525	0	0	0	0	0.044	0	0.500	0.152	0.559
BAD	PRKACB	9606.ENSP00000378040	9606.ENSP00000359719	0	0	0	0	0.055	0.193	0.900	0.266	0.936
BAD	BCL2L1	9606.ENSP00000378040	9606.ENSP00000365230	0	0	0	0	0.102	0.999	0.900	0.964	0.999
BAD	PRKACG	9606.ENSP00000378040	9606.ENSP00000366488	0	0	0	0	0.055	0.064	0.900	0.267	0.926
BAD	MAPK9	9606.ENSP00000378040	9606.ENSP00000394560	0	0	0	0	0	0	0.900	0.100	0.906
BAD	MAPK8	9606.ENSP00000378040	9606.ENSP00000378974	0	0	0	0	0	0.497	0.900	0.255	0.959
BAD	RAF1	9606.ENSP00000378040	9606.ENSP00000401888	0	0	0	0	0	0.828	0.900	0.217	0.985
BCL2L1	MAPK1	9606.ENSP00000365230	9606.ENSP00000215832	0	0	0	0	0.107	0	0	0.648	0.672
BCL2L1	HGF	9606.ENSP00000365230	9606.ENSP00000222390	0	0	0	0	0	0	0	0.446	0.446
BCL2L1	NFKB1	9606.ENSP00000365230	9606.ENSP00000226574	0	0	0	0	0.050	0.045	0	0.665	0.670
BCL2L1	FLT3	9606.ENSP00000365230	9606.ENSP00000241453	0	0	0	0	0.058	0	0	0.495	0.504
BCL2L1	KRAS	9606.ENSP00000365230	9606.ENSP00000256078	0	0	0	0	0.047	0.165	0.900	0.807	0.982
BCL2L1	PDGFRB	9606.ENSP00000365230	9606.ENSP00000261799	0	0	0	0	0.086	0	0	0.399	0.427
BCL2L1	MAPK3	9606.ENSP00000365230	9606.ENSP00000263025	0	0	0	0	0.114	0	0	0.676	0.701
BCL2L1	KDR	9606.ENSP00000365230	9606.ENSP00000263923	0	0	0	0	0.058	0	0	0.464	0.473
BCL2L1	PIK3CA	9606.ENSP00000365230	9606.ENSP00000263967	0	0	0	0	0	0	0	0.461	0.461
BCL2L1	FGF2	9606.ENSP00000365230	9606.ENSP00000264498	0	0	0	0	0	0	0	0.480	0.480
BCL2L1	EGF	9606.ENSP00000365230	9606.ENSP00000265171	0	0	0	0	0	0	0	0.592	0.592
BCL2L1	EGFR	9606.ENSP00000365230	9606.ENSP00000275493	0	0	0	0	0.048	0	0	0.846	0.847
BCL2L1	KIT	9606.ENSP00000365230	9606.ENSP00000288135	0	0	0	0	0.099	0	0	0.495	0.525
BCL2L1	CALM3	9606.ENSP00000365230	9606.ENSP00000291295	0	0	0	0	0.062	0	0	0.417	0.429
BCL2L1	REL	9606.ENSP00000365230	9606.ENSP00000295025	0	0	0	0	0.054	0	0	0.575	0.581
BCL2L1	MAP2K1	9606.ENSP00000365230	9606.ENSP00000302486	0	0	0	0	0.052	0	0	0.551	0.557
BCL2L1	CALML6	9606.ENSP00000365230	9606.ENSP00000304643	0	0	0	0	0	0	0	0.414	0.414
BCL2L1	PRKACA	9606.ENSP00000365230	9606.ENSP00000309591	0	0	0	0	0.062	0	0	0.395	0.408
BCL2L1	CALML3	9606.ENSP00000365230	9606.ENSP00000315299	0	0	0	0	0	0	0	0.412	0.412
BCL2L1	MET	9606.ENSP00000365230	9606.ENSP00000317272	0	0	0	0	0.059	0	0	0.485	0.495
BCL2L1	ETS2	9606.ENSP00000365230	9606.ENSP00000353344	0	0	0	0	0	0	0	0.516	0.516
BCL2L1	FASLG	9606.ENSP00000365230	9606.ENSP00000356694	0	0	0	0	0	0	0	0.728	0.728
BCL2L1	NGF	9606.ENSP00000365230	9606.ENSP00000358525	0	0	0	0	0	0	0	0.445	0.445
BCL2L1	NRAS	9606.ENSP00000365230	9606.ENSP00000358548	0	0	0	0	0.049	0	0	0.448	0.453
BCL2L1	CHUK	9606.ENSP00000365230	9606.ENSP00000359424	0	0	0	0	0.060	0	0	0.538	0.547
BCL2L1	FOXO4	9606.ENSP00000365230	9606.ENSP00000363377	0	0	0	0	0.108	0	0	0.381	0.425
BCL2L1	KITLG	9606.ENSP00000365230	9606.ENSP00000495951	0	0	0	0	0.044	0	0	0.401	0.402
BCL2L1	GRB2	9606.ENSP00000365230	9606.ENSP00000376345	0	0	0	0	0.062	0	0	0.399	0.412
BCL2L1	CALML5	9606.ENSP00000365230	9606.ENSP00000369689	0	0	0	0	0	0	0	0.412	0.412
BCL2L1	CALML4	9606.ENSP00000365230	9606.ENSP00000419081	0	0	0	0	0	0	0	0.414	0.414
BCL2L1	PIK3CD	9606.ENSP00000365230	9606.ENSP00000366563	0	0	0	0	0.047	0	0	0.411	0.415
BCL2L1	RHOA	9606.ENSP00000365230	9606.ENSP00000400175	0	0	0	0	0.067	0	0	0.400	0.417
BCL2L1	NTRK1	9606.ENSP00000365230	9606.ENSP00000431418	0	0	0	0	0.059	0	0	0.407	0.418
BCL2L1	PRKCA	9606.ENSP00000365230	9606.ENSP00000408695	0	0	0	0	0.049	0	0	0.413	0.418
BCL2L1	HRAS	9606.ENSP00000365230	9606.ENSP00000407586	0	0	0	0	0.067	0	0	0.405	0.421
BCL2L1	IKBKG	9606.ENSP00000365230	9606.ENSP00000483825	0	0	0	0	0.151	0	0	0.431	0.496
BCL2L1	BDNF	9606.ENSP00000365230	9606.ENSP00000414303	0	0	0	0	0	0	0	0.512	0.512
BCL2L1	IGF1R	9606.ENSP00000365230	9606.ENSP00000497069	0	0	0	0	0	0	0	0.541	0.541
BCL2L1	INS	9606.ENSP00000365230	9606.ENSP00000380432	0	0	0	0	0	0	0	0.544	0.544
BCL2L1	IKBKB	9606.ENSP00000365230	9606.ENSP00000430684	0	0	0	0	0.049	0	0	0.588	0.591
BCL2L1	IGF1	9606.ENSP00000365230	9606.ENSP00000376637	0	0	0	0	0	0	0	0.704	0.704
BCL2L1	PTPN11	9606.ENSP00000365230	9606.ENSP00000489597	0	0	0	0	0.085	0	0.500	0.448	0.725
BCL2L1	RELA	9606.ENSP00000365230	9606.ENSP00000384273	0	0	0	0	0.080	0.292	0	0.680	0.773
BCL2L1	RAF1	9606.ENSP00000365230	9606.ENSP00000401888	0	0	0	0	0.058	0.677	0	0.674	0.892
BCL2L1	MAPK9	9606.ENSP00000365230	9606.ENSP00000394560	0	0	0	0	0.083	0.292	0.900	0.406	0.956
BCL2L1	MAPK8	9606.ENSP00000365230	9606.ENSP00000378974	0	0	0	0	0.057	0.678	0.900	0.593	0.986
BDNF	FGF4	9606.ENSP00000414303	9606.ENSP00000168712	0	0	0	0	0	0	0	0.647	0.647
BDNF	NGFR	9606.ENSP00000414303	9606.ENSP00000172229	0	0	0	0	0	0.095	0.900	0.998	0.999
BDNF	FGF20	9606.ENSP00000414303	9606.ENSP00000180166	0	0	0	0	0.054	0	0	0.657	0.661
BDNF	FGF22	9606.ENSP00000414303	9606.ENSP00000215530	0	0	0	0	0	0	0	0.652	0.652
BDNF	MAPK1	9606.ENSP00000414303	9606.ENSP00000215832	0	0	0	0	0	0	0.750	0.407	0.845
BDNF	HGF	9606.ENSP00000414303	9606.ENSP00000222390	0	0	0	0	0.042	0	0	0.599	0.599
BDNF	NFKB1	9606.ENSP00000414303	9606.ENSP00000226574	0	0	0	0	0.056	0	0	0.533	0.540
BDNF	FGF6	9606.ENSP00000414303	9606.ENSP00000228837	0	0	0	0	0	0	0	0.652	0.652
BDNF	FGF23	9606.ENSP00000414303	9606.ENSP00000237837	0	0	0	0	0	0	0	0.472	0.472
BDNF	FLT3	9606.ENSP00000414303	9606.ENSP00000241453	0	0	0	0	0	0	0.650	0.166	0.695
BDNF	PLCG1	9606.ENSP00000414303	9606.ENSP00000244007	0	0	0	0	0	0	0.500	0.455	0.715
BDNF	KRAS	9606.ENSP00000414303	9606.ENSP00000256078	0	0	0	0	0	0	0.500	0.225	0.596
BDNF	PDGFRA	9606.ENSP00000414303	9606.ENSP00000257290	0	0	0	0	0	0.095	0.650	0.594	0.860
BDNF	PDGFRB	9606.ENSP00000414303	9606.ENSP00000261799	0	0	0	0	0.067	0	0.650	0.328	0.761
BDNF	FLT4	9606.ENSP00000414303	9606.ENSP00000261937	0	0	0	0	0	0	0.650	0.220	0.715
BDNF	GAB1	9606.ENSP00000414303	9606.ENSP00000262995	0	0	0.286	0	0	0	0.500	0.152	0.670
BDNF	MAPK3	9606.ENSP00000414303	9606.ENSP00000263025	0	0	0	0	0	0	0.750	0.779	0.942
BDNF	KDR	9606.ENSP00000414303	9606.ENSP00000263923	0	0	0	0	0	0	0.650	0.438	0.795
BDNF	PIK3CA	9606.ENSP00000414303	9606.ENSP00000263967	0	0	0	0	0	0	0.500	0.181	0.573
BDNF	FGF2	9606.ENSP00000414303	9606.ENSP00000264498	0	0	0	0	0.174	0	0	0.814	0.840
BDNF	FGF10	9606.ENSP00000414303	9606.ENSP00000264664	0	0	0	0	0	0	0	0.649	0.649
BDNF	EGF	9606.ENSP00000414303	9606.ENSP00000265171	0	0	0	0	0	0	0	0.798	0.798
BDNF	FGF7	9606.ENSP00000414303	9606.ENSP00000267843	0	0	0	0	0.067	0	0	0.767	0.774
BDNF	FGF18	9606.ENSP00000414303	9606.ENSP00000274625	0	0	0	0	0.062	0	0	0.649	0.657
BDNF	EGFR	9606.ENSP00000414303	9606.ENSP00000275493	0	0	0	0	0.107	0	0.650	0.639	0.877
BDNF	NTRK2	9606.ENSP00000414303	9606.ENSP00000277120	0	0	0	0	0.060	0.691	0.900	0.999	0.999
BDNF	FLT1	9606.ENSP00000414303	9606.ENSP00000282397	0	0	0	0	0	0	0.650	0.369	0.769
BDNF	CSF1R	9606.ENSP00000414303	9606.ENSP00000286301	0	0	0	0	0	0	0.650	0.343	0.760
BDNF	TIAM1	9606.ENSP00000414303	9606.ENSP00000286827	0	0	0	0	0	0	0.500	0.712	0.849
BDNF	KIT	9606.ENSP00000414303	9606.ENSP00000288135	0	0	0	0	0	0	0.650	0.564	0.841
BDNF	CALM3	9606.ENSP00000414303	9606.ENSP00000291295	0	0	0	0	0	0	0	0.746	0.746
BDNF	FGFR4	9606.ENSP00000414303	9606.ENSP00000292408	0	0	0	0	0	0	0.650	0.201	0.708
BDNF	INSR	9606.ENSP00000414303	9606.ENSP00000303830	0	0	0	0	0	0.044	0.650	0.248	0.726
BDNF	CALML6	9606.ENSP00000414303	9606.ENSP00000304643	0	0	0	0	0	0	0	0.748	0.748
BDNF	PRKACA	9606.ENSP00000414303	9606.ENSP00000309591	0	0	0	0	0	0.071	0	0.637	0.648
BDNF	VEGFB	9606.ENSP00000414303	9606.ENSP00000311127	0	0	0	0	0	0	0	0.562	0.562
BDNF	FGF5	9606.ENSP00000414303	9606.ENSP00000311697	0	0	0	0	0.086	0	0	0.773	0.784
BDNF	CALML3	9606.ENSP00000414303	9606.ENSP00000315299	0	0	0	0	0	0	0	0.748	0.748
BDNF	MET	9606.ENSP00000414303	9606.ENSP00000317272	0	0	0	0	0.072	0.044	0.650	0.270	0.742
BDNF	FGF8	9606.ENSP00000414303	9606.ENSP00000321797	0	0	0	0	0	0	0	0.778	0.778
BDNF	EFNA5	9606.ENSP00000414303	9606.ENSP00000328777	0	0	0	0	0.044	0	0	0.458	0.460
BDNF	GRIN2A	9606.ENSP00000414303	9606.ENSP00000332549	0	0	0	0	0.050	0	0	0.817	0.819
BDNF	FGF3	9606.ENSP00000414303	9606.ENSP00000334122	0	0	0	0	0	0	0	0.755	0.755
BDNF	FGFR3	9606.ENSP00000414303	9606.ENSP00000339824	0	0	0	0	0	0	0.650	0.307	0.747
BDNF	RAC1	9606.ENSP00000414303	9606.ENSP00000348461	0	0	0	0	0	0	0.500	0.246	0.607
BDNF	EPHA2	9606.ENSP00000414303	9606.ENSP00000351209	0	0	0	0	0.087	0.044	0.650	0.158	0.708
BDNF	FGF17	9606.ENSP00000414303	9606.ENSP00000352414	0	0	0	0	0	0	0	0.642	0.642
BDNF	NGF	9606.ENSP00000414303	9606.ENSP00000358525	0	0	0	0.835	0.099	0	0	0.679	0.698
BDNF	NRAS	9606.ENSP00000414303	9606.ENSP00000358548	0	0	0	0	0.049	0	0.500	0.161	0.566
BDNF	PRKACB	9606.ENSP00000414303	9606.ENSP00000359719	0	0	0	0	0	0	0	0.637	0.637
BDNF	GRIN1	9606.ENSP00000414303	9606.ENSP00000360608	0	0	0	0	0.074	0	0	0.736	0.745
BDNF	SHC3	9606.ENSP00000414303	9606.ENSP00000364995	0	0	0	0	0.125	0	0	0.480	0.525
BDNF	PRKACG	9606.ENSP00000414303	9606.ENSP00000366488	0	0	0	0	0	0	0	0.748	0.748
BDNF	TEK	9606.ENSP00000414303	9606.ENSP00000369375	0	0	0	0	0.062	0	0.650	0.271	0.739
BDNF	CALML5	9606.ENSP00000414303	9606.ENSP00000369689	0	0	0	0	0	0	0	0.748	0.748
BDNF	FGF9	9606.ENSP00000414303	9606.ENSP00000371790	0	0	0	0	0.048	0	0	0.767	0.769
BDNF	GRB2	9606.ENSP00000414303	9606.ENSP00000376345	0	0	0	0	0	0	0.500	0.577	0.779
BDNF	IGF1	9606.ENSP00000414303	9606.ENSP00000376637	0	0	0	0	0	0	0	0.859	0.859
BDNF	INS	9606.ENSP00000414303	9606.ENSP00000380432	0	0	0	0	0	0	0	0.750	0.750
BDNF	SOS1	9606.ENSP00000414303	9606.ENSP00000384675	0	0	0	0	0	0	0.500	0.202	0.583
BDNF	IGF2	9606.ENSP00000414303	9606.ENSP00000391826	0	0	0	0	0	0	0	0.650	0.650
BDNF	FGFR1	9606.ENSP00000414303	9606.ENSP00000393312	0	0	0	0	0.042	0	0.650	0.627	0.864
BDNF	NTF3	9606.ENSP00000414303	9606.ENSP00000397297	0	0	0.099	0.859	0.082	0.958	0	0.774	0.991
BDNF	FGF16	9606.ENSP00000414303	9606.ENSP00000399324	0	0	0	0	0	0	0	0.637	0.637
BDNF	RHOA	9606.ENSP00000414303	9606.ENSP00000400175	0	0	0	0	0	0	0	0.554	0.554
BDNF	SHC1	9606.ENSP00000414303	9606.ENSP00000401303	0	0	0	0	0.082	0	0.500	0.678	0.839
BDNF	HRAS	9606.ENSP00000414303	9606.ENSP00000407586	0	0	0	0	0.042	0	0.500	0.217	0.592
BDNF	FGFR2	9606.ENSP00000414303	9606.ENSP00000410294	0	0	0	0	0	0	0.650	0.525	0.827
BDNF	CDC42	9606.ENSP00000414303	9606.ENSP00000497733	0	0	0	0	0.043	0	0	0.430	0.431
BDNF	KITLG	9606.ENSP00000414303	9606.ENSP00000495951	0	0	0	0	0.084	0	0	0.407	0.433
BDNF	FGF21	9606.ENSP00000414303	9606.ENSP00000471477	0	0	0	0	0	0	0	0.477	0.477
BDNF	PIK3R1	9606.ENSP00000414303	9606.ENSP00000428056	0	0	0	0	0	0	0.500	0.224	0.595
BDNF	PTPN11	9606.ENSP00000414303	9606.ENSP00000489597	0	0	0	0	0	0	0.500	0.291	0.630
BDNF	FGF1	9606.ENSP00000414303	9606.ENSP00000480791	0	0	0	0	0.080	0	0	0.694	0.707
BDNF	CALML4	9606.ENSP00000414303	9606.ENSP00000419081	0	0	0	0	0	0	0	0.814	0.814
BDNF	IGF1R	9606.ENSP00000414303	9606.ENSP00000497069	0	0	0	0	0	0.044	0.650	0.745	0.907
BDNF	GRIN2B	9606.ENSP00000414303	9606.ENSP00000477455	0	0	0	0	0.056	0	0.500	0.867	0.931
BDNF	NTF4	9606.ENSP00000414303	9606.ENSP00000469455	0	0	0	0.902	0.042	0.968	0.500	0.433	0.990
BDNF	NTRK1	9606.ENSP00000414303	9606.ENSP00000431418	0	0	0	0	0.060	0.065	0.650	0.999	0.999
BRAP	RRAS	9606.ENSP00000403524	9606.ENSP00000246792	0	0	0	0	0	0.058	0.900	0	0.901
BRAP	KRAS	9606.ENSP00000403524	9606.ENSP00000256078	0	0	0	0	0.049	0.071	0.900	0	0.903
BRAP	RRAS2	9606.ENSP00000403524	9606.ENSP00000256196	0	0	0	0	0	0.058	0.900	0	0.901
BRAP	MRAS	9606.ENSP00000403524	9606.ENSP00000289104	0	0	0	0	0	0.058	0.900	0.055	0.903
BRAP	NRAS	9606.ENSP00000403524	9606.ENSP00000358548	0	0	0	0	0.049	0.071	0.900	0.112	0.911
BRAP	KSR1	9606.ENSP00000403524	9606.ENSP00000381958	0	0	0	0	0	0.636	0.900	0.611	0.984
BRAP	KSR2	9606.ENSP00000403524	9606.ENSP00000389715	0	0	0	0	0	0.069	0.900	0.072	0.906
BRAP	RAF1	9606.ENSP00000403524	9606.ENSP00000401888	0	0	0	0	0.050	0.299	0.400	0.204	0.639
BRAP	HRAS	9606.ENSP00000403524	9606.ENSP00000407586	0	0	0	0	0.049	0.314	0.900	0.063	0.930
CALM1	RALA	9606.ENSP00000499717	9606.ENSP00000005257	0	0	0	0	0.088	0.669	0.500	0.116	0.849
CALM1	EXOC2	9606.ENSP00000499717	9606.ENSP00000230449	0	0	0	0	0.049	0	0.500	0.139	0.554
CALM1	PLCG1	9606.ENSP00000499717	9606.ENSP00000244007	0	0	0	0	0.044	0	0.500	0.137	0.551
CALM1	KRAS	9606.ENSP00000499717	9606.ENSP00000256078	0	0	0	0	0.082	0.621	0.700	0.145	0.899
CALM1	MAP2K2	9606.ENSP00000499717	9606.ENSP00000262948	0	0	0	0	0.086	0.067	0.400	0.116	0.487
CALM1	PRKCG	9606.ENSP00000499717	9606.ENSP00000263431	0	0	0	0	0	0	0.400	0.149	0.467
CALM1	RASGRF2	9606.ENSP00000499717	9606.ENSP00000265080	0	0	0	0	0	0.045	0.400	0.067	0.419
CALM1	RALB	9606.ENSP00000499717	9606.ENSP00000272519	0	0	0	0	0.089	0.398	0	0.126	0.479
CALM1	EGFR	9606.ENSP00000499717	9606.ENSP00000275493	0	0	0	0	0	0.824	0	0.198	0.852
CALM1	PAK1	9606.ENSP00000499717	9606.ENSP00000278568	0	0	0	0	0	0.104	0.500	0.066	0.545
CALM1	CALM3	9606.ENSP00000499717	9606.ENSP00000291295	0	0	0.048	0.985	0.102	0.900	0	0.293	0.931
CALM1	MAP2K1	9606.ENSP00000499717	9606.ENSP00000302486	0	0	0	0	0.144	0.067	0.400	0.193	0.561
CALM1	PRKACA	9606.ENSP00000499717	9606.ENSP00000309591	0	0	0	0	0.055	0	0.400	0.189	0.500
CALM1	PAK2	9606.ENSP00000499717	9606.ENSP00000314067	0	0	0	0	0.044	0.104	0.500	0.066	0.546
CALM1	GRIN2A	9606.ENSP00000499717	9606.ENSP00000332549	0	0	0	0	0	0.060	0.500	0.228	0.605
CALM1	RAC1	9606.ENSP00000499717	9606.ENSP00000348461	0	0	0	0	0.105	0.407	0.500	0.161	0.748
CALM1	NRAS	9606.ENSP00000499717	9606.ENSP00000358548	0	0	0	0	0.074	0.130	0.500	0.092	0.585
CALM1	PRKACB	9606.ENSP00000499717	9606.ENSP00000359719	0	0	0	0	0.063	0	0.500	0.245	0.615
CALM1	GRIN1	9606.ENSP00000499717	9606.ENSP00000360608	0	0	0	0	0	0.902	0.400	0.117	0.944
CALM1	PRKACG	9606.ENSP00000499717	9606.ENSP00000366488	0	0	0	0	0.055	0	0.500	0.192	0.585
CALM1	GRB2	9606.ENSP00000499717	9606.ENSP00000376345	0	0	0	0	0.074	0	0.400	0.202	0.518
CALM1	LAT	9606.ENSP00000499717	9606.ENSP00000378845	0	0	0	0	0	0	0.400	0	0.400
CALM1	KSR1	9606.ENSP00000499717	9606.ENSP00000381958	0	0	0	0	0	0.099	0.400	0.046	0.439
CALM1	SOS1	9606.ENSP00000499717	9606.ENSP00000384675	0	0	0	0	0	0.045	0.400	0.220	0.514
CALM1	SHC1	9606.ENSP00000499717	9606.ENSP00000401303	0	0	0	0	0	0	0.400	0.067	0.416
CALM1	RAF1	9606.ENSP00000499717	9606.ENSP00000401888	0	0	0	0	0	0.334	0.400	0.046	0.585
CALM1	RASGRF1	9606.ENSP00000499717	9606.ENSP00000405963	0	0	0	0	0	0.045	0.400	0.054	0.410
CALM1	HRAS	9606.ENSP00000499717	9606.ENSP00000407586	0	0	0	0	0.079	0.130	0.500	0.201	0.637
CALM1	PRKCA	9606.ENSP00000499717	9606.ENSP00000408695	0	0	0	0	0.056	0	0.500	0.174	0.576
CALM1	PIK3R1	9606.ENSP00000499717	9606.ENSP00000428056	0	0	0	0	0.070	0	0.500	0.182	0.586
CALM1	GRIN2B	9606.ENSP00000499717	9606.ENSP00000477455	0	0	0	0	0	0.071	0.400	0.184	0.505
CALM1	CDC42	9606.ENSP00000499717	9606.ENSP00000497733	0	0	0	0	0.088	0.439	0.500	0.223	0.775
CALM1	CALM2	9606.ENSP00000499717	9606.ENSP00000499797	0	0	0.048	0.985	0.082	0.917	0	0.260	0.939
CALM2	MAPK1	9606.ENSP00000499797	9606.ENSP00000215832	0	0	0	0	0.085	0.108	0	0.363	0.435
CALM2	CALM3	9606.ENSP00000499797	9606.ENSP00000291295	0	0	0.048	0.985	0.059	0.916	0	0.529	0.959
CALM2	INSR	9606.ENSP00000499797	9606.ENSP00000303830	0	0	0	0	0	0.099	0	0.517	0.546
CALM2	CALML6	9606.ENSP00000499797	9606.ENSP00000304643	0	0	0.058	0.914	0	0	0	0.480	0.489
CALM2	CALML3	9606.ENSP00000499797	9606.ENSP00000315299	0	0	0.050	0.981	0	0.214	0	0.472	0.571
CALM2	RAC1	9606.ENSP00000499797	9606.ENSP00000348461	0	0	0	0	0.157	0.284	0	0.135	0.433
CALM2	GRIN1	9606.ENSP00000499797	9606.ENSP00000360608	0	0	0	0	0	0.902	0	0.111	0.909
CALM2	CALML5	9606.ENSP00000499797	9606.ENSP00000369689	0	0	0.072	0.937	0	0	0	0.484	0.500
CALM2	MAPK9	9606.ENSP00000499797	9606.ENSP00000394560	0	0	0	0	0.074	0	0	0.455	0.474
CALM2	RHOA	9606.ENSP00000499797	9606.ENSP00000400175	0	0	0	0	0.310	0.097	0	0.219	0.471
CALM2	CALML4	9606.ENSP00000499797	9606.ENSP00000419081	0	0	0.072	0.920	0	0	0	0.480	0.497
CALM2	CDC42	9606.ENSP00000499797	9606.ENSP00000497733	0	0	0	0	0.116	0.245	0	0.233	0.444
CALM3	RALA	9606.ENSP00000291295	9606.ENSP00000005257	0	0	0	0	0.081	0.508	0	0.647	0.827
CALM3	FGF4	9606.ENSP00000291295	9606.ENSP00000168712	0	0	0	0	0	0.104	0	0.573	0.601
CALM3	FGF20	9606.ENSP00000291295	9606.ENSP00000180166	0	0	0	0	0	0.104	0	0.579	0.606
CALM3	FGF22	9606.ENSP00000291295	9606.ENSP00000215530	0	0	0	0	0	0.104	0	0.577	0.605
CALM3	MAPK1	9606.ENSP00000291295	9606.ENSP00000215832	0	0	0	0	0.097	0.108	0	0.490	0.553
CALM3	NFKB1	9606.ENSP00000291295	9606.ENSP00000226574	0	0	0	0	0	0.104	0	0.628	0.652
CALM3	FGF6	9606.ENSP00000291295	9606.ENSP00000228837	0	0	0	0	0	0.104	0	0.573	0.601
CALM3	PLCG1	9606.ENSP00000291295	9606.ENSP00000244007	0	0	0	0	0	0	0.900	0.447	0.942
CALM3	RAC2	9606.ENSP00000291295	9606.ENSP00000249071	0	0	0	0	0.103	0.097	0	0.386	0.460
CALM3	KRAS	9606.ENSP00000291295	9606.ENSP00000256078	0	0	0	0	0.081	0.130	0.900	0.978	0.998
CALM3	MAPK3	9606.ENSP00000291295	9606.ENSP00000263025	0	0	0	0	0.126	0.108	0	0.614	0.673
CALM3	FGF10	9606.ENSP00000291295	9606.ENSP00000264664	0	0	0	0	0	0.104	0	0.576	0.604
CALM3	RASGRF2	9606.ENSP00000291295	9606.ENSP00000265080	0	0	0	0	0	0.045	0.900	0.296	0.926
CALM3	EGF	9606.ENSP00000291295	9606.ENSP00000265171	0	0	0	0	0	0	0	0.506	0.506
CALM3	FGF7	9606.ENSP00000291295	9606.ENSP00000267843	0	0	0	0	0	0.104	0	0.578	0.606
CALM3	RALB	9606.ENSP00000291295	9606.ENSP00000272519	0	0	0	0	0.082	0.398	0	0.254	0.552
CALM3	RASA1	9606.ENSP00000291295	9606.ENSP00000274376	0	0	0	0	0.042	0	0	0.645	0.645
CALM3	FGF18	9606.ENSP00000291295	9606.ENSP00000274625	0	0	0	0	0	0.104	0	0.574	0.601
CALM3	EGFR	9606.ENSP00000291295	9606.ENSP00000275493	0	0	0	0	0	0.623	0	0.641	0.859
CALM3	NTRK2	9606.ENSP00000291295	9606.ENSP00000277120	0	0	0	0	0.062	0.177	0	0.652	0.708
CALM3	MAPK8	9606.ENSP00000291295	9606.ENSP00000378974	0	0	0	0	0.060	0	0	0.400	0.411
CALM3	RELA	9606.ENSP00000291295	9606.ENSP00000384273	0	0	0	0	0	0.252	0	0.271	0.431
CALM3	RAC1	9606.ENSP00000291295	9606.ENSP00000348461	0	0	0	0	0.081	0.211	0	0.292	0.443
CALM3	COL18A1	9606.ENSP00000291295	9606.ENSP00000352798	0	0	0	0	0.042	0	0	0.443	0.443
CALM3	IGF1	9606.ENSP00000291295	9606.ENSP00000376637	0	0	0	0	0	0	0	0.447	0.447
CALM3	FGF1	9606.ENSP00000291295	9606.ENSP00000480791	0	0	0	0	0	0.104	0	0.452	0.488
CALM3	FGFR1	9606.ENSP00000291295	9606.ENSP00000393312	0	0	0	0	0	0	0	0.497	0.497
CALM3	PLA2G10	9606.ENSP00000291295	9606.ENSP00000393847	0	0	0	0	0.055	0	0	0.495	0.502
CALM3	RASGRP1	9606.ENSP00000291295	9606.ENSP00000310244	0	0	0	0	0.042	0.045	0	0.504	0.507
CALM3	IKBKG	9606.ENSP00000291295	9606.ENSP00000483825	0	0	0	0	0.054	0.165	0	0.434	0.513
CALM3	PIK3R1	9606.ENSP00000291295	9606.ENSP00000428056	0	0	0	0	0.044	0	0	0.512	0.513
CALM3	MAP2K1	9606.ENSP00000291295	9606.ENSP00000302486	0	0	0	0	0.110	0.067	0	0.489	0.539
CALM3	IKBKB	9606.ENSP00000291295	9606.ENSP00000430684	0	0	0	0	0	0.381	0	0.288	0.541
CALM3	PRKCB	9606.ENSP00000291295	9606.ENSP00000496129	0	0	0	0	0.060	0	0	0.540	0.549
CALM3	PLD1	9606.ENSP00000291295	9606.ENSP00000342793	0	0	0	0	0.055	0	0	0.543	0.550
CALM3	IGF1R	9606.ENSP00000291295	9606.ENSP00000497069	0	0	0	0	0	0.133	0	0.548	0.592
CALM3	FGF3	9606.ENSP00000291295	9606.ENSP00000334122	0	0	0	0	0	0.104	0	0.573	0.601
CALM3	FGF8	9606.ENSP00000291295	9606.ENSP00000321797	0	0	0	0	0	0.104	0	0.574	0.601
CALM3	FGF5	9606.ENSP00000291295	9606.ENSP00000311697	0	0	0	0	0	0.104	0	0.573	0.601
CALM3	FGF16	9606.ENSP00000291295	9606.ENSP00000399324	0	0	0	0	0	0.104	0	0.578	0.606
CALM3	FGF9	9606.ENSP00000291295	9606.ENSP00000371790	0	0	0	0	0	0.104	0	0.578	0.606
CALM3	RAF1	9606.ENSP00000291295	9606.ENSP00000401888	0	0	0	0	0.042	0.099	0	0.588	0.613
CALM3	GRB2	9606.ENSP00000291295	9606.ENSP00000376345	0	0	0	0	0.055	0.164	0	0.592	0.650
CALM3	CHUK	9606.ENSP00000291295	9606.ENSP00000359424	0	0	0	0	0	0.401	0	0.451	0.657
CALM3	PLA2G6	9606.ENSP00000291295	9606.ENSP00000333142	0	0	0	0	0.080	0	0	0.644	0.659
CALM3	PLA2G2A	9606.ENSP00000291295	9606.ENSP00000383364	0	0	0	0	0.055	0	0	0.666	0.670
CALM3	CDC42	9606.ENSP00000291295	9606.ENSP00000497733	0	0	0	0	0.081	0.235	0	0.599	0.694
CALM3	PRKCA	9606.ENSP00000291295	9606.ENSP00000408695	0	0	0	0	0.056	0	0	0.726	0.730
CALM3	REL	9606.ENSP00000291295	9606.ENSP00000295025	0	0	0	0	0	0.461	0	0.551	0.747
CALM3	INS	9606.ENSP00000291295	9606.ENSP00000380432	0	0	0	0	0.067	0	0	0.764	0.770
CALM3	RHOA	9606.ENSP00000291295	9606.ENSP00000400175	0	0	0	0	0.132	0.097	0	0.776	0.809
CALM3	NGF	9606.ENSP00000291295	9606.ENSP00000358525	0	0	0	0	0.055	0	0	0.867	0.868
CALM3	GRIN2A	9606.ENSP00000291295	9606.ENSP00000332549	0	0	0	0	0	0.060	0.650	0.725	0.901
CALM3	FGF17	9606.ENSP00000291295	9606.ENSP00000352414	0	0	0	0	0.063	0.104	0	0.901	0.909
CALM3	GRIN2B	9606.ENSP00000291295	9606.ENSP00000477455	0	0	0	0	0	0.071	0.650	0.746	0.910
CALM3	PLCG2	9606.ENSP00000291295	9606.ENSP00000482457	0	0	0	0	0	0	0.900	0.341	0.931
CALM3	RASGRF1	9606.ENSP00000291295	9606.ENSP00000405963	0	0	0	0	0	0.045	0.900	0.581	0.956
CALM3	NRAS	9606.ENSP00000291295	9606.ENSP00000358548	0	0	0	0	0.074	0.130	0.900	0.554	0.959
CALM3	HRAS	9606.ENSP00000291295	9606.ENSP00000407586	0	0	0	0	0.096	0.130	0.900	0.610	0.965
CALM3	PRKACB	9606.ENSP00000291295	9606.ENSP00000359719	0	0	0	0	0.055	0	0.650	0.970	0.989
CALM3	PRKACA	9606.ENSP00000291295	9606.ENSP00000309591	0	0	0	0	0.080	0	0.650	0.970	0.989
CALM3	PRKACG	9606.ENSP00000291295	9606.ENSP00000366488	0	0	0	0	0.055	0	0.650	0.978	0.992
CALM3	CALML4	9606.ENSP00000291295	9606.ENSP00000419081	0	0	0.072	0.920	0	0	0.900	0.969	0.996
CALM3	GRIN1	9606.ENSP00000291295	9606.ENSP00000360608	0	0	0	0	0.086	0.902	0.650	0.913	0.996
CALM3	CALML5	9606.ENSP00000291295	9606.ENSP00000369689	0	0	0.072	0.937	0	0	0.900	0.969	0.996
CALM3	CALML3	9606.ENSP00000291295	9606.ENSP00000315299	0	0	0.050	0.981	0	0	0.900	0.968	0.996
CALM3	CALML6	9606.ENSP00000291295	9606.ENSP00000304643	0	0	0.058	0.914	0	0	0.900	0.969	0.996
CALML3	RALA	9606.ENSP00000315299	9606.ENSP00000005257	0	0	0	0	0.074	0.185	0	0.777	0.817
CALML3	FGF4	9606.ENSP00000315299	9606.ENSP00000168712	0	0	0	0	0	0.104	0	0.564	0.592
CALML3	FGF20	9606.ENSP00000315299	9606.ENSP00000180166	0	0	0	0	0.042	0.104	0	0.571	0.600
CALML3	FGF22	9606.ENSP00000315299	9606.ENSP00000215530	0	0	0	0	0.050	0.104	0	0.570	0.602
CALML3	MAPK1	9606.ENSP00000315299	9606.ENSP00000215832	0	0	0	0	0.065	0.108	0	0.446	0.497
CALML3	NFKB1	9606.ENSP00000315299	9606.ENSP00000226574	0	0	0	0	0	0.104	0	0.620	0.645
CALML3	FGF6	9606.ENSP00000315299	9606.ENSP00000228837	0	0	0	0	0	0.104	0	0.566	0.594
CALML3	PLCG1	9606.ENSP00000315299	9606.ENSP00000244007	0	0	0	0	0	0	0.900	0.420	0.939
CALML3	RAC2	9606.ENSP00000315299	9606.ENSP00000249071	0	0	0	0	0.074	0.097	0	0.363	0.421
CALML3	KRAS	9606.ENSP00000315299	9606.ENSP00000256078	0	0	0	0	0.074	0.130	0.900	0.982	0.998
CALML3	MAPK3	9606.ENSP00000315299	9606.ENSP00000263025	0	0	0	0	0.065	0.108	0	0.612	0.648
CALML3	PIK3CA	9606.ENSP00000315299	9606.ENSP00000263967	0	0	0	0	0	0	0	0.518	0.518
CALML3	FGF10	9606.ENSP00000315299	9606.ENSP00000264664	0	0	0	0	0	0.104	0	0.567	0.595
CALML3	RASGRF2	9606.ENSP00000315299	9606.ENSP00000265080	0	0	0	0	0	0.045	0.900	0.283	0.925
CALML3	EGF	9606.ENSP00000315299	9606.ENSP00000265171	0	0	0	0	0	0	0	0.505	0.505
CALML3	FGF7	9606.ENSP00000315299	9606.ENSP00000267843	0	0	0	0	0	0.104	0	0.571	0.599
CALML3	RALB	9606.ENSP00000315299	9606.ENSP00000272519	0	0	0	0	0.074	0.185	0	0.501	0.590
CALML3	RASA1	9606.ENSP00000315299	9606.ENSP00000274376	0	0	0	0	0	0	0	0.643	0.643
CALML3	FGF18	9606.ENSP00000315299	9606.ENSP00000274625	0	0	0	0	0	0.104	0	0.567	0.595
CALML3	EGFR	9606.ENSP00000315299	9606.ENSP00000275493	0	0	0	0	0.044	0	0	0.810	0.811
CALML3	NTRK2	9606.ENSP00000315299	9606.ENSP00000277120	0	0	0	0	0.050	0.099	0	0.645	0.670
CALML3	FGFR4	9606.ENSP00000315299	9606.ENSP00000292408	0	0	0	0	0	0	0	0.417	0.417
CALML3	REL	9606.ENSP00000315299	9606.ENSP00000295025	0	0	0	0	0	0.109	0	0.550	0.581
CALML3	MAP2K1	9606.ENSP00000315299	9606.ENSP00000302486	0	0	0	0	0.086	0.067	0	0.474	0.512
CALML3	CALML6	9606.ENSP00000315299	9606.ENSP00000304643	0	0	0.063	0.901	0	0	0.900	0.632	0.962
CALML3	PRKACA	9606.ENSP00000315299	9606.ENSP00000309591	0	0	0	0	0.055	0	0.650	0.971	0.989
CALML3	RASGRP1	9606.ENSP00000315299	9606.ENSP00000310244	0	0	0	0	0	0.045	0	0.495	0.498
CALML3	FGF5	9606.ENSP00000315299	9606.ENSP00000311697	0	0	0	0	0	0.104	0	0.564	0.592
CALML3	MAPK8	9606.ENSP00000315299	9606.ENSP00000378974	0	0	0	0	0.060	0	0	0.393	0.405
CALML3	IGF1	9606.ENSP00000315299	9606.ENSP00000376637	0	0	0	0	0.042	0	0	0.434	0.434
CALML3	FGFR1	9606.ENSP00000315299	9606.ENSP00000393312	0	0	0	0	0	0	0	0.486	0.486
CALML3	PLA2G10	9606.ENSP00000315299	9606.ENSP00000393847	0	0	0	0	0.055	0	0	0.495	0.502
CALML3	NTRK1	9606.ENSP00000315299	9606.ENSP00000431418	0	0	0	0	0	0.099	0	0.472	0.504
CALML3	PRKCB	9606.ENSP00000315299	9606.ENSP00000496129	0	0	0	0	0	0	0	0.533	0.533
CALML3	PLD1	9606.ENSP00000315299	9606.ENSP00000342793	0	0	0	0	0.060	0	0	0.535	0.545
CALML3	IGF1R	9606.ENSP00000315299	9606.ENSP00000497069	0	0	0	0	0	0.099	0	0.534	0.563
CALML3	GRB2	9606.ENSP00000315299	9606.ENSP00000376345	0	0	0	0	0	0	0	0.586	0.586
CALML3	FGF9	9606.ENSP00000315299	9606.ENSP00000371790	0	0	0	0	0	0.104	0	0.569	0.597
CALML3	FGF8	9606.ENSP00000315299	9606.ENSP00000321797	0	0	0	0	0.049	0.104	0	0.566	0.597
CALML3	FGF16	9606.ENSP00000315299	9606.ENSP00000399324	0	0	0	0	0	0.104	0	0.570	0.598
CALML3	FGF3	9606.ENSP00000315299	9606.ENSP00000334122	0	0	0	0	0.072	0.104	0	0.565	0.606
CALML3	RAF1	9606.ENSP00000315299	9606.ENSP00000401888	0	0	0	0	0	0.099	0	0.586	0.611
CALML3	CDC42	9606.ENSP00000315299	9606.ENSP00000497733	0	0	0	0	0.074	0.097	0	0.596	0.633
CALML3	PLA2G2A	9606.ENSP00000315299	9606.ENSP00000383364	0	0	0	0	0.055	0	0	0.668	0.672
CALML3	PRKCA	9606.ENSP00000315299	9606.ENSP00000408695	0	0	0	0	0	0	0	0.719	0.719
CALML3	INS	9606.ENSP00000315299	9606.ENSP00000380432	0	0	0	0	0.067	0	0	0.758	0.764
CALML3	PLA2G6	9606.ENSP00000315299	9606.ENSP00000333142	0	0	0	0	0.075	0	0	0.779	0.787
CALML3	RHOA	9606.ENSP00000315299	9606.ENSP00000400175	0	0	0	0	0.115	0.097	0	0.755	0.787
CALML3	FGF17	9606.ENSP00000315299	9606.ENSP00000352414	0	0	0	0	0.058	0.104	0	0.826	0.840
CALML3	NGF	9606.ENSP00000315299	9606.ENSP00000358525	0	0	0	0	0.055	0	0	0.862	0.864
CALML3	GRIN2A	9606.ENSP00000315299	9606.ENSP00000332549	0	0	0	0	0	0.060	0.650	0.709	0.895
CALML3	GRIN2B	9606.ENSP00000315299	9606.ENSP00000477455	0	0	0	0	0	0.071	0.650	0.794	0.927
CALML3	PLCG2	9606.ENSP00000315299	9606.ENSP00000482457	0	0	0	0	0	0	0.900	0.330	0.930
CALML3	RASGRF1	9606.ENSP00000315299	9606.ENSP00000405963	0	0	0	0	0	0.045	0.900	0.581	0.956
CALML3	NRAS	9606.ENSP00000315299	9606.ENSP00000358548	0	0	0	0	0.074	0.130	0.900	0.544	0.958
CALML3	GRIN1	9606.ENSP00000315299	9606.ENSP00000360608	0	0	0	0	0.042	0.068	0.650	0.889	0.960
CALML3	HRAS	9606.ENSP00000315299	9606.ENSP00000407586	0	0	0	0	0.074	0.130	0.900	0.598	0.963
CALML3	CALML4	9606.ENSP00000315299	9606.ENSP00000419081	0	0	0.081	0.898	0	0	0.900	0.632	0.963
CALML3	CALML5	9606.ENSP00000315299	9606.ENSP00000369689	0	0	0.077	0.926	0.162	0	0.900	0.632	0.967
CALML3	PRKACB	9606.ENSP00000315299	9606.ENSP00000359719	0	0	0	0	0.055	0	0.650	0.971	0.989
CALML3	PRKACG	9606.ENSP00000315299	9606.ENSP00000366488	0	0	0	0	0.055	0	0.650	0.979	0.992
CALML4	RALA	9606.ENSP00000419081	9606.ENSP00000005257	0	0	0	0	0.074	0.097	0	0.765	0.786
CALML4	FGF4	9606.ENSP00000419081	9606.ENSP00000168712	0	0	0	0	0	0.104	0	0.564	0.592
CALML4	FGF20	9606.ENSP00000419081	9606.ENSP00000180166	0	0	0	0	0	0.104	0	0.566	0.594
CALML4	FGF22	9606.ENSP00000419081	9606.ENSP00000215530	0	0	0	0	0	0.104	0	0.566	0.594
CALML4	MAPK1	9606.ENSP00000419081	9606.ENSP00000215832	0	0	0	0	0.057	0.108	0	0.424	0.473
CALML4	NFKB1	9606.ENSP00000419081	9606.ENSP00000226574	0	0	0	0	0	0.104	0	0.616	0.641
CALML4	FGF6	9606.ENSP00000419081	9606.ENSP00000228837	0	0	0	0	0	0.104	0	0.566	0.594
CALML4	PLCG1	9606.ENSP00000419081	9606.ENSP00000244007	0	0	0	0	0	0	0.900	0.403	0.937
CALML4	KRAS	9606.ENSP00000419081	9606.ENSP00000256078	0	0	0	0	0.074	0.097	0.900	0.982	0.998
CALML4	MAPK3	9606.ENSP00000419081	9606.ENSP00000263025	0	0	0	0	0.057	0.108	0	0.598	0.633
CALML4	PIK3CA	9606.ENSP00000419081	9606.ENSP00000263967	0	0	0	0	0	0	0	0.517	0.517
CALML4	FGF10	9606.ENSP00000419081	9606.ENSP00000264664	0	0	0	0	0	0.104	0	0.563	0.591
CALML4	RASGRF2	9606.ENSP00000419081	9606.ENSP00000265080	0	0	0	0	0	0.045	0.900	0.283	0.925
CALML4	EGF	9606.ENSP00000419081	9606.ENSP00000265171	0	0	0	0	0	0	0	0.505	0.505
CALML4	FGF7	9606.ENSP00000419081	9606.ENSP00000267843	0	0	0	0	0	0.104	0	0.566	0.594
CALML4	RALB	9606.ENSP00000419081	9606.ENSP00000272519	0	0	0	0	0.074	0.097	0	0.477	0.525
CALML4	RASA1	9606.ENSP00000419081	9606.ENSP00000274376	0	0	0	0	0	0	0	0.643	0.643
CALML4	FGF18	9606.ENSP00000419081	9606.ENSP00000274625	0	0	0	0	0	0.104	0	0.566	0.594
CALML4	EGFR	9606.ENSP00000419081	9606.ENSP00000275493	0	0	0	0	0	0	0	0.809	0.809
CALML4	NTRK2	9606.ENSP00000419081	9606.ENSP00000277120	0	0	0	0	0	0.099	0	0.654	0.675
CALML4	REL	9606.ENSP00000419081	9606.ENSP00000295025	0	0	0	0	0	0.109	0	0.551	0.582
CALML4	MAP2K1	9606.ENSP00000419081	9606.ENSP00000302486	0	0	0	0	0.086	0.067	0	0.449	0.490
CALML4	CALML6	9606.ENSP00000419081	9606.ENSP00000304643	0	0	0	0.738	0	0	0.900	0.633	0.961
CALML4	PRKACA	9606.ENSP00000419081	9606.ENSP00000309591	0	0	0	0	0	0	0.650	0.971	0.989
CALML4	RASGRP1	9606.ENSP00000419081	9606.ENSP00000310244	0	0	0	0	0	0.045	0	0.494	0.497
CALML4	FGF5	9606.ENSP00000419081	9606.ENSP00000311697	0	0	0	0	0	0.104	0	0.564	0.592
CALML4	FGF8	9606.ENSP00000419081	9606.ENSP00000321797	0	0	0	0	0	0.104	0	0.566	0.594
CALML4	GRIN2A	9606.ENSP00000419081	9606.ENSP00000332549	0	0	0	0	0	0.060	0.650	0.713	0.897
CALML4	PLA2G6	9606.ENSP00000419081	9606.ENSP00000333142	0	0	0	0	0.075	0	0	0.779	0.787
CALML4	FGF3	9606.ENSP00000419081	9606.ENSP00000334122	0	0	0	0	0	0.104	0	0.564	0.592
CALML4	PLD1	9606.ENSP00000419081	9606.ENSP00000342793	0	0	0	0	0.055	0	0	0.513	0.520
CALML4	FGF17	9606.ENSP00000419081	9606.ENSP00000352414	0	0	0	0	0	0.104	0	0.826	0.837
CALML4	NGF	9606.ENSP00000419081	9606.ENSP00000358525	0	0	0	0	0.055	0	0	0.866	0.868
CALML4	NRAS	9606.ENSP00000419081	9606.ENSP00000358548	0	0	0	0	0.074	0.097	0.900	0.522	0.954
CALML4	PRKACB	9606.ENSP00000419081	9606.ENSP00000359719	0	0	0	0	0	0	0.650	0.971	0.989
CALML4	GRIN1	9606.ENSP00000419081	9606.ENSP00000360608	0	0	0	0	0	0.047	0.650	0.902	0.964
CALML4	PRKACG	9606.ENSP00000419081	9606.ENSP00000366488	0	0	0	0	0	0	0.650	0.979	0.992
CALML4	CALML5	9606.ENSP00000419081	9606.ENSP00000369689	0	0	0.112	0.804	0	0	0.900	0.633	0.964
CALML4	FGF9	9606.ENSP00000419081	9606.ENSP00000371790	0	0	0	0	0	0.104	0	0.564	0.592
CALML4	GRB2	9606.ENSP00000419081	9606.ENSP00000376345	0	0	0	0	0	0	0	0.586	0.586
CALML4	IGF1	9606.ENSP00000419081	9606.ENSP00000376637	0	0	0	0	0	0	0	0.437	0.437
CALML4	MAPK8	9606.ENSP00000419081	9606.ENSP00000378974	0	0	0	0	0.060	0	0	0.393	0.405
CALML4	INS	9606.ENSP00000419081	9606.ENSP00000380432	0	0	0	0	0.067	0	0	0.764	0.771
CALML4	PLA2G2A	9606.ENSP00000419081	9606.ENSP00000383364	0	0	0	0	0.055	0	0	0.669	0.674
CALML4	FGFR1	9606.ENSP00000419081	9606.ENSP00000393312	0	0	0	0	0	0	0	0.494	0.494
CALML4	PLA2G10	9606.ENSP00000419081	9606.ENSP00000393847	0	0	0	0	0.067	0	0	0.496	0.510
CALML4	FGF16	9606.ENSP00000419081	9606.ENSP00000399324	0	0	0	0	0	0.104	0	0.565	0.593
CALML4	RHOA	9606.ENSP00000419081	9606.ENSP00000400175	0	0	0	0	0.074	0.097	0	0.736	0.760
CALML4	RAF1	9606.ENSP00000419081	9606.ENSP00000401888	0	0	0	0	0	0.099	0	0.586	0.611
CALML4	RASGRF1	9606.ENSP00000419081	9606.ENSP00000405963	0	0	0	0	0	0.045	0.900	0.570	0.955
CALML4	HRAS	9606.ENSP00000419081	9606.ENSP00000407586	0	0	0	0	0.074	0.097	0.900	0.579	0.960
CALML4	PRKCA	9606.ENSP00000419081	9606.ENSP00000408695	0	0	0	0	0	0	0	0.719	0.719
CALML4	NTRK1	9606.ENSP00000419081	9606.ENSP00000431418	0	0	0	0	0	0.099	0	0.483	0.515
CALML4	PRKCB	9606.ENSP00000419081	9606.ENSP00000496129	0	0	0	0	0	0	0	0.530	0.530
CALML4	IGF1R	9606.ENSP00000419081	9606.ENSP00000497069	0	0	0	0	0	0.099	0	0.522	0.551
CALML4	CDC42	9606.ENSP00000419081	9606.ENSP00000497733	0	0	0	0	0.074	0.097	0	0.587	0.625
CALML4	GRIN2B	9606.ENSP00000419081	9606.ENSP00000477455	0	0	0	0	0	0.060	0.650	0.793	0.926
CALML4	PLCG2	9606.ENSP00000419081	9606.ENSP00000482457	0	0	0	0	0.044	0	0.900	0.307	0.927
CALML5	RALA	9606.ENSP00000369689	9606.ENSP00000005257	0	0	0	0	0.074	0.185	0	0.776	0.816
CALML5	FGF4	9606.ENSP00000369689	9606.ENSP00000168712	0	0	0	0	0	0.104	0	0.564	0.592
CALML5	FGF20	9606.ENSP00000369689	9606.ENSP00000180166	0	0	0	0	0	0.104	0	0.571	0.599
CALML5	FGF22	9606.ENSP00000369689	9606.ENSP00000215530	0	0	0	0	0	0.104	0	0.569	0.597
CALML5	MAPK1	9606.ENSP00000369689	9606.ENSP00000215832	0	0	0	0	0.065	0.108	0	0.446	0.497
CALML5	NFKB1	9606.ENSP00000369689	9606.ENSP00000226574	0	0	0	0	0	0.104	0	0.620	0.645
CALML5	FGF6	9606.ENSP00000369689	9606.ENSP00000228837	0	0	0	0	0	0.104	0	0.565	0.593
CALML5	PLCG1	9606.ENSP00000369689	9606.ENSP00000244007	0	0	0	0	0	0	0.900	0.420	0.939
CALML5	RAC2	9606.ENSP00000369689	9606.ENSP00000249071	0	0	0	0	0.074	0.097	0	0.363	0.421
CALML5	KRAS	9606.ENSP00000369689	9606.ENSP00000256078	0	0	0	0	0.074	0.130	0.900	0.983	0.998
CALML5	MAPK3	9606.ENSP00000369689	9606.ENSP00000263025	0	0	0	0	0.065	0.108	0	0.612	0.648
CALML5	PIK3CA	9606.ENSP00000369689	9606.ENSP00000263967	0	0	0	0	0	0	0	0.518	0.518
CALML5	FGF10	9606.ENSP00000369689	9606.ENSP00000264664	0	0	0	0	0	0.104	0	0.567	0.595
CALML5	RASGRF2	9606.ENSP00000369689	9606.ENSP00000265080	0	0	0	0	0	0.045	0.900	0.283	0.925
CALML5	EGF	9606.ENSP00000369689	9606.ENSP00000265171	0	0	0	0	0.042	0	0	0.505	0.505
CALML5	FGF7	9606.ENSP00000369689	9606.ENSP00000267843	0	0	0	0	0	0.104	0	0.570	0.598
CALML5	RALB	9606.ENSP00000369689	9606.ENSP00000272519	0	0	0	0	0.074	0.185	0	0.506	0.595
CALML5	RASA1	9606.ENSP00000369689	9606.ENSP00000274376	0	0	0	0	0	0	0	0.643	0.643
CALML5	FGF18	9606.ENSP00000369689	9606.ENSP00000274625	0	0	0	0	0	0.104	0	0.566	0.594
CALML5	EGFR	9606.ENSP00000369689	9606.ENSP00000275493	0	0	0	0	0	0	0	0.810	0.810
CALML5	NTRK2	9606.ENSP00000369689	9606.ENSP00000277120	0	0	0	0	0	0.099	0	0.645	0.667
CALML5	REL	9606.ENSP00000369689	9606.ENSP00000295025	0	0	0	0	0	0.109	0	0.550	0.581
CALML5	MAP2K1	9606.ENSP00000369689	9606.ENSP00000302486	0	0	0	0	0.086	0.067	0	0.475	0.513
CALML5	CALML6	9606.ENSP00000369689	9606.ENSP00000304643	0	0	0.081	0.828	0	0	0.900	0.633	0.963
CALML5	PRKACA	9606.ENSP00000369689	9606.ENSP00000309591	0	0	0	0	0.055	0	0.650	0.971	0.989
CALML5	RASGRP1	9606.ENSP00000369689	9606.ENSP00000310244	0	0	0	0	0	0.045	0	0.494	0.497
CALML5	FGF5	9606.ENSP00000369689	9606.ENSP00000311697	0	0	0	0	0	0.104	0	0.564	0.592
CALML5	FGF8	9606.ENSP00000369689	9606.ENSP00000321797	0	0	0	0	0.045	0.104	0	0.565	0.595
CALML5	GRIN2A	9606.ENSP00000369689	9606.ENSP00000332549	0	0	0	0	0	0.060	0.650	0.709	0.895
CALML5	PLA2G6	9606.ENSP00000369689	9606.ENSP00000333142	0	0	0	0	0.075	0	0	0.779	0.787
CALML5	FGF3	9606.ENSP00000369689	9606.ENSP00000334122	0	0	0	0	0.042	0.104	0	0.564	0.593
CALML5	PLD1	9606.ENSP00000369689	9606.ENSP00000342793	0	0	0	0	0.055	0	0	0.535	0.542
CALML5	FGF17	9606.ENSP00000369689	9606.ENSP00000352414	0	0	0	0	0	0.104	0	0.826	0.837
CALML5	NGF	9606.ENSP00000369689	9606.ENSP00000358525	0	0	0	0	0.055	0	0	0.863	0.865
CALML5	NRAS	9606.ENSP00000369689	9606.ENSP00000358548	0	0	0	0	0.074	0.130	0.900	0.544	0.958
CALML5	PRKACB	9606.ENSP00000369689	9606.ENSP00000359719	0	0	0	0	0.055	0	0.650	0.971	0.989
CALML5	GRIN1	9606.ENSP00000369689	9606.ENSP00000360608	0	0	0	0	0	0.068	0.650	0.889	0.960
CALML5	PRKACG	9606.ENSP00000369689	9606.ENSP00000366488	0	0	0	0	0.055	0	0.650	0.979	0.992
CALML5	MAPK8	9606.ENSP00000369689	9606.ENSP00000378974	0	0	0	0	0.060	0	0	0.391	0.403
CALML5	IGF1	9606.ENSP00000369689	9606.ENSP00000376637	0	0	0	0	0	0	0	0.434	0.434
CALML5	FGFR1	9606.ENSP00000369689	9606.ENSP00000393312	0	0	0	0	0	0	0	0.486	0.486
CALML5	NTRK1	9606.ENSP00000369689	9606.ENSP00000431418	0	0	0	0	0	0.099	0	0.471	0.503
CALML5	PLA2G10	9606.ENSP00000369689	9606.ENSP00000393847	0	0	0	0	0.055	0	0	0.499	0.506
CALML5	PRKCB	9606.ENSP00000369689	9606.ENSP00000496129	0	0	0	0	0	0	0	0.527	0.527
CALML5	IGF1R	9606.ENSP00000369689	9606.ENSP00000497069	0	0	0	0	0	0.099	0	0.531	0.559
CALML5	GRB2	9606.ENSP00000369689	9606.ENSP00000376345	0	0	0	0	0	0	0	0.589	0.589
CALML5	FGF16	9606.ENSP00000369689	9606.ENSP00000399324	0	0	0	0	0	0.104	0	0.569	0.597
CALML5	FGF9	9606.ENSP00000369689	9606.ENSP00000371790	0	0	0	0	0	0.104	0	0.569	0.597
CALML5	RAF1	9606.ENSP00000369689	9606.ENSP00000401888	0	0	0	0	0	0.099	0	0.586	0.611
CALML5	CDC42	9606.ENSP00000369689	9606.ENSP00000497733	0	0	0	0	0.074	0.193	0	0.596	0.672
CALML5	PLA2G2A	9606.ENSP00000369689	9606.ENSP00000383364	0	0	0	0	0.057	0	0	0.669	0.674
CALML5	PRKCA	9606.ENSP00000369689	9606.ENSP00000408695	0	0	0	0	0	0	0	0.719	0.719
CALML5	INS	9606.ENSP00000369689	9606.ENSP00000380432	0	0	0	0	0.067	0	0	0.758	0.764
CALML5	RHOA	9606.ENSP00000369689	9606.ENSP00000400175	0	0	0	0	0.115	0.097	0	0.755	0.787
CALML5	GRIN2B	9606.ENSP00000369689	9606.ENSP00000477455	0	0	0	0	0	0.071	0.650	0.794	0.927
CALML5	PLCG2	9606.ENSP00000369689	9606.ENSP00000482457	0	0	0	0	0	0	0.900	0.330	0.930
CALML5	RASGRF1	9606.ENSP00000369689	9606.ENSP00000405963	0	0	0	0	0	0.045	0.900	0.581	0.956
CALML5	HRAS	9606.ENSP00000369689	9606.ENSP00000407586	0	0	0	0	0.074	0.130	0.900	0.598	0.963
CALML6	RALA	9606.ENSP00000304643	9606.ENSP00000005257	0	0	0	0	0.074	0.097	0	0.765	0.786
CALML6	FGF4	9606.ENSP00000304643	9606.ENSP00000168712	0	0	0	0	0.056	0.104	0	0.564	0.599
CALML6	FGF20	9606.ENSP00000304643	9606.ENSP00000180166	0	0	0	0	0	0.104	0	0.567	0.595
CALML6	FGF22	9606.ENSP00000304643	9606.ENSP00000215530	0	0	0	0	0.045	0.104	0	0.566	0.596
CALML6	MAPK1	9606.ENSP00000304643	9606.ENSP00000215832	0	0	0	0	0.057	0.108	0	0.424	0.473
CALML6	NFKB1	9606.ENSP00000304643	9606.ENSP00000226574	0	0	0	0	0	0.104	0	0.616	0.641
CALML6	FGF6	9606.ENSP00000304643	9606.ENSP00000228837	0	0	0	0	0.061	0.104	0	0.566	0.602
CALML6	PLCG1	9606.ENSP00000304643	9606.ENSP00000244007	0	0	0	0	0	0	0.900	0.400	0.937
CALML6	KRAS	9606.ENSP00000304643	9606.ENSP00000256078	0	0	0	0	0.074	0.097	0.900	0.982	0.998
CALML6	MAPK3	9606.ENSP00000304643	9606.ENSP00000263025	0	0	0	0	0.057	0.108	0	0.598	0.633
CALML6	PIK3CA	9606.ENSP00000304643	9606.ENSP00000263967	0	0	0	0	0	0	0	0.517	0.517
CALML6	FGF10	9606.ENSP00000304643	9606.ENSP00000264664	0	0	0	0	0.043	0.104	0	0.563	0.592
CALML6	RASGRF2	9606.ENSP00000304643	9606.ENSP00000265080	0	0	0	0	0	0.045	0.900	0.283	0.925
CALML6	EGF	9606.ENSP00000304643	9606.ENSP00000265171	0	0	0	0	0	0	0	0.505	0.505
CALML6	FGF7	9606.ENSP00000304643	9606.ENSP00000267843	0	0	0	0	0	0.104	0	0.566	0.594
CALML6	RALB	9606.ENSP00000304643	9606.ENSP00000272519	0	0	0	0	0.074	0.097	0	0.477	0.525
CALML6	RASA1	9606.ENSP00000304643	9606.ENSP00000274376	0	0	0	0	0	0	0	0.643	0.643
CALML6	FGF18	9606.ENSP00000304643	9606.ENSP00000274625	0	0	0	0	0	0.104	0	0.566	0.594
CALML6	EGFR	9606.ENSP00000304643	9606.ENSP00000275493	0	0	0	0	0	0	0	0.809	0.809
CALML6	NTRK2	9606.ENSP00000304643	9606.ENSP00000277120	0	0	0	0	0	0.099	0	0.645	0.667
CALML6	REL	9606.ENSP00000304643	9606.ENSP00000295025	0	0	0	0	0	0.109	0	0.550	0.581
CALML6	MAP2K1	9606.ENSP00000304643	9606.ENSP00000302486	0	0	0	0	0.086	0.067	0	0.449	0.490
CALML6	MAPK8	9606.ENSP00000304643	9606.ENSP00000378974	0	0	0	0	0.060	0	0	0.392	0.404
CALML6	IGF1	9606.ENSP00000304643	9606.ENSP00000376637	0	0	0	0	0	0	0	0.435	0.435
CALML6	FGFR1	9606.ENSP00000304643	9606.ENSP00000393312	0	0	0	0	0	0	0	0.488	0.488
CALML6	RASGRP1	9606.ENSP00000304643	9606.ENSP00000310244	0	0	0	0	0	0.045	0	0.496	0.499
CALML6	PLA2G10	9606.ENSP00000304643	9606.ENSP00000393847	0	0	0	0	0.055	0	0	0.496	0.503
CALML6	NTRK1	9606.ENSP00000304643	9606.ENSP00000431418	0	0	0	0	0	0.099	0	0.472	0.504
CALML6	PLD1	9606.ENSP00000304643	9606.ENSP00000342793	0	0	0	0	0.055	0	0	0.513	0.520
CALML6	PRKCB	9606.ENSP00000304643	9606.ENSP00000496129	0	0	0	0	0	0	0	0.530	0.530
CALML6	IGF1R	9606.ENSP00000304643	9606.ENSP00000497069	0	0	0	0	0	0.099	0	0.522	0.551
CALML6	GRB2	9606.ENSP00000304643	9606.ENSP00000376345	0	0	0	0	0	0	0	0.585	0.585
CALML6	FGF5	9606.ENSP00000304643	9606.ENSP00000311697	0	0	0	0	0	0.104	0	0.564	0.592
CALML6	FGF9	9606.ENSP00000304643	9606.ENSP00000371790	0	0	0	0	0	0.104	0	0.564	0.592
CALML6	FGF16	9606.ENSP00000304643	9606.ENSP00000399324	0	0	0	0	0	0.104	0	0.565	0.593
CALML6	FGF3	9606.ENSP00000304643	9606.ENSP00000334122	0	0	0	0	0.043	0.104	0	0.564	0.593
CALML6	FGF8	9606.ENSP00000304643	9606.ENSP00000321797	0	0	0	0	0.042	0.104	0	0.566	0.594
CALML6	RAF1	9606.ENSP00000304643	9606.ENSP00000401888	0	0	0	0	0	0.099	0	0.586	0.611
CALML6	CDC42	9606.ENSP00000304643	9606.ENSP00000497733	0	0	0	0	0.074	0.097	0	0.574	0.612
CALML6	PLA2G2A	9606.ENSP00000304643	9606.ENSP00000383364	0	0	0	0	0.055	0	0	0.665	0.669
CALML6	PRKCA	9606.ENSP00000304643	9606.ENSP00000408695	0	0	0	0	0	0	0	0.719	0.719
CALML6	RHOA	9606.ENSP00000304643	9606.ENSP00000400175	0	0	0	0	0.074	0.097	0	0.736	0.760
CALML6	INS	9606.ENSP00000304643	9606.ENSP00000380432	0	0	0	0	0.067	0	0	0.757	0.764
CALML6	PLA2G6	9606.ENSP00000304643	9606.ENSP00000333142	0	0	0	0	0.075	0	0	0.779	0.787
CALML6	FGF17	9606.ENSP00000304643	9606.ENSP00000352414	0	0	0	0	0.060	0.104	0	0.826	0.840
CALML6	NGF	9606.ENSP00000304643	9606.ENSP00000358525	0	0	0	0	0.055	0	0	0.863	0.865
CALML6	GRIN2A	9606.ENSP00000304643	9606.ENSP00000332549	0	0	0	0	0	0.060	0.650	0.708	0.895
CALML6	GRIN2B	9606.ENSP00000304643	9606.ENSP00000477455	0	0	0	0	0.042	0.060	0.650	0.793	0.926
CALML6	PLCG2	9606.ENSP00000304643	9606.ENSP00000482457	0	0	0	0	0	0	0.900	0.307	0.927
CALML6	NRAS	9606.ENSP00000304643	9606.ENSP00000358548	0	0	0	0	0.074	0.097	0.900	0.522	0.954
CALML6	RASGRF1	9606.ENSP00000304643	9606.ENSP00000405963	0	0	0	0	0	0.045	0.900	0.570	0.955
CALML6	GRIN1	9606.ENSP00000304643	9606.ENSP00000360608	0	0	0	0	0	0.047	0.650	0.888	0.959
CALML6	HRAS	9606.ENSP00000304643	9606.ENSP00000407586	0	0	0	0	0.074	0.097	0.900	0.579	0.960
CALML6	PRKACA	9606.ENSP00000304643	9606.ENSP00000309591	0	0	0	0	0	0	0.650	0.969	0.988
CALML6	PRKACB	9606.ENSP00000304643	9606.ENSP00000359719	0	0	0	0	0	0	0.650	0.969	0.988
CALML6	PRKACG	9606.ENSP00000304643	9606.ENSP00000366488	0	0	0	0	0	0	0.650	0.977	0.991
CDC42	RALA	9606.ENSP00000497733	9606.ENSP00000005257	0	0	0	0.760	0.110	0.253	0	0.470	0.617
CDC42	NGFR	9606.ENSP00000497733	9606.ENSP00000172229	0	0	0	0	0	0	0.900	0.251	0.921
CDC42	FGF20	9606.ENSP00000497733	9606.ENSP00000180166	0	0	0	0	0.055	0.063	0	0.379	0.402
CDC42	MAPK1	9606.ENSP00000497733	9606.ENSP00000215832	0	0	0	0	0.131	0.125	0	0.486	0.576
CDC42	SOS2	9606.ENSP00000497733	9606.ENSP00000216373	0	0	0	0	0.050	0.134	0	0.418	0.479
CDC42	PIK3R2	9606.ENSP00000497733	9606.ENSP00000222254	0	0	0	0	0.042	0.175	0.900	0.718	0.974
CDC42	HGF	9606.ENSP00000497733	9606.ENSP00000222390	0	0	0	0	0	0.064	0	0.446	0.459
CDC42	NFKB1	9606.ENSP00000497733	9606.ENSP00000226574	0	0	0	0	0.112	0.102	0	0.631	0.680
CDC42	GNB3	9606.ENSP00000497733	9606.ENSP00000229264	0	0	0	0	0.060	0.096	0.500	0.112	0.572
CDC42	EXOC2	9606.ENSP00000497733	9606.ENSP00000230449	0	0	0	0	0.056	0.109	0	0.626	0.658
CDC42	GNB4	9606.ENSP00000497733	9606.ENSP00000232564	0	0	0	0	0.090	0.211	0.500	0.129	0.646
CDC42	PLCG1	9606.ENSP00000497733	9606.ENSP00000244007	0	0	0	0	0.055	0	0	0.657	0.662
CDC42	GNG13	9606.ENSP00000497733	9606.ENSP00000248150	0	0	0	0	0	0	0.500	0	0.499
CDC42	GNG11	9606.ENSP00000497733	9606.ENSP00000248564	0	0	0	0	0.054	0	0.500	0.113	0.544
CDC42	GNGT1	9606.ENSP00000497733	9606.ENSP00000248572	0	0	0	0	0.054	0	0.500	0.054	0.513
CDC42	RAC2	9606.ENSP00000497733	9606.ENSP00000249071	0	0	0.055	0.970	0.218	0.206	0.900	0.181	0.943
CDC42	RAP1B	9606.ENSP00000497733	9606.ENSP00000250559	0	0	0	0.737	0.194	0.478	0	0.486	0.765
CDC42	KRAS	9606.ENSP00000497733	9606.ENSP00000256078	0	0	0	0.757	0.118	0.254	0	0.458	0.613
CDC42	PDGFRA	9606.ENSP00000497733	9606.ENSP00000257290	0	0	0	0	0.055	0.071	0	0.560	0.580
CDC42	PDGFRB	9606.ENSP00000497733	9606.ENSP00000261799	0	0	0	0	0	0.071	0	0.450	0.467
CDC42	GNB5	9606.ENSP00000497733	9606.ENSP00000261837	0	0	0	0	0.060	0.096	0.500	0.174	0.602
CDC42	PIK3R3	9606.ENSP00000497733	9606.ENSP00000262741	0	0	0	0	0.042	0.054	0.900	0.278	0.925
CDC42	RASA4	9606.ENSP00000497733	9606.ENSP00000262940	0	0	0	0	0	0.068	0	0.488	0.503
CDC42	MAP2K2	9606.ENSP00000497733	9606.ENSP00000262948	0	0	0	0	0.081	0.237	0	0.303	0.469
CDC42	MAPK3	9606.ENSP00000497733	9606.ENSP00000263025	0	0	0	0	0.093	0.125	0	0.724	0.762
CDC42	PLD2	9606.ENSP00000497733	9606.ENSP00000263088	0	0	0	0	0	0.071	0.400	0.369	0.618
CDC42	PRKCG	9606.ENSP00000497733	9606.ENSP00000263431	0	0	0	0	0.074	0	0	0.471	0.489
CDC42	KDR	9606.ENSP00000497733	9606.ENSP00000263923	0	0	0	0	0.055	0.071	0.900	0.449	0.945
CDC42	PIK3CA	9606.ENSP00000497733	9606.ENSP00000263967	0	0	0	0	0.073	0.504	0.900	0.664	0.982
CDC42	FGF2	9606.ENSP00000497733	9606.ENSP00000264498	0	0	0	0	0.055	0.060	0	0.444	0.463
CDC42	ZAP70	9606.ENSP00000497733	9606.ENSP00000264972	0	0	0	0	0.077	0.110	0	0.407	0.471
CDC42	RASGRF2	9606.ENSP00000497733	9606.ENSP00000265080	0	0	0	0	0	0.387	0.400	0.591	0.836
CDC42	EGF	9606.ENSP00000497733	9606.ENSP00000265171	0	0	0	0	0	0	0.500	0.633	0.808
CDC42	RALB	9606.ENSP00000497733	9606.ENSP00000272519	0	0	0	0.760	0.055	0.144	0	0.439	0.506
CDC42	RASA1	9606.ENSP00000497733	9606.ENSP00000274376	0	0	0	0	0.060	0.092	0	0.928	0.933
CDC42	EGFR	9606.ENSP00000497733	9606.ENSP00000275493	0	0	0	0	0.042	0.211	0.500	0.895	0.955
CDC42	NTRK2	9606.ENSP00000497733	9606.ENSP00000277120	0	0	0	0	0.074	0.110	0	0.358	0.425
CDC42	PAK1	9606.ENSP00000497733	9606.ENSP00000278568	0	0	0	0	0.092	0.993	0.900	0.993	0.999
CDC42	TIAM1	9606.ENSP00000497733	9606.ENSP00000286827	0	0	0	0	0.044	0.474	0.900	0.927	0.995
CDC42	KIT	9606.ENSP00000497733	9606.ENSP00000288135	0	0	0	0	0.105	0.071	0	0.591	0.630
CDC42	MRAS	9606.ENSP00000497733	9606.ENSP00000289104	0	0	0	0.713	0	0.144	0	0.372	0.440
CDC42	GNG3	9606.ENSP00000497733	9606.ENSP00000294117	0	0	0	0	0.056	0	0.500	0.083	0.529
CDC42	GNG8	9606.ENSP00000497733	9606.ENSP00000300873	0	0	0	0	0	0	0.500	0.070	0.515
CDC42	MAP2K1	9606.ENSP00000497733	9606.ENSP00000302486	0	0	0	0	0.092	0.127	0	0.549	0.612
CDC42	INSR	9606.ENSP00000497733	9606.ENSP00000303830	0	0	0	0	0.074	0.110	0	0.464	0.519
CDC42	RAC3	9606.ENSP00000497733	9606.ENSP00000304283	0	0	0.054	0.971	0.084	0.206	0.900	0.163	0.932
CDC42	GNB2	9606.ENSP00000497733	9606.ENSP00000305260	0	0	0	0	0.178	0.096	0.500	0.172	0.651
CDC42	PRKACA	9606.ENSP00000497733	9606.ENSP00000309591	0	0	0	0	0.150	0.217	0	0.518	0.651
CDC42	PAK2	9606.ENSP00000497733	9606.ENSP00000314067	0	0	0	0	0.094	0.873	0.900	0.848	0.998
CDC42	MET	9606.ENSP00000497733	9606.ENSP00000317272	0	0	0	0	0.074	0.274	0	0.445	0.594
CDC42	GNG2	9606.ENSP00000497733	9606.ENSP00000334448	0	0	0	0	0.072	0	0.500	0.079	0.535
CDC42	PLD1	9606.ENSP00000497733	9606.ENSP00000342793	0	0	0	0	0.042	0.413	0.400	0.331	0.744
CDC42	RAC1	9606.ENSP00000497733	9606.ENSP00000348461	0	0	0.055	0.969	0.108	0.207	0.700	0.462	0.872
CDC42	NF1	9606.ENSP00000497733	9606.ENSP00000351015	0	0	0	0	0.093	0.286	0	0.328	0.528
CDC42	EPHA2	9606.ENSP00000497733	9606.ENSP00000351209	0	0	0	0	0.076	0.461	0.400	0.374	0.788
CDC42	RAB5B	9606.ENSP00000497733	9606.ENSP00000353444	0	0	0	0.660	0.256	0.193	0	0.136	0.436
CDC42	PAK3	9606.ENSP00000497733	9606.ENSP00000353864	0	0	0	0	0.086	0.669	0.900	0.869	0.995
CDC42	NGF	9606.ENSP00000497733	9606.ENSP00000358525	0	0	0	0	0	0	0	0.423	0.423
CDC42	RAP1A	9606.ENSP00000497733	9606.ENSP00000358723	0	0	0	0.730	0.131	0.541	0	0.186	0.647
CDC42	GNG5	9606.ENSP00000497733	9606.ENSP00000359675	0	0	0	0	0.109	0	0.500	0.069	0.549
CDC42	PRKACB	9606.ENSP00000497733	9606.ENSP00000359719	0	0	0	0	0.093	0.100	0	0.518	0.572
CDC42	GNG12	9606.ENSP00000497733	9606.ENSP00000360021	0	0	0	0	0.056	0	0.500	0.208	0.593
CDC42	RALGDS	9606.ENSP00000497733	9606.ENSP00000361120	0	0	0	0	0	0.359	0	0.442	0.627
CDC42	GNG10	9606.ENSP00000497733	9606.ENSP00000363411	0	0	0	0	0.060	0	0.500	0.068	0.523
CDC42	PRKACG	9606.ENSP00000497733	9606.ENSP00000366488	0	0	0	0	0.067	0.100	0	0.518	0.560
CDC42	PIK3CD	9606.ENSP00000497733	9606.ENSP00000366563	0	0	0	0	0.069	0.504	0.900	0.339	0.965
CDC42	PAK5	9606.ENSP00000497733	9606.ENSP00000367686	0	0	0	0	0.063	0.763	0.900	0.879	0.996
CDC42	GNB1	9606.ENSP00000497733	9606.ENSP00000367872	0	0	0	0	0.239	0.192	0.500	0.375	0.782
CDC42	GNG7	9606.ENSP00000497733	9606.ENSP00000371594	0	0	0	0	0	0	0.500	0.055	0.507
CDC42	FGF9	9606.ENSP00000497733	9606.ENSP00000371790	0	0	0	0	0.055	0.063	0	0.379	0.402
CDC42	RALBP1	9606.ENSP00000497733	9606.ENSP00000372924	0	0	0	0	0.044	0.100	0.900	0.572	0.958
CDC42	GRB2	9606.ENSP00000497733	9606.ENSP00000376345	0	0	0	0	0.165	0.211	0.400	0.826	0.922
CDC42	IGF1	9606.ENSP00000497733	9606.ENSP00000376637	0	0	0	0	0	0	0	0.400	0.400
CDC42	MAPK8	9606.ENSP00000497733	9606.ENSP00000378974	0	0	0	0	0.101	0.640	0.900	0.636	0.986
CDC42	INS	9606.ENSP00000497733	9606.ENSP00000380432	0	0	0	0	0.058	0.096	0	0.497	0.535
CDC42	RELA	9606.ENSP00000497733	9606.ENSP00000384273	0	0	0	0	0.074	0.078	0	0.427	0.468
CDC42	SOS1	9606.ENSP00000497733	9606.ENSP00000384675	0	0	0	0	0	0.134	0	0.514	0.561
CDC42	FGFR1	9606.ENSP00000497733	9606.ENSP00000393312	0	0	0	0	0	0.071	0	0.578	0.591
CDC42	MAPK9	9606.ENSP00000497733	9606.ENSP00000394560	0	0	0	0	0.073	0.473	0.900	0.580	0.976
CDC42	GNG4	9606.ENSP00000497733	9606.ENSP00000398629	0	0	0	0	0	0	0.500	0	0.499
CDC42	RHOA	9606.ENSP00000497733	9606.ENSP00000400175	0	0	0.062	0.948	0.361	0.295	0.900	0.103	0.955
CDC42	SHC1	9606.ENSP00000497733	9606.ENSP00000401303	0	0	0	0	0.059	0	0	0.459	0.469
CDC42	RAF1	9606.ENSP00000497733	9606.ENSP00000401888	0	0	0	0	0.099	0.110	0	0.485	0.551
CDC42	TGFA	9606.ENSP00000497733	9606.ENSP00000404131	0	0	0	0	0	0	0.500	0.295	0.632
CDC42	RASGRF1	9606.ENSP00000497733	9606.ENSP00000405963	0	0	0	0	0	0.134	0	0.521	0.567
CDC42	HRAS	9606.ENSP00000497733	9606.ENSP00000407586	0	0	0	0.770	0.053	0.431	0	0.440	0.672
CDC42	PRKCA	9606.ENSP00000497733	9606.ENSP00000408695	0	0	0	0	0.090	0	0	0.801	0.811
CDC42	FGFR2	9606.ENSP00000497733	9606.ENSP00000410294	0	0	0	0	0	0.071	0	0.503	0.518
CDC42	RGL2	9606.ENSP00000497733	9606.ENSP00000420211	0	0	0	0	0	0.132	0	0.341	0.403
CDC42	GNGT2	9606.ENSP00000497733	9606.ENSP00000421710	0	0	0	0	0	0	0.500	0.073	0.516
CDC42	PIK3R1	9606.ENSP00000497733	9606.ENSP00000428056	0	0	0	0	0.074	0.683	0.900	0.768	0.992
CDC42	NTRK1	9606.ENSP00000497733	9606.ENSP00000431418	0	0	0	0	0.074	0.110	0	0.399	0.462
CDC42	PAK6	9606.ENSP00000497733	9606.ENSP00000453858	0	0	0	0	0.063	0.958	0.900	0.971	0.999
CDC42	PAK4	9606.ENSP00000497733	9606.ENSP00000469413	0	0	0	0	0.063	0.902	0.900	0.946	0.999
CDC42	PTPN11	9606.ENSP00000497733	9606.ENSP00000489597	0	0.001	0	0	0.129	0.122	0	0.395	0.497
CDC42	IGF1R	9606.ENSP00000497733	9606.ENSP00000497069	0	0	0	0	0.074	0.110	0	0.403	0.465
CDC42	PIK3CB	9606.ENSP00000497733	9606.ENSP00000501150	0	0	0	0	0.061	0.954	0.900	0.859	0.999
CHUK	NFKB1	9606.ENSP00000359424	9606.ENSP00000226574	0	0	0	0	0.088	0.854	0.900	0.966	0.999
CHUK	KRAS	9606.ENSP00000359424	9606.ENSP00000256078	0	0	0	0	0.129	0.110	0	0.326	0.432
CHUK	PIK3CA	9606.ENSP00000359424	9606.ENSP00000263967	0	0	0	0	0.347	0.069	0	0.288	0.529
CHUK	EGF	9606.ENSP00000359424	9606.ENSP00000265171	0	0	0	0	0	0	0	0.404	0.404
CHUK	RAB5A	9606.ENSP00000359424	9606.ENSP00000273047	0	0	0	0	0.091	0.071	0	0.455	0.500
CHUK	EGFR	9606.ENSP00000359424	9606.ENSP00000275493	0	0	0	0	0.042	0.091	0	0.452	0.481
CHUK	REL	9606.ENSP00000359424	9606.ENSP00000295025	0	0	0	0	0.042	0.098	0.500	0.933	0.967
CHUK	MAP2K1	9606.ENSP00000359424	9606.ENSP00000302486	0	0	0.108	0.602	0.147	0.161	0	0.217	0.434
CHUK	TBK1	9606.ENSP00000359424	9606.ENSP00000329967	0	0	0	0.590	0.351	0	0	0.947	0.964
CHUK	PDGFB	9606.ENSP00000359424	9606.ENSP00000330382	0	0	0	0	0	0	0	0.424	0.424
CHUK	INS	9606.ENSP00000359424	9606.ENSP00000380432	0	0	0	0	0	0.071	0	0.403	0.422
CHUK	SOS1	9606.ENSP00000359424	9606.ENSP00000384675	0	0	0	0	0.264	0.084	0	0.214	0.424
CHUK	IGF1R	9606.ENSP00000359424	9606.ENSP00000497069	0	0	0	0.556	0	0	0	0.444	0.444
CHUK	HRAS	9606.ENSP00000359424	9606.ENSP00000407586	0	0	0	0	0.074	0.110	0	0.516	0.566
CHUK	PRKCA	9606.ENSP00000359424	9606.ENSP00000408695	0	0	0	0.571	0.063	0.298	0	0.486	0.633
CHUK	PRKCB	9606.ENSP00000359424	9606.ENSP00000496129	0	0	0	0.569	0.056	0.599	0	0.141	0.647
CHUK	FOXO4	9606.ENSP00000359424	9606.ENSP00000363377	0	0	0	0	0.060	0.094	0.900	0.180	0.920
CHUK	RELA	9606.ENSP00000359424	9606.ENSP00000384273	0	0	0	0	0.057	0.880	0.900	0.968	0.999
CHUK	IKBKB	9606.ENSP00000359424	9606.ENSP00000430684	0	0	0.068	0.941	0.060	0.994	0.900	0.983	0.999
CHUK	IKBKG	9606.ENSP00000359424	9606.ENSP00000483825	0	0	0	0	0.100	0.994	0.900	0.999	0.999
COL18A1	FGF4	9606.ENSP00000352798	9606.ENSP00000168712	0	0	0	0	0	0.138	0	0.691	0.722
COL18A1	FGF20	9606.ENSP00000352798	9606.ENSP00000180166	0	0	0	0	0	0	0	0.685	0.685
COL18A1	FGF22	9606.ENSP00000352798	9606.ENSP00000215530	0	0	0	0	0	0	0	0.687	0.687
COL18A1	HGF	9606.ENSP00000352798	9606.ENSP00000222390	0	0	0	0	0	0	0	0.474	0.474
COL18A1	FGF6	9606.ENSP00000352798	9606.ENSP00000228837	0	0	0	0	0	0	0	0.685	0.685
COL18A1	PDGFRB	9606.ENSP00000352798	9606.ENSP00000261799	0	0	0	0	0.095	0	0	0.370	0.405
COL18A1	FLT4	9606.ENSP00000352798	9606.ENSP00000261937	0	0	0	0	0.058	0	0	0.772	0.776
COL18A1	KDR	9606.ENSP00000352798	9606.ENSP00000263923	0	0	0	0	0.080	0.292	0	0.944	0.960
COL18A1	FGF2	9606.ENSP00000352798	9606.ENSP00000264498	0	0	0	0	0	0	0	0.668	0.668
COL18A1	FGF10	9606.ENSP00000352798	9606.ENSP00000264664	0	0	0	0	0	0	0	0.678	0.678
COL18A1	EGF	9606.ENSP00000352798	9606.ENSP00000265171	0	0	0	0	0	0	0	0.675	0.675
COL18A1	FGF7	9606.ENSP00000352798	9606.ENSP00000267843	0	0	0	0	0	0	0	0.693	0.693
COL18A1	FGF18	9606.ENSP00000352798	9606.ENSP00000274625	0	0	0	0	0.048	0	0	0.686	0.688
COL18A1	EGFR	9606.ENSP00000352798	9606.ENSP00000275493	0	0	0	0	0.083	0	0	0.624	0.640
COL18A1	FLT1	9606.ENSP00000352798	9606.ENSP00000282397	0	0	0	0	0.049	0	0	0.738	0.741
COL18A1	VEGFD	9606.ENSP00000352798	9606.ENSP00000297904	0	0	0	0	0.052	0	0	0.479	0.484
COL18A1	VEGFB	9606.ENSP00000352798	9606.ENSP00000311127	0	0	0	0	0.067	0	0	0.424	0.440
COL18A1	FGF5	9606.ENSP00000352798	9606.ENSP00000311697	0	0	0	0	0	0	0	0.682	0.682
COL18A1	FGF8	9606.ENSP00000352798	9606.ENSP00000321797	0	0	0	0	0	0	0	0.678	0.678
COL18A1	FGF3	9606.ENSP00000352798	9606.ENSP00000334122	0	0	0	0	0	0	0	0.682	0.682
COL18A1	FGF17	9606.ENSP00000352798	9606.ENSP00000352414	0	0	0	0	0	0	0	0.684	0.684
COL18A1	EFNA1	9606.ENSP00000352798	9606.ENSP00000357392	0	0	0	0	0.063	0	0	0.428	0.441
COL18A1	FGF1	9606.ENSP00000352798	9606.ENSP00000480791	0	0	0	0	0	0	0	0.453	0.453
COL18A1	TEK	9606.ENSP00000352798	9606.ENSP00000369375	0	0	0	0	0.074	0	0	0.507	0.523
COL18A1	VEGFC	9606.ENSP00000352798	9606.ENSP00000480043	0	0	0	0	0.082	0	0	0.512	0.533
COL18A1	PGF	9606.ENSP00000352798	9606.ENSP00000451040	0	0	0	0	0.056	0	0	0.571	0.577
COL18A1	FGF9	9606.ENSP00000352798	9606.ENSP00000371790	0	0	0	0	0	0	0	0.678	0.678
COL18A1	FGF16	9606.ENSP00000352798	9606.ENSP00000399324	0	0	0	0	0	0	0	0.687	0.687
CSF1	FGF4	9606.ENSP00000327513	9606.ENSP00000168712	0	0	0	0	0	0	0	0.419	0.418
CSF1	NGFR	9606.ENSP00000327513	9606.ENSP00000172229	0	0	0	0	0	0	0.650	0.223	0.716
CSF1	FGF20	9606.ENSP00000327513	9606.ENSP00000180166	0	0	0	0	0	0	0	0.414	0.414
CSF1	FGF22	9606.ENSP00000327513	9606.ENSP00000215530	0	0	0	0	0.044	0	0	0.417	0.418
CSF1	HGF	9606.ENSP00000327513	9606.ENSP00000222390	0	0	0	0	0.061	0	0	0.494	0.504
CSF1	NFKB1	9606.ENSP00000327513	9606.ENSP00000226574	0	0	0	0	0.137	0	0	0.540	0.586
CSF1	FGF6	9606.ENSP00000327513	9606.ENSP00000228837	0	0	0	0	0	0	0	0.431	0.431
CSF1	FLT3	9606.ENSP00000327513	9606.ENSP00000241453	0	0	0	0	0.056	0.093	0.650	0.707	0.900
CSF1	PLCG1	9606.ENSP00000327513	9606.ENSP00000244007	0	0	0	0	0	0	0	0.445	0.445
CSF1	KRAS	9606.ENSP00000327513	9606.ENSP00000256078	0	0	0	0	0	0	0.500	0.336	0.654
CSF1	PDGFRA	9606.ENSP00000327513	9606.ENSP00000257290	0	0	0	0	0.081	0.093	0.650	0.591	0.864
CSF1	PDGFRB	9606.ENSP00000327513	9606.ENSP00000261799	0	0	0	0	0.100	0.093	0.650	0.720	0.909
CSF1	FLT4	9606.ENSP00000327513	9606.ENSP00000261937	0	0	0	0	0.068	0.093	0.650	0.311	0.769
CSF1	MAPK3	9606.ENSP00000327513	9606.ENSP00000263025	0	0	0	0	0.055	0	0	0.468	0.475
CSF1	KDR	9606.ENSP00000327513	9606.ENSP00000263923	0	0	0	0	0.061	0.093	0.650	0.618	0.871
CSF1	PIK3CA	9606.ENSP00000327513	9606.ENSP00000263967	0	0	0	0	0	0	0.500	0.224	0.595
CSF1	FGF2	9606.ENSP00000327513	9606.ENSP00000264498	0	0	0	0	0.060	0	0	0.570	0.578
CSF1	FGF10	9606.ENSP00000327513	9606.ENSP00000264664	0	0	0	0	0.042	0	0	0.418	0.418
CSF1	EGF	9606.ENSP00000327513	9606.ENSP00000265171	0	0	0	0	0	0	0	0.942	0.942
CSF1	FGF7	9606.ENSP00000327513	9606.ENSP00000267843	0	0	0	0	0.047	0	0	0.447	0.450
CSF1	FGF18	9606.ENSP00000327513	9606.ENSP00000274625	0	0	0	0	0	0	0	0.418	0.418
CSF1	EGFR	9606.ENSP00000327513	9606.ENSP00000275493	0	0	0	0	0.072	0	0.650	0.834	0.941
CSF1	NTRK2	9606.ENSP00000327513	9606.ENSP00000277120	0	0	0	0	0	0	0.650	0.175	0.698
CSF1	FLT1	9606.ENSP00000327513	9606.ENSP00000282397	0	0	0	0	0.075	0.093	0.650	0.598	0.866
CSF1	CSF1R	9606.ENSP00000327513	9606.ENSP00000286301	0	0	0	0	0.106	0.986	0.900	0.999	0.999
CSF1	KIT	9606.ENSP00000327513	9606.ENSP00000288135	0	0	0	0	0.074	0.125	0.650	0.746	0.918
CSF1	FGFR4	9606.ENSP00000327513	9606.ENSP00000292408	0	0	0	0	0.058	0.093	0.650	0.144	0.710
CSF1	INSR	9606.ENSP00000327513	9606.ENSP00000303830	0	0	0	0	0	0	0.650	0.153	0.691
CSF1	FGF5	9606.ENSP00000327513	9606.ENSP00000311697	0	0	0	0	0.043	0	0	0.419	0.420
CSF1	MET	9606.ENSP00000327513	9606.ENSP00000317272	0	0	0	0	0.056	0	0.650	0.307	0.751
CSF1	FGF8	9606.ENSP00000327513	9606.ENSP00000321797	0	0	0	0	0	0	0	0.400	0.400
CSF1	RELA	9606.ENSP00000327513	9606.ENSP00000384273	0	0	0	0	0.110	0	0	0.357	0.403
CSF1	PGF	9606.ENSP00000327513	9606.ENSP00000451040	0	0	0	0	0.049	0	0	0.400	0.405
CSF1	PDGFB	9606.ENSP00000327513	9606.ENSP00000330382	0	0	0	0	0.064	0	0	0.399	0.413
CSF1	FGF17	9606.ENSP00000327513	9606.ENSP00000352414	0	0	0	0	0	0	0	0.417	0.416
CSF1	FGF3	9606.ENSP00000327513	9606.ENSP00000334122	0	0	0	0	0	0	0	0.417	0.416
CSF1	FGF16	9606.ENSP00000327513	9606.ENSP00000399324	0	0	0	0	0.049	0	0	0.418	0.422
CSF1	FGF9	9606.ENSP00000327513	9606.ENSP00000371790	0	0	0	0	0	0	0	0.433	0.433
CSF1	TGFA	9606.ENSP00000327513	9606.ENSP00000404131	0	0	0	0	0.042	0	0	0.437	0.437
CSF1	FASLG	9606.ENSP00000327513	9606.ENSP00000356694	0	0	0	0	0.044	0	0	0.445	0.446
CSF1	VEGFC	9606.ENSP00000327513	9606.ENSP00000480043	0	0	0	0	0.107	0	0	0.417	0.457
CSF1	INS	9606.ENSP00000327513	9606.ENSP00000380432	0	0	0	0	0.042	0	0	0.464	0.465
CSF1	IGF1	9606.ENSP00000327513	9606.ENSP00000376637	0	0	0	0	0	0	0	0.541	0.541
CSF1	SOS1	9606.ENSP00000327513	9606.ENSP00000384675	0	0	0	0	0	0	0.500	0.125	0.543
CSF1	PIK3R1	9606.ENSP00000327513	9606.ENSP00000428056	0	0	0	0	0	0	0.500	0.157	0.560
CSF1	GAB2	9606.ENSP00000327513	9606.ENSP00000354952	0	0	0	0	0	0	0.500	0.203	0.584
CSF1	PIK3CB	9606.ENSP00000327513	9606.ENSP00000501150	0	0	0	0	0	0	0.500	0.202	0.584
CSF1	NGF	9606.ENSP00000327513	9606.ENSP00000358525	0	0	0	0	0.062	0	0	0.600	0.608
CSF1	FLT3LG	9606.ENSP00000327513	9606.ENSP00000469613	0	0	0	0	0.092	0	0	0.607	0.628
CSF1	PLCG2	9606.ENSP00000327513	9606.ENSP00000482457	0	0	0	0	0	0	0.500	0.305	0.637
CSF1	PTPN11	9606.ENSP00000327513	9606.ENSP00000489597	0	0	0	0	0.103	0	0.500	0.300	0.658
CSF1	KITLG	9606.ENSP00000327513	9606.ENSP00000495951	0	0	0	0	0.042	0	0	0.704	0.704
CSF1	SHC1	9606.ENSP00000327513	9606.ENSP00000401303	0	0	0	0	0.120	0	0.500	0.426	0.725
CSF1	FGFR3	9606.ENSP00000327513	9606.ENSP00000339824	0	0	0	0	0.058	0.093	0.650	0.204	0.730
CSF1	EPHA2	9606.ENSP00000327513	9606.ENSP00000351209	0	0	0	0	0.106	0	0.650	0.229	0.738
CSF1	FGFR2	9606.ENSP00000327513	9606.ENSP00000410294	0	0	0	0	0.067	0.093	0.650	0.224	0.739
CSF1	IGF1R	9606.ENSP00000327513	9606.ENSP00000497069	0	0	0	0	0	0	0.650	0.305	0.746
CSF1	FGFR1	9606.ENSP00000327513	9606.ENSP00000393312	0	0	0	0	0.082	0.093	0.650	0.244	0.750
CSF1	GRB2	9606.ENSP00000327513	9606.ENSP00000376345	0	0	0	0	0.099	0	0.500	0.563	0.785
CSF1	TEK	9606.ENSP00000327513	9606.ENSP00000369375	0	0	0	0	0.056	0.093	0.650	0.447	0.812
CSF1	NTRK1	9606.ENSP00000327513	9606.ENSP00000431418	0	0	0	0	0.042	0	0.650	0.762	0.913
CSF1R	FGF4	9606.ENSP00000286301	9606.ENSP00000168712	0	0	0	0	0	0.168	0.650	0.369	0.800
CSF1R	FGF20	9606.ENSP00000286301	9606.ENSP00000180166	0	0	0	0	0.051	0.168	0.650	0.367	0.801
CSF1R	EFNA2	9606.ENSP00000286301	9606.ENSP00000215368	0	0	0	0	0	0	0.650	0.158	0.693
CSF1R	FGF22	9606.ENSP00000286301	9606.ENSP00000215530	0	0	0	0	0	0.168	0.650	0.367	0.799
CSF1R	PIK3R2	9606.ENSP00000286301	9606.ENSP00000222254	0	0	0	0	0.057	0.355	0	0.108	0.410
CSF1R	HGF	9606.ENSP00000286301	9606.ENSP00000222390	0	0	0	0	0.084	0	0.650	0.352	0.774
CSF1R	NFKB1	9606.ENSP00000286301	9606.ENSP00000226574	0	0	0	0	0.122	0	0	0.401	0.452
CSF1R	FGF6	9606.ENSP00000286301	9606.ENSP00000228837	0	0	0	0	0	0.168	0.650	0.375	0.802
CSF1R	FGF23	9606.ENSP00000286301	9606.ENSP00000237837	0	0	0	0	0.042	0.168	0.650	0.145	0.729
CSF1R	FLT3	9606.ENSP00000286301	9606.ENSP00000241453	0	0	0	0.783	0.132	0.050	0	0.477	0.531
CSF1R	PLCG1	9606.ENSP00000286301	9606.ENSP00000244007	0	0	0	0	0.076	0.091	0	0.485	0.530
CSF1R	KRAS	9606.ENSP00000286301	9606.ENSP00000256078	0	0	0	0	0.055	0.071	0.500	0.509	0.755
CSF1R	PDGFRB	9606.ENSP00000286301	9606.ENSP00000261799	0	0	0.096	0.809	0.130	0.365	0	0.227	0.563
CSF1R	KDR	9606.ENSP00000286301	9606.ENSP00000263923	0	0	0	0.719	0.094	0.089	0	0.500	0.551
CSF1R	PIK3CA	9606.ENSP00000286301	9606.ENSP00000263967	0	0	0	0	0.106	0.325	0.500	0.478	0.821
CSF1R	FGF2	9606.ENSP00000286301	9606.ENSP00000264498	0	0	0	0	0	0.168	0.650	0.434	0.821
CSF1R	SHC2	9606.ENSP00000286301	9606.ENSP00000264554	0	0	0	0	0.062	0.105	0.650	0.154	0.718
CSF1R	FGF10	9606.ENSP00000286301	9606.ENSP00000264664	0	0	0	0	0.044	0.168	0.650	0.367	0.800
CSF1R	EGF	9606.ENSP00000286301	9606.ENSP00000265171	0	0	0	0	0	0	0.650	0.484	0.811
CSF1R	FGF7	9606.ENSP00000286301	9606.ENSP00000267843	0	0	0	0	0.072	0.168	0.650	0.371	0.807
CSF1R	RASA1	9606.ENSP00000286301	9606.ENSP00000274376	0	0	0	0	0.065	0.088	0	0.403	0.446
CSF1R	FGF18	9606.ENSP00000286301	9606.ENSP00000274625	0	0	0	0	0.049	0.168	0.650	0.367	0.801
CSF1R	EGFR	9606.ENSP00000286301	9606.ENSP00000275493	0	0	0	0.573	0	0.101	0	0.677	0.697
CSF1R	FLT1	9606.ENSP00000286301	9606.ENSP00000282397	0	0	0	0.730	0.117	0.089	0	0.484	0.548
CSF1R	KIT	9606.ENSP00000286301	9606.ENSP00000288135	0	0	0.064	0.881	0.047	0.292	0	0.193	0.422
CSF1R	PIK3CD	9606.ENSP00000286301	9606.ENSP00000366563	0	0	0	0	0.166	0.087	0	0.322	0.439
CSF1R	FGFR1	9606.ENSP00000286301	9606.ENSP00000393312	0	0	0	0.696	0.059	0.085	0	0.446	0.481
CSF1R	FGFR2	9606.ENSP00000286301	9606.ENSP00000410294	0	0	0	0.702	0.064	0.085	0	0.452	0.490
CSF1R	HRAS	9606.ENSP00000286301	9606.ENSP00000407586	0	0	0	0	0.055	0.071	0	0.483	0.506
CSF1R	NRAS	9606.ENSP00000286301	9606.ENSP00000358548	0	0	0	0	0.055	0.071	0	0.508	0.530
CSF1R	NTRK1	9606.ENSP00000286301	9606.ENSP00000431418	0	0	0	0.627	0.054	0.074	0	0.508	0.531
CSF1R	FASLG	9606.ENSP00000286301	9606.ENSP00000356694	0	0	0	0	0.085	0	0	0.544	0.565
CSF1R	PIK3CB	9606.ENSP00000286301	9606.ENSP00000501150	0	0	0	0	0.106	0.087	0.500	0.252	0.654
CSF1R	EFNA5	9606.ENSP00000286301	9606.ENSP00000328777	0	0	0	0	0	0	0.650	0.085	0.666
CSF1R	EFNA3	9606.ENSP00000286301	9606.ENSP00000357393	0	0	0	0	0	0	0.650	0.085	0.666
CSF1R	EFNA4	9606.ENSP00000286301	9606.ENSP00000414378	0	0	0	0	0	0	0.650	0.097	0.670
CSF1R	EFNA1	9606.ENSP00000286301	9606.ENSP00000357392	0	0	0	0	0	0	0.650	0.103	0.672
CSF1R	NTF3	9606.ENSP00000286301	9606.ENSP00000397297	0	0	0	0	0	0	0.650	0.138	0.685
CSF1R	NTF4	9606.ENSP00000286301	9606.ENSP00000469455	0	0	0	0	0.049	0	0.650	0.159	0.695
CSF1R	SOS1	9606.ENSP00000286301	9606.ENSP00000384675	0	0	0	0	0.055	0.314	0.500	0.170	0.695
CSF1R	SHC4	9606.ENSP00000286301	9606.ENSP00000329668	0	0	0	0	0.055	0.105	0.650	0.102	0.698
CSF1R	PLCG2	9606.ENSP00000286301	9606.ENSP00000482457	0	0	0	0	0.177	0.095	0.500	0.290	0.700
CSF1R	PDGFD	9606.ENSP00000286301	9606.ENSP00000376865	0	0	0	0	0.064	0	0.650	0.167	0.703
CSF1R	SHC3	9606.ENSP00000286301	9606.ENSP00000364995	0	0	0	0	0.105	0.105	0.650	0.071	0.704
CSF1R	FGF21	9606.ENSP00000286301	9606.ENSP00000471477	0	0	0	0	0	0.168	0.650	0.131	0.724
CSF1R	IGF2	9606.ENSP00000286301	9606.ENSP00000391826	0	0	0	0	0	0	0.650	0.245	0.724
CSF1R	FGF19	9606.ENSP00000286301	9606.ENSP00000294312	0	0	0	0	0	0.168	0.650	0.145	0.729
CSF1R	NGF	9606.ENSP00000286301	9606.ENSP00000358525	0	0	0	0	0	0	0.650	0.261	0.730
CSF1R	PDGFA	9606.ENSP00000286301	9606.ENSP00000346508	0	0	0	0	0.055	0	0.650	0.270	0.737
CSF1R	TGFA	9606.ENSP00000286301	9606.ENSP00000404131	0	0	0	0	0.061	0	0.650	0.297	0.748
CSF1R	GAB2	9606.ENSP00000286301	9606.ENSP00000354952	0	0	0	0	0.080	0	0.500	0.509	0.754
CSF1R	PDGFC	9606.ENSP00000286301	9606.ENSP00000422464	0	0	0	0	0.093	0	0.650	0.293	0.756
CSF1R	INS	9606.ENSP00000286301	9606.ENSP00000380432	0	0	0	0	0.068	0	0.650	0.384	0.781
CSF1R	VEGFC	9606.ENSP00000286301	9606.ENSP00000480043	0	0	0	0	0.043	0.042	0.650	0.401	0.782
CSF1R	FGF8	9606.ENSP00000286301	9606.ENSP00000321797	0	0	0	0	0	0.168	0.650	0.347	0.793
CSF1R	VEGFB	9606.ENSP00000286301	9606.ENSP00000311127	0	0	0	0	0.042	0.180	0.650	0.345	0.796
CSF1R	FGF17	9606.ENSP00000286301	9606.ENSP00000352414	0	0	0	0	0	0.168	0.650	0.367	0.799
CSF1R	FGF5	9606.ENSP00000286301	9606.ENSP00000311697	0	0	0	0	0	0.168	0.650	0.367	0.799
CSF1R	FGF9	9606.ENSP00000286301	9606.ENSP00000371790	0	0	0	0	0.051	0.168	0.650	0.368	0.801
CSF1R	FGF16	9606.ENSP00000286301	9606.ENSP00000399324	0	0	0	0	0.051	0.168	0.650	0.367	0.801
CSF1R	FGF3	9606.ENSP00000286301	9606.ENSP00000334122	0	0	0	0	0.044	0.168	0.650	0.371	0.801
CSF1R	IGF1	9606.ENSP00000286301	9606.ENSP00000376637	0	0	0	0	0.086	0	0.650	0.470	0.815
CSF1R	VEGFD	9606.ENSP00000286301	9606.ENSP00000297904	0	0	0	0	0.057	0.042	0.650	0.520	0.828
CSF1R	FGF1	9606.ENSP00000286301	9606.ENSP00000480791	0	0	0	0	0.078	0.168	0.650	0.482	0.842
CSF1R	PGF	9606.ENSP00000286301	9606.ENSP00000451040	0	0	0	0	0	0	0.650	0.594	0.851
CSF1R	PTPN11	9606.ENSP00000286301	9606.ENSP00000489597	0	0	0	0	0.140	0.051	0.500	0.693	0.858
CSF1R	PDGFB	9606.ENSP00000286301	9606.ENSP00000330382	0	0	0	0	0.110	0	0.650	0.607	0.866
CSF1R	SHC1	9606.ENSP00000286301	9606.ENSP00000401303	0	0	0	0	0.108	0.339	0.650	0.538	0.892
CSF1R	FLT3LG	9606.ENSP00000286301	9606.ENSP00000469613	0	0	0	0	0.094	0	0.650	0.740	0.910
CSF1R	PIK3R1	9606.ENSP00000286301	9606.ENSP00000428056	0	0	0	0	0.072	0.696	0.500	0.532	0.925
CSF1R	KITLG	9606.ENSP00000286301	9606.ENSP00000495951	0	0	0	0	0.067	0.099	0.650	0.847	0.949
CSF1R	GRB2	9606.ENSP00000286301	9606.ENSP00000376345	0	0	0	0	0.108	0.653	0.650	0.600	0.950
DUSP16	MAPK1	9606.ENSP00000298573	9606.ENSP00000215832	0	0	0	0	0.060	0.441	0.650	0.326	0.859
DUSP16	MAPK3	9606.ENSP00000298573	9606.ENSP00000263025	0	0	0	0	0.060	0.243	0.650	0.254	0.789
DUSP16	MAPK9	9606.ENSP00000298573	9606.ENSP00000394560	0	0	0	0	0.075	0.682	0.900	0.552	0.985
DUSP16	MAPK8	9606.ENSP00000298573	9606.ENSP00000378974	0	0	0	0	0.086	0.966	0.900	0.638	0.998
EFNA1	NGFR	9606.ENSP00000357392	9606.ENSP00000172229	0	0	0	0	0	0	0.650	0.581	0.847
EFNA1	EFNA2	9606.ENSP00000357392	9606.ENSP00000215368	0	0	0	0.860	0.059	0	0.400	0.458	0.667
EFNA1	FLT3	9606.ENSP00000357392	9606.ENSP00000241453	0	0	0	0	0	0	0.650	0.090	0.667
EFNA1	PDGFRA	9606.ENSP00000357392	9606.ENSP00000257290	0	0	0	0	0	0	0.650	0.189	0.704
EFNA1	PDGFRB	9606.ENSP00000357392	9606.ENSP00000261799	0	0	0	0	0.044	0	0.650	0.275	0.736
EFNA1	FLT4	9606.ENSP00000357392	9606.ENSP00000261937	0	0	0	0	0.042	0	0.650	0.437	0.794
EFNA1	KDR	9606.ENSP00000357392	9606.ENSP00000263923	0	0	0	0	0.060	0	0.650	0.370	0.774
EFNA1	RASA1	9606.ENSP00000357392	9606.ENSP00000274376	0	0	0	0	0	0	0.900	0.527	0.950
EFNA1	EGFR	9606.ENSP00000357392	9606.ENSP00000275493	0	0	0	0	0.083	0	0.650	0.400	0.790
EFNA1	NTRK2	9606.ENSP00000357392	9606.ENSP00000277120	0	0	0	0	0	0.098	0.650	0.756	0.916
EFNA1	FLT1	9606.ENSP00000357392	9606.ENSP00000282397	0	0	0	0	0.042	0	0.650	0.305	0.746
EFNA1	KIT	9606.ENSP00000357392	9606.ENSP00000288135	0	0	0	0	0.042	0	0.650	0.222	0.716
EFNA1	FGFR4	9606.ENSP00000357392	9606.ENSP00000292408	0	0	0	0	0.070	0	0.650	0.172	0.707
EFNA1	INSR	9606.ENSP00000357392	9606.ENSP00000303830	0	0	0	0	0.049	0.098	0.650	0.135	0.705
EFNA1	MET	9606.ENSP00000357392	9606.ENSP00000317272	0	0	0	0	0.147	0.098	0.650	0.285	0.782
EFNA1	EFNA5	9606.ENSP00000357392	9606.ENSP00000328777	0	0	0	0.880	0	0	0.400	0.206	0.503
EFNA1	FGFR3	9606.ENSP00000357392	9606.ENSP00000339824	0	0	0	0	0.083	0	0.650	0.216	0.726
EFNA1	EPHA2	9606.ENSP00000357392	9606.ENSP00000351209	0	0	0	0	0.118	0.984	0.650	0.999	0.999
EFNA1	SOS1	9606.ENSP00000357392	9606.ENSP00000384675	0	0	0	0	0	0	0	0.437	0.437
EFNA1	PTPN11	9606.ENSP00000357392	9606.ENSP00000489597	0	0	0	0	0	0.041	0	0.465	0.465
EFNA1	RHOA	9606.ENSP00000357392	9606.ENSP00000400175	0	0	0	0	0.055	0	0	0.465	0.473
EFNA1	GRB2	9606.ENSP00000357392	9606.ENSP00000376345	0	0	0	0	0	0	0	0.494	0.494
EFNA1	EFNA4	9606.ENSP00000357392	9606.ENSP00000414378	0	0	0.070	0.844	0.127	0	0.400	0.176	0.544
EFNA1	EFNA3	9606.ENSP00000357392	9606.ENSP00000357393	0	0	0.075	0.877	0.067	0	0.400	0.443	0.673
EFNA1	FGFR2	9606.ENSP00000357392	9606.ENSP00000410294	0	0	0	0	0.042	0	0.650	0.245	0.724
EFNA1	IGF1R	9606.ENSP00000357392	9606.ENSP00000497069	0	0	0	0	0	0.098	0.650	0.239	0.738
EFNA1	TEK	9606.ENSP00000357392	9606.ENSP00000369375	0	0	0	0	0	0	0.650	0.285	0.739
EFNA1	FGFR1	9606.ENSP00000357392	9606.ENSP00000393312	0	0	0	0	0	0	0.650	0.292	0.741
EFNA1	NTRK1	9606.ENSP00000357392	9606.ENSP00000431418	0	0	0	0	0	0.098	0.650	0.615	0.867
EFNA2	NGFR	9606.ENSP00000215368	9606.ENSP00000172229	0	0	0	0	0.061	0	0.650	0.593	0.854
EFNA2	RHOA	9606.ENSP00000215368	9606.ENSP00000400175	0	0	0	0	0	0	0	0.431	0.431
EFNA2	EFNA3	9606.ENSP00000215368	9606.ENSP00000357393	0	0	0	0.888	0.067	0	0.400	0.141	0.477
EFNA2	EFNA4	9606.ENSP00000215368	9606.ENSP00000414378	0	0	0	0.835	0	0	0.400	0.184	0.489
EFNA2	IGF1	9606.ENSP00000215368	9606.ENSP00000376637	0	0	0	0	0	0	0	0.493	0.493
EFNA2	EFNA5	9606.ENSP00000215368	9606.ENSP00000328777	0	0	0	0.924	0	0	0.400	0.437	0.648
EFNA2	FLT3	9606.ENSP00000215368	9606.ENSP00000241453	0	0	0	0	0	0	0.650	0.064	0.658
EFNA2	PDGFRA	9606.ENSP00000215368	9606.ENSP00000257290	0	0	0	0	0	0	0.650	0.125	0.680
EFNA2	INSR	9606.ENSP00000215368	9606.ENSP00000303830	0	0	0	0	0	0.098	0.650	0.072	0.681
EFNA2	FGFR4	9606.ENSP00000215368	9606.ENSP00000292408	0	0	0	0	0.086	0	0.650	0.091	0.683
EFNA2	FGFR2	9606.ENSP00000215368	9606.ENSP00000410294	0	0	0	0	0	0	0.650	0.153	0.690
EFNA2	FLT1	9606.ENSP00000215368	9606.ENSP00000282397	0	0	0	0	0	0	0.650	0.151	0.690
EFNA2	FGFR3	9606.ENSP00000215368	9606.ENSP00000339824	0	0	0	0	0.099	0	0.650	0.122	0.699
EFNA2	TEK	9606.ENSP00000215368	9606.ENSP00000369375	0	0	0	0	0	0	0.650	0.188	0.703
EFNA2	FLT4	9606.ENSP00000215368	9606.ENSP00000261937	0	0	0	0	0.062	0	0.650	0.178	0.706
EFNA2	FGFR1	9606.ENSP00000215368	9606.ENSP00000393312	0	0	0	0	0	0	0.650	0.200	0.708
EFNA2	KIT	9606.ENSP00000215368	9606.ENSP00000288135	0	0	0	0	0	0	0.650	0.217	0.714
EFNA2	KDR	9606.ENSP00000215368	9606.ENSP00000263923	0	0	0	0	0	0	0.650	0.223	0.716
EFNA2	PDGFRB	9606.ENSP00000215368	9606.ENSP00000261799	0	0	0	0	0	0	0.650	0.233	0.720
EFNA2	MET	9606.ENSP00000215368	9606.ENSP00000317272	0	0	0	0	0.124	0.098	0.650	0.219	0.755
EFNA2	IGF1R	9606.ENSP00000215368	9606.ENSP00000497069	0	0	0	0	0	0.098	0.650	0.457	0.813
EFNA2	EGFR	9606.ENSP00000215368	9606.ENSP00000275493	0	0	0	0	0	0	0.650	0.539	0.832
EFNA2	NTRK1	9606.ENSP00000215368	9606.ENSP00000431418	0	0	0	0	0.049	0.098	0.650	0.552	0.847
EFNA2	NTRK2	9606.ENSP00000215368	9606.ENSP00000277120	0	0	0	0	0	0.098	0.650	0.618	0.868
EFNA2	RASA1	9606.ENSP00000215368	9606.ENSP00000274376	0	0	0	0	0	0	0.900	0.211	0.917
EFNA2	EPHA2	9606.ENSP00000215368	9606.ENSP00000351209	0	0	0	0	0.118	0.098	0.650	0.998	0.999
EFNA3	NGFR	9606.ENSP00000357393	9606.ENSP00000172229	0	0	0	0	0.059	0	0.650	0.578	0.849
EFNA3	FLT3	9606.ENSP00000357393	9606.ENSP00000241453	0	0	0	0	0	0	0.650	0	0.650
EFNA3	PDGFRA	9606.ENSP00000357393	9606.ENSP00000257290	0	0	0	0	0	0	0.650	0.100	0.671
EFNA3	PDGFRB	9606.ENSP00000357393	9606.ENSP00000261799	0	0	0	0	0	0	0.650	0.197	0.706
EFNA3	FLT4	9606.ENSP00000357393	9606.ENSP00000261937	0	0	0	0	0	0	0.650	0.167	0.695
EFNA3	KDR	9606.ENSP00000357393	9606.ENSP00000263923	0	0	0	0	0	0	0.650	0.305	0.746
EFNA3	RASA1	9606.ENSP00000357393	9606.ENSP00000274376	0	0	0	0	0	0	0.900	0.327	0.929
EFNA3	EGFR	9606.ENSP00000357393	9606.ENSP00000275493	0	0	0	0	0	0	0.650	0.274	0.735
EFNA3	NTRK2	9606.ENSP00000357393	9606.ENSP00000277120	0	0	0	0	0	0.098	0.650	0.604	0.864
EFNA3	FLT1	9606.ENSP00000357393	9606.ENSP00000282397	0	0	0	0	0	0	0.650	0.355	0.764
EFNA3	KIT	9606.ENSP00000357393	9606.ENSP00000288135	0	0	0	0	0	0	0.650	0.231	0.719
EFNA3	FGFR4	9606.ENSP00000357393	9606.ENSP00000292408	0	0	0	0	0.047	0	0.650	0	0.652
EFNA3	INSR	9606.ENSP00000357393	9606.ENSP00000303830	0	0	0	0	0	0.098	0.650	0.085	0.686
EFNA3	MET	9606.ENSP00000357393	9606.ENSP00000317272	0	0	0	0	0.124	0.098	0.650	0.191	0.746
EFNA3	EFNA5	9606.ENSP00000357393	9606.ENSP00000328777	0	0	0	0.873	0.048	0	0.400	0.436	0.650
EFNA3	FGFR3	9606.ENSP00000357393	9606.ENSP00000339824	0	0	0	0	0.083	0	0.650	0.165	0.708
EFNA3	EPHA2	9606.ENSP00000357393	9606.ENSP00000351209	0	0	0	0	0.087	0.098	0.650	0.993	0.997
EFNA3	EFNA4	9606.ENSP00000357393	9606.ENSP00000414378	0	0	0	0.856	0.219	0	0.400	0.169	0.576
EFNA3	FGFR2	9606.ENSP00000357393	9606.ENSP00000410294	0	0	0	0	0	0	0.650	0.124	0.680
EFNA3	TEK	9606.ENSP00000357393	9606.ENSP00000369375	0	0	0	0	0	0	0.650	0.179	0.700
EFNA3	FGFR1	9606.ENSP00000357393	9606.ENSP00000393312	0	0	0	0	0	0	0.650	0.213	0.712
EFNA3	IGF1R	9606.ENSP00000357393	9606.ENSP00000497069	0	0	0	0	0	0.098	0.650	0.175	0.717
EFNA3	NTRK1	9606.ENSP00000357393	9606.ENSP00000431418	0	0	0	0	0.056	0.098	0.650	0.631	0.875
EFNA4	NGFR	9606.ENSP00000414378	9606.ENSP00000172229	0	0	0	0	0	0	0.650	0.601	0.854
EFNA4	FLT3	9606.ENSP00000414378	9606.ENSP00000241453	0	0	0	0	0	0	0.650	0.060	0.656
EFNA4	PDGFRA	9606.ENSP00000414378	9606.ENSP00000257290	0	0	0	0	0	0	0.650	0.149	0.689
EFNA4	PDGFRB	9606.ENSP00000414378	9606.ENSP00000261799	0	0	0	0	0	0	0.650	0.205	0.709
EFNA4	FLT4	9606.ENSP00000414378	9606.ENSP00000261937	0	0	0	0	0	0	0.650	0.181	0.701
EFNA4	KDR	9606.ENSP00000414378	9606.ENSP00000263923	0	0	0	0	0	0	0.650	0.197	0.706
EFNA4	RASA1	9606.ENSP00000414378	9606.ENSP00000274376	0	0	0	0	0	0	0.900	0.205	0.917
EFNA4	EGFR	9606.ENSP00000414378	9606.ENSP00000275493	0	0	0	0	0	0	0.650	0.256	0.728
EFNA4	NTRK2	9606.ENSP00000414378	9606.ENSP00000277120	0	0	0	0	0	0.098	0.650	0.589	0.859
EFNA4	FLT1	9606.ENSP00000414378	9606.ENSP00000282397	0	0	0	0	0	0	0.650	0.118	0.678
EFNA4	KIT	9606.ENSP00000414378	9606.ENSP00000288135	0	0	0	0	0	0	0.650	0.188	0.703
EFNA4	FGFR4	9606.ENSP00000414378	9606.ENSP00000292408	0	0	0	0	0.044	0	0.650	0.063	0.659
EFNA4	INSR	9606.ENSP00000414378	9606.ENSP00000303830	0	0	0	0	0.045	0.098	0.650	0.099	0.692
EFNA4	MET	9606.ENSP00000414378	9606.ENSP00000317272	0	0	0	0	0.124	0.098	0.650	0.175	0.741
EFNA4	EFNA5	9606.ENSP00000414378	9606.ENSP00000328777	0	0	0	0.867	0	0	0.400	0.141	0.462
EFNA4	FGFR3	9606.ENSP00000414378	9606.ENSP00000339824	0	0	0	0	0	0	0.650	0.182	0.701
EFNA4	EPHA2	9606.ENSP00000414378	9606.ENSP00000351209	0	0	0	0	0.111	0.150	0.650	0.993	0.997
EFNA4	TEK	9606.ENSP00000414378	9606.ENSP00000369375	0	0	0	0	0	0	0.650	0.141	0.686
EFNA4	FGFR1	9606.ENSP00000414378	9606.ENSP00000393312	0	0	0	0	0	0	0.650	0.222	0.716
EFNA4	FGFR2	9606.ENSP00000414378	9606.ENSP00000410294	0	0	0	0	0	0	0.650	0.233	0.720
EFNA4	IGF1R	9606.ENSP00000414378	9606.ENSP00000497069	0	0	0	0	0	0.098	0.650	0.166	0.713
EFNA4	NTRK1	9606.ENSP00000414378	9606.ENSP00000431418	0	0	0	0	0.042	0.098	0.650	0.498	0.827
EFNA5	NGFR	9606.ENSP00000328777	9606.ENSP00000172229	0	0	0	0	0	0	0.650	0.647	0.871
EFNA5	FLT3	9606.ENSP00000328777	9606.ENSP00000241453	0	0	0	0	0	0	0.650	0.125	0.680
EFNA5	PDGFRA	9606.ENSP00000328777	9606.ENSP00000257290	0	0	0	0	0	0	0.650	0.145	0.688
EFNA5	PDGFRB	9606.ENSP00000328777	9606.ENSP00000261799	0	0	0	0	0	0	0.650	0.167	0.695
EFNA5	FLT4	9606.ENSP00000328777	9606.ENSP00000261937	0	0	0	0	0.042	0	0.650	0.114	0.676
EFNA5	KDR	9606.ENSP00000328777	9606.ENSP00000263923	0	0	0	0	0	0	0.650	0.181	0.701
EFNA5	RASA1	9606.ENSP00000328777	9606.ENSP00000274376	0	0	0	0	0	0	0.900	0.642	0.962
EFNA5	EGFR	9606.ENSP00000328777	9606.ENSP00000275493	0	0	0	0	0.083	0	0.650	0.292	0.753
EFNA5	NTRK2	9606.ENSP00000328777	9606.ENSP00000277120	0	0	0	0	0.044	0.098	0.650	0.928	0.975
EFNA5	FLT1	9606.ENSP00000328777	9606.ENSP00000282397	0	0	0	0	0	0	0.650	0.087	0.666
EFNA5	TIAM1	9606.ENSP00000328777	9606.ENSP00000286827	0	0	0	0	0.042	0	0	0.506	0.506
EFNA5	KIT	9606.ENSP00000328777	9606.ENSP00000288135	0	0	0	0	0.047	0	0.650	0.203	0.710
EFNA5	FGFR4	9606.ENSP00000328777	9606.ENSP00000292408	0	0	0	0	0	0	0.650	0.128	0.682
EFNA5	INSR	9606.ENSP00000328777	9606.ENSP00000303830	0	0	0	0	0.042	0.098	0.650	0.100	0.691
EFNA5	MET	9606.ENSP00000328777	9606.ENSP00000317272	0	0	0	0	0.131	0.098	0.650	0.182	0.745
EFNA5	FGF8	9606.ENSP00000328777	9606.ENSP00000321797	0	0	0	0	0	0	0	0.469	0.469
EFNA5	RHOA	9606.ENSP00000328777	9606.ENSP00000400175	0	0	0	0	0	0	0	0.423	0.423
EFNA5	IGF1	9606.ENSP00000328777	9606.ENSP00000376637	0	0	0	0	0	0	0	0.534	0.534
EFNA5	TEK	9606.ENSP00000328777	9606.ENSP00000369375	0	0	0	0	0	0	0.650	0.118	0.678
EFNA5	FGFR3	9606.ENSP00000328777	9606.ENSP00000339824	0	0	0	0	0	0	0.650	0.156	0.692
EFNA5	FGFR2	9606.ENSP00000328777	9606.ENSP00000410294	0	0	0	0	0.048	0	0.650	0.203	0.711
EFNA5	FGFR1	9606.ENSP00000328777	9606.ENSP00000393312	0	0	0	0	0.042	0	0.650	0.217	0.714
EFNA5	IGF1R	9606.ENSP00000328777	9606.ENSP00000497069	0	0	0	0	0	0.098	0.650	0.482	0.822
EFNA5	NTRK1	9606.ENSP00000328777	9606.ENSP00000431418	0	0	0	0	0	0.098	0.650	0.747	0.913
EFNA5	EPHA2	9606.ENSP00000328777	9606.ENSP00000351209	0	0	0	0	0.087	0.978	0.650	0.997	0.999
EGF	RALA	9606.ENSP00000265171	9606.ENSP00000005257	0	0	0	0	0	0	0	0.647	0.647
EGF	FGF4	9606.ENSP00000265171	9606.ENSP00000168712	0	0	0	0	0	0.053	0	0.988	0.989
EGF	NGFR	9606.ENSP00000265171	9606.ENSP00000172229	0	0	0	0	0	0	0.650	0.704	0.891
EGF	FGF20	9606.ENSP00000265171	9606.ENSP00000180166	0	0	0	0	0	0.053	0	0.988	0.988
EGF	FGF22	9606.ENSP00000265171	9606.ENSP00000215530	0	0	0	0	0	0.053	0	0.988	0.989
EGF	MAPK1	9606.ENSP00000265171	9606.ENSP00000215832	0	0	0	0	0	0	0	0.789	0.789
EGF	SOS2	9606.ENSP00000265171	9606.ENSP00000216373	0	0	0	0	0	0	0	0.632	0.632
EGF	PIK3R2	9606.ENSP00000265171	9606.ENSP00000222254	0	0	0	0	0	0	0	0.579	0.579
EGF	HGF	9606.ENSP00000265171	9606.ENSP00000222390	0	0	0	0	0	0.049	0	0.843	0.844
EGF	NFKB1	9606.ENSP00000265171	9606.ENSP00000226574	0	0	0	0	0	0	0	0.591	0.591
EGF	FGF6	9606.ENSP00000265171	9606.ENSP00000228837	0	0	0	0	0	0.053	0	0.988	0.988
EGF	FGF23	9606.ENSP00000265171	9606.ENSP00000237837	0	0	0	0	0	0.053	0	0.475	0.481
EGF	FLT3	9606.ENSP00000265171	9606.ENSP00000241453	0	0	0	0	0	0	0.650	0.616	0.860
EGF	PLCG1	9606.ENSP00000265171	9606.ENSP00000244007	0	0	0	0	0	0.046	0.500	0.514	0.747
EGF	KRAS	9606.ENSP00000265171	9606.ENSP00000256078	0	0	0	0	0	0	0.500	0.720	0.854
EGF	PDGFRA	9606.ENSP00000265171	9606.ENSP00000257290	0	0	0	0	0	0	0.900	0.876	0.987
EGF	PDGFRB	9606.ENSP00000265171	9606.ENSP00000261799	0	0	0	0	0	0	0.900	0.901	0.989
EGF	FLT4	9606.ENSP00000265171	9606.ENSP00000261937	0	0	0	0	0	0	0.650	0.758	0.911
EGF	GAB1	9606.ENSP00000265171	9606.ENSP00000262995	0	0	0	0	0.044	0.046	0.400	0.720	0.826
EGF	MAPK3	9606.ENSP00000265171	9606.ENSP00000263025	0	0	0	0	0	0	0	0.841	0.841
EGF	KDR	9606.ENSP00000265171	9606.ENSP00000263923	0	0	0	0	0	0	0.650	0.802	0.928
EGF	PIK3CA	9606.ENSP00000265171	9606.ENSP00000263967	0	0	0	0	0	0	0.400	0.595	0.746
EGF	FGF2	9606.ENSP00000265171	9606.ENSP00000264498	0	0	0	0	0	0.053	0	0.968	0.969
EGF	SHC2	9606.ENSP00000265171	9606.ENSP00000264554	0	0	0	0	0.052	0	0	0.459	0.465
EGF	FGF10	9606.ENSP00000265171	9606.ENSP00000264664	0	0	0	0	0	0.053	0	0.989	0.990
EGF	PIK3CB	9606.ENSP00000265171	9606.ENSP00000501150	0	0	0	0	0.055	0	0	0.392	0.401
EGF	IKBKB	9606.ENSP00000265171	9606.ENSP00000430684	0	0	0	0	0	0	0	0.404	0.404
EGF	NTF4	9606.ENSP00000265171	9606.ENSP00000469455	0	0	0	0	0.049	0	0	0.399	0.404
EGF	RALGDS	9606.ENSP00000265171	9606.ENSP00000361120	0	0	0	0	0	0	0	0.419	0.418
EGF	RELA	9606.ENSP00000265171	9606.ENSP00000384273	0	0	0	0	0	0	0	0.425	0.425
EGF	PLA2G1B	9606.ENSP00000265171	9606.ENSP00000312286	0	0	0	0	0.060	0	0	0.418	0.429
EGF	FGF21	9606.ENSP00000265171	9606.ENSP00000471477	0	0	0	0	0	0.053	0	0.460	0.467
EGF	NF1	9606.ENSP00000265171	9606.ENSP00000351015	0	0	0	0	0.051	0	0	0.463	0.469
EGF	PRKCA	9606.ENSP00000265171	9606.ENSP00000408695	0	0	0	0	0	0	0	0.479	0.479
EGF	FASLG	9606.ENSP00000265171	9606.ENSP00000356694	0	0	0	0	0	0	0	0.479	0.479
EGF	SHC3	9606.ENSP00000265171	9606.ENSP00000364995	0	0	0	0	0.052	0	0	0.475	0.481
EGF	VEGFD	9606.ENSP00000265171	9606.ENSP00000297904	0	0	0	0	0.042	0.045	0	0.507	0.509
EGF	NTF3	9606.ENSP00000265171	9606.ENSP00000397297	0	0	0	0	0	0	0	0.538	0.538
EGF	PRKACG	9606.ENSP00000265171	9606.ENSP00000366488	0	0	0	0	0	0	0	0.552	0.552
EGF	PRKACA	9606.ENSP00000265171	9606.ENSP00000309591	0	0	0	0	0	0	0	0.552	0.552
EGF	PRKACB	9606.ENSP00000265171	9606.ENSP00000359719	0	0	0	0	0	0	0	0.552	0.552
EGF	PGF	9606.ENSP00000265171	9606.ENSP00000451040	0	0	0	0	0	0	0	0.583	0.583
EGF	RAF1	9606.ENSP00000265171	9606.ENSP00000401888	0	0	0	0	0	0	0	0.603	0.603
EGF	IGF2	9606.ENSP00000265171	9606.ENSP00000391826	0	0	0	0	0	0	0	0.644	0.644
EGF	RASA1	9606.ENSP00000265171	9606.ENSP00000274376	0	0	0	0	0	0	0	0.651	0.651
EGF	VEGFB	9606.ENSP00000265171	9606.ENSP00000311127	0	0	0	0	0.055	0	0	0.647	0.653
EGF	MAP2K1	9606.ENSP00000265171	9606.ENSP00000302486	0	0	0	0	0	0	0	0.686	0.686
EGF	RAB5A	9606.ENSP00000265171	9606.ENSP00000273047	0	0	0	0	0	0	0	0.696	0.696
EGF	MAPK8	9606.ENSP00000265171	9606.ENSP00000378974	0	0	0	0	0	0.065	0	0.711	0.719
EGF	FGF19	9606.ENSP00000265171	9606.ENSP00000294312	0	0	0	0	0	0.053	0	0.718	0.721
EGF	KITLG	9606.ENSP00000265171	9606.ENSP00000495951	0	0	0	0	0	0	0	0.728	0.728
EGF	VEGFC	9606.ENSP00000265171	9606.ENSP00000480043	0	0	0	0	0.042	0.045	0	0.729	0.730
EGF	NRAS	9606.ENSP00000265171	9606.ENSP00000358548	0	0	0	0	0	0	0.500	0.538	0.759
EGF	FGFR4	9606.ENSP00000265171	9606.ENSP00000292408	0	0	0	0	0	0	0.650	0.399	0.780
EGF	EPHA2	9606.ENSP00000265171	9606.ENSP00000351209	0	0	0	0	0	0.050	0.650	0.452	0.802
EGF	SOS1	9606.ENSP00000265171	9606.ENSP00000384675	0	0	0	0	0	0	0.400	0.691	0.806
EGF	PTPN11	9606.ENSP00000265171	9606.ENSP00000489597	0	0	0	0	0	0	0.400	0.724	0.827
EGF	FGF1	9606.ENSP00000265171	9606.ENSP00000480791	0	0	0	0	0.042	0.053	0	0.839	0.841
EGF	FLT3LG	9606.ENSP00000265171	9606.ENSP00000469613	0	0	0	0	0	0	0	0.861	0.861
EGF	NGF	9606.ENSP00000265171	9606.ENSP00000358525	0	0	0	0	0	0	0	0.866	0.866
EGF	HRAS	9606.ENSP00000265171	9606.ENSP00000407586	0	0	0	0	0	0	0.500	0.750	0.869
EGF	RHOA	9606.ENSP00000265171	9606.ENSP00000400175	0	0	0	0	0	0	0.500	0.759	0.874
EGF	NTRK2	9606.ENSP00000265171	9606.ENSP00000277120	0	0	0	0	0.123	0.057	0.650	0.648	0.884
EGF	TEK	9606.ENSP00000265171	9606.ENSP00000369375	0	0	0	0	0.042	0	0.650	0.719	0.897
EGF	FLT1	9606.ENSP00000265171	9606.ENSP00000282397	0	0	0	0	0	0	0.650	0.731	0.902
EGF	FGFR3	9606.ENSP00000265171	9606.ENSP00000339824	0	0	0	0	0	0	0.650	0.732	0.902
EGF	PIK3R1	9606.ENSP00000265171	9606.ENSP00000428056	0	0	0	0	0	0.292	0.400	0.809	0.911
EGF	SHC1	9606.ENSP00000265171	9606.ENSP00000401303	0	0	0	0	0.052	0.292	0.400	0.834	0.924
EGF	FGFR1	9606.ENSP00000265171	9606.ENSP00000393312	0	0	0	0	0	0	0.650	0.799	0.926
EGF	PDGFC	9606.ENSP00000265171	9606.ENSP00000422464	0	0	0	0	0.049	0	0.900	0.377	0.935
EGF	FGFR2	9606.ENSP00000265171	9606.ENSP00000410294	0	0	0	0	0	0	0.650	0.825	0.936
EGF	PDGFD	9606.ENSP00000265171	9606.ENSP00000376865	0	0	0	0	0	0	0.900	0.396	0.937
EGF	MET	9606.ENSP00000265171	9606.ENSP00000317272	0	0	0	0	0	0	0.650	0.851	0.945
EGF	PDGFA	9606.ENSP00000265171	9606.ENSP00000346508	0	0	0	0	0.050	0	0.900	0.519	0.950
EGF	PDGFB	9606.ENSP00000265171	9606.ENSP00000330382	0	0	0	0	0	0	0.900	0.573	0.955
EGF	INSR	9606.ENSP00000265171	9606.ENSP00000303830	0	0	0	0	0	0.062	0.900	0.695	0.968
EGF	KIT	9606.ENSP00000265171	9606.ENSP00000288135	0	0	0	0	0.044	0	0.900	0.741	0.973
EGF	FGF9	9606.ENSP00000265171	9606.ENSP00000371790	0	0	0	0	0	0.053	0	0.988	0.988
EGF	FGF17	9606.ENSP00000265171	9606.ENSP00000352414	0	0	0	0	0	0.053	0	0.988	0.988
EGF	FGF18	9606.ENSP00000265171	9606.ENSP00000274625	0	0	0	0	0	0.053	0	0.988	0.988
EGF	FGF3	9606.ENSP00000265171	9606.ENSP00000334122	0	0	0	0	0	0.053	0	0.988	0.988
EGF	FGF16	9606.ENSP00000265171	9606.ENSP00000399324	0	0	0	0	0	0.053	0	0.988	0.988
EGF	FGF8	9606.ENSP00000265171	9606.ENSP00000321797	0	0	0	0	0	0.053	0	0.991	0.991
EGF	FGF7	9606.ENSP00000265171	9606.ENSP00000267843	0	0	0	0	0	0.053	0	0.992	0.992
EGF	FGF5	9606.ENSP00000265171	9606.ENSP00000311697	0	0	0	0	0	0.410	0	0.988	0.993
EGF	IGF1	9606.ENSP00000265171	9606.ENSP00000376637	0	0	0	0	0	0	0.900	0.957	0.995
EGF	GRB2	9606.ENSP00000265171	9606.ENSP00000376345	0	0	0	0	0	0	0.400	0.993	0.995
EGF	INS	9606.ENSP00000265171	9606.ENSP00000380432	0	0	0	0	0	0	0.900	0.952	0.995
EGF	NTRK1	9606.ENSP00000265171	9606.ENSP00000431418	0	0	0	0	0.111	0.057	0.650	0.991	0.997
EGF	IGF1R	9606.ENSP00000265171	9606.ENSP00000497069	0	0	0	0	0	0.062	0.900	0.979	0.997
EGF	TGFA	9606.ENSP00000265171	9606.ENSP00000404131	0	0	0	0.668	0	0	0.900	0.987	0.998
EGF	EGFR	9606.ENSP00000265171	9606.ENSP00000275493	0	0	0	0	0.128	0.999	0.900	0.999	0.999
EGFR	RALA	9606.ENSP00000275493	9606.ENSP00000005257	0	0	0	0	0.042	0.160	0	0.456	0.524
EGFR	FGF4	9606.ENSP00000275493	9606.ENSP00000168712	0	0	0	0	0	0	0.650	0.788	0.922
EGFR	NGFR	9606.ENSP00000275493	9606.ENSP00000172229	0	0	0	0	0	0	0	0.659	0.659
EGFR	FGF20	9606.ENSP00000275493	9606.ENSP00000180166	0	0	0	0	0.062	0	0.650	0.796	0.927
EGFR	FGF22	9606.ENSP00000275493	9606.ENSP00000215530	0	0	0	0	0.062	0	0.650	0.794	0.926
EGFR	MAPK1	9606.ENSP00000275493	9606.ENSP00000215832	0	0	0	0.579	0.047	0.042	0	0.609	0.612
EGFR	SOS2	9606.ENSP00000275493	9606.ENSP00000216373	0	0	0	0	0.044	0.857	0.900	0.902	0.998
EGFR	PIK3R2	9606.ENSP00000275493	9606.ENSP00000222254	0	0	0	0	0.044	0.848	0.900	0.623	0.993
EGFR	HGF	9606.ENSP00000275493	9606.ENSP00000222390	0	0	0	0	0	0	0.650	0.947	0.980
EGFR	NFKB1	9606.ENSP00000275493	9606.ENSP00000226574	0	0	0	0	0.050	0.045	0	0.835	0.837
EGFR	FGF6	9606.ENSP00000275493	9606.ENSP00000228837	0	0	0	0	0.066	0	0.650	0.787	0.924
EGFR	EXOC2	9606.ENSP00000275493	9606.ENSP00000230449	0	0	0	0	0.042	0.292	0	0.515	0.642
EGFR	FGF23	9606.ENSP00000275493	9606.ENSP00000237837	0	0	0	0	0.067	0	0.650	0.452	0.805
EGFR	FLT3	9606.ENSP00000275493	9606.ENSP00000241453	0	0	0	0.579	0.067	0.139	0	0.531	0.591
EGFR	PLCG1	9606.ENSP00000275493	9606.ENSP00000244007	0	0	0	0	0.042	0.898	0.900	0.803	0.997
EGFR	RRAS	9606.ENSP00000275493	9606.ENSP00000246792	0	0	0	0	0.074	0.125	0	0.342	0.420
EGFR	RAC2	9606.ENSP00000275493	9606.ENSP00000249071	0	0	0	0	0.042	0.175	0	0.359	0.449
EGFR	KRAS	9606.ENSP00000275493	9606.ENSP00000256078	0	0	0	0	0.053	0.662	0.900	0.918	0.997
EGFR	PDGFRA	9606.ENSP00000275493	9606.ENSP00000257290	0	0	0	0.566	0.108	0.663	0.900	0.590	0.986
EGFR	PDGFRB	9606.ENSP00000275493	9606.ENSP00000261799	0	0	0	0.565	0.093	0.558	0.900	0.971	0.998
EGFR	PIK3R3	9606.ENSP00000275493	9606.ENSP00000262741	0	0	0	0	0	0.810	0.900	0.554	0.990
EGFR	MAP2K2	9606.ENSP00000275493	9606.ENSP00000262948	0	0	0	0.593	0.042	0.181	0	0.520	0.591
EGFR	GAB1	9606.ENSP00000275493	9606.ENSP00000262995	0	0	0	0	0.044	0.877	0.900	0.986	0.999
EGFR	MAPK3	9606.ENSP00000275493	9606.ENSP00000263025	0	0	0	0.582	0.042	0.230	0	0.411	0.528
EGFR	PLD2	9606.ENSP00000275493	9606.ENSP00000263088	0	0	0	0	0.049	0.292	0	0.437	0.588
EGFR	KDR	9606.ENSP00000275493	9606.ENSP00000263923	0	0	0	0.564	0.075	0.139	0	0.774	0.805
EGFR	PIK3CA	9606.ENSP00000275493	9606.ENSP00000263967	0	0	0	0	0	0.790	0.900	0.976	0.999
EGFR	FGF2	9606.ENSP00000275493	9606.ENSP00000264498	0	0	0	0	0.099	0	0.650	0.877	0.957
EGFR	SHC2	9606.ENSP00000275493	9606.ENSP00000264554	0	0	0	0	0.074	0.753	0.900	0.529	0.987
EGFR	FGF10	9606.ENSP00000275493	9606.ENSP00000264664	0	0	0	0	0.062	0	0.650	0.794	0.926
EGFR	ZAP70	9606.ENSP00000275493	9606.ENSP00000264972	0	0	0	0.685	0	0.763	0	0.508	0.879
EGFR	FGF7	9606.ENSP00000275493	9606.ENSP00000267843	0	0	0	0	0.067	0	0.650	0.797	0.927
EGFR	RALB	9606.ENSP00000275493	9606.ENSP00000272519	0	0	0	0	0.042	0.160	0	0.378	0.455
EGFR	RAB5A	9606.ENSP00000275493	9606.ENSP00000273047	0	0	0	0	0.042	0.510	0	0.772	0.883
EGFR	RASA1	9606.ENSP00000275493	9606.ENSP00000274376	0	0	0	0	0.042	0.716	0	0.901	0.970
EGFR	FGF18	9606.ENSP00000275493	9606.ENSP00000274625	0	0	0	0	0	0	0.650	0.811	0.931
EGFR	REL	9606.ENSP00000275493	9606.ENSP00000295025	0	0	0	0	0.042	0.075	0	0.383	0.405
EGFR	GNG12	9606.ENSP00000275493	9606.ENSP00000360021	0	0	0	0	0.329	0.051	0	0.160	0.418
EGFR	PRKACB	9606.ENSP00000275493	9606.ENSP00000359719	0	0	0	0.580	0	0	0	0.426	0.426
EGFR	PRKACG	9606.ENSP00000275493	9606.ENSP00000366488	0	0	0	0.596	0	0	0	0.427	0.427
EGFR	KIT	9606.ENSP00000275493	9606.ENSP00000288135	0	0	0	0.572	0	0.101	0	0.389	0.428
EGFR	PLA2G2D	9606.ENSP00000275493	9606.ENSP00000364246	0	0	0	0	0.049	0	0	0.441	0.445
EGFR	RALGDS	9606.ENSP00000275493	9606.ENSP00000361120	0	0	0	0	0	0	0	0.445	0.445
EGFR	FGFR3	9606.ENSP00000275493	9606.ENSP00000339824	0	0	0	0.615	0.074	0.101	0	0.392	0.449
EGFR	FGFR1	9606.ENSP00000275493	9606.ENSP00000393312	0	0	0	0.604	0.067	0.215	0	0.346	0.479
EGFR	TEK	9606.ENSP00000275493	9606.ENSP00000369375	0	0	0	0.581	0.066	0.101	0	0.438	0.487
EGFR	RASSF1	9606.ENSP00000275493	9606.ENSP00000349547	0	0	0	0	0.051	0	0	0.486	0.491
EGFR	GRIN2B	9606.ENSP00000275493	9606.ENSP00000477455	0	0	0	0	0	0.292	0	0.384	0.545
EGFR	ETS1	9606.ENSP00000275493	9606.ENSP00000376436	0	0	0	0	0	0.189	0	0.461	0.545
EGFR	IKBKB	9606.ENSP00000275493	9606.ENSP00000430684	0	0	0	0.552	0.042	0.091	0	0.534	0.559
EGFR	MAP2K1	9606.ENSP00000275493	9606.ENSP00000302486	0	0	0	0.597	0.049	0.098	0	0.549	0.579
EGFR	PRKCB	9606.ENSP00000275493	9606.ENSP00000496129	0	0	0	0.558	0.042	0.299	0	0.424	0.579
EGFR	FLT1	9606.ENSP00000275493	9606.ENSP00000282397	0	0	0	0.564	0.055	0.139	0	0.555	0.607
EGFR	FGFR2	9606.ENSP00000275493	9606.ENSP00000410294	0	0	0	0.609	0.068	0.101	0	0.569	0.608
EGFR	NTRK1	9606.ENSP00000275493	9606.ENSP00000431418	0	0	0	0.603	0.107	0.109	0	0.571	0.628
EGFR	RAC1	9606.ENSP00000275493	9606.ENSP00000348461	0	0	0	0	0.058	0.211	0	0.554	0.639
EGFR	PLA2G2A	9606.ENSP00000275493	9606.ENSP00000383364	0	0	0	0	0.049	0.292	0	0.521	0.649
EGFR	LAT	9606.ENSP00000275493	9606.ENSP00000378845	0	0	0	0	0	0.629	0	0.100	0.651
EGFR	FASLG	9606.ENSP00000275493	9606.ENSP00000356694	0	0	0	0	0	0.051	0	0.677	0.680
EGFR	MAPK9	9606.ENSP00000275493	9606.ENSP00000394560	0	0	0	0.565	0.044	0.621	0	0.218	0.692
EGFR	RELA	9606.ENSP00000275493	9606.ENSP00000384273	0	0	0	0	0.044	0.075	0	0.689	0.701
EGFR	PRKACA	9606.ENSP00000275493	9606.ENSP00000309591	0	0	0	0.594	0.042	0.510	0	0.427	0.707
EGFR	RIN1	9606.ENSP00000275493	9606.ENSP00000310406	0	0	0	0	0.042	0.596	0	0.323	0.715
EGFR	FLT3LG	9606.ENSP00000275493	9606.ENSP00000469613	0	0	0	0	0	0	0.650	0.223	0.716
EGFR	NTF4	9606.ENSP00000275493	9606.ENSP00000469455	0	0	0	0	0.083	0	0.650	0.232	0.731
EGFR	FGF21	9606.ENSP00000275493	9606.ENSP00000471477	0	0	0	0	0	0	0.650	0.280	0.737
EGFR	INSR	9606.ENSP00000275493	9606.ENSP00000303830	0	0	0	0.577	0.058	0.091	0.400	0.566	0.747
EGFR	IKBKG	9606.ENSP00000275493	9606.ENSP00000483825	0	0	0	0	0.042	0.621	0	0.368	0.750
EGFR	NTF3	9606.ENSP00000275493	9606.ENSP00000397297	0	0	0	0	0.082	0	0.650	0.292	0.752
EGFR	PAK1	9606.ENSP00000275493	9606.ENSP00000278568	0	0	0	0.579	0.063	0.718	0	0.210	0.773
EGFR	FGF19	9606.ENSP00000275493	9606.ENSP00000294312	0	0	0	0	0	0	0.650	0.438	0.795
EGFR	PGF	9606.ENSP00000275493	9606.ENSP00000451040	0	0	0	0	0	0	0.650	0.446	0.797
EGFR	VEGFB	9606.ENSP00000275493	9606.ENSP00000311127	0	0	0	0	0	0.093	0.650	0.435	0.805
EGFR	MAPK8	9606.ENSP00000275493	9606.ENSP00000378974	0	0	0	0.567	0.047	0.621	0	0.567	0.830
EGFR	VEGFC	9606.ENSP00000275493	9606.ENSP00000480043	0	0	0	0	0.131	0	0.650	0.510	0.837
EGFR	NF1	9606.ENSP00000275493	9606.ENSP00000351015	0	0	0	0	0.055	0.330	0	0.778	0.847
EGFR	RAF1	9606.ENSP00000275493	9606.ENSP00000401888	0	0	0	0.575	0.042	0.645	0	0.590	0.848
EGFR	IGF2	9606.ENSP00000275493	9606.ENSP00000391826	0	0	0	0	0.083	0	0.650	0.582	0.854
EGFR	VEGFD	9606.ENSP00000275493	9606.ENSP00000297904	0	0	0	0	0	0	0.650	0.625	0.863
EGFR	NTRK2	9606.ENSP00000275493	9606.ENSP00000277120	0	0	0	0.591	0.134	0.640	0	0.653	0.882
EGFR	FGF1	9606.ENSP00000275493	9606.ENSP00000480791	0	0	0	0	0.102	0	0.650	0.670	0.887
EGFR	NGF	9606.ENSP00000275493	9606.ENSP00000358525	0	0	0	0	0.086	0	0.650	0.691	0.892
EGFR	RHOA	9606.ENSP00000275493	9606.ENSP00000400175	0	0	0	0	0.075	0.258	0.500	0.752	0.903
EGFR	EPHA2	9606.ENSP00000275493	9606.ENSP00000351209	0	0	0	0.618	0.163	0.450	0	0.806	0.903
EGFR	FGF8	9606.ENSP00000275493	9606.ENSP00000321797	0	0	0	0	0	0	0.650	0.781	0.920
EGFR	FGF5	9606.ENSP00000275493	9606.ENSP00000311697	0	0	0	0	0.049	0	0.650	0.786	0.922
EGFR	FGF17	9606.ENSP00000275493	9606.ENSP00000352414	0	0	0	0	0	0	0.650	0.787	0.922
EGFR	FGF16	9606.ENSP00000275493	9606.ENSP00000399324	0	0	0	0	0.062	0	0.650	0.797	0.927
EGFR	FGF9	9606.ENSP00000275493	9606.ENSP00000371790	0	0	0	0	0.062	0	0.650	0.798	0.928
EGFR	FGF3	9606.ENSP00000275493	9606.ENSP00000334122	0	0	0	0	0	0	0.650	0.804	0.928
EGFR	PRKCA	9606.ENSP00000275493	9606.ENSP00000408695	0	0	0	0.562	0.049	0.788	0	0.693	0.932
EGFR	PDGFD	9606.ENSP00000275493	9606.ENSP00000376865	0	0	0	0	0	0	0.900	0.348	0.932
EGFR	PIK3CD	9606.ENSP00000275493	9606.ENSP00000366563	0	0	0	0	0.042	0	0.900	0.443	0.942
EGFR	KITLG	9606.ENSP00000275493	9606.ENSP00000495951	0	0	0	0	0.152	0	0.900	0.460	0.950
EGFR	PDGFC	9606.ENSP00000275493	9606.ENSP00000422464	0	0	0	0	0.099	0	0.900	0.604	0.961
EGFR	PDGFA	9606.ENSP00000275493	9606.ENSP00000346508	0	0	0	0	0.044	0	0.900	0.656	0.964
EGFR	PDGFB	9606.ENSP00000275493	9606.ENSP00000330382	0	0	0	0	0.044	0	0.900	0.695	0.968
EGFR	GAB2	9606.ENSP00000275493	9606.ENSP00000354952	0	0	0	0	0	0.625	0.900	0.621	0.984
EGFR	SHC3	9606.ENSP00000275493	9606.ENSP00000364995	0	0	0	0	0.086	0.849	0.900	0.282	0.988
EGFR	SHC4	9606.ENSP00000275493	9606.ENSP00000329668	0	0	0	0	0	0.857	0.900	0.251	0.988
EGFR	IGF1R	9606.ENSP00000275493	9606.ENSP00000497069	0	0	0	0.571	0.113	0.585	0	0.972	0.989
EGFR	NRAS	9606.ENSP00000275493	9606.ENSP00000358548	0	0	0	0	0.053	0.249	0.900	0.899	0.991
EGFR	IGF1	9606.ENSP00000275493	9606.ENSP00000376637	0	0	0	0	0	0	0.900	0.919	0.991
EGFR	INS	9606.ENSP00000275493	9606.ENSP00000380432	0	0	0	0	0	0	0.900	0.930	0.992
EGFR	PLCG2	9606.ENSP00000275493	9606.ENSP00000482457	0	0	0	0	0.042	0.843	0.900	0.614	0.993
EGFR	PIK3CB	9606.ENSP00000275493	9606.ENSP00000501150	0	0	0	0	0	0.622	0.900	0.842	0.993
EGFR	HRAS	9606.ENSP00000275493	9606.ENSP00000407586	0	0	0	0	0.053	0.315	0.900	0.931	0.994
EGFR	MET	9606.ENSP00000275493	9606.ENSP00000317272	0	0	0	0.582	0.250	0.806	0	0.978	0.996
EGFR	PIK3R1	9606.ENSP00000275493	9606.ENSP00000428056	0	0	0	0	0.042	0.900	0.900	0.901	0.998
EGFR	PTPN11	9606.ENSP00000275493	9606.ENSP00000489597	0	0	0	0	0.042	0.995	0.900	0.991	0.999
EGFR	TGFA	9606.ENSP00000275493	9606.ENSP00000404131	0	0	0	0	0.062	0.983	0.900	0.998	0.999
EGFR	SHC1	9606.ENSP00000275493	9606.ENSP00000401303	0	0	0	0	0.067	0.995	0.900	0.994	0.999
EGFR	SOS1	9606.ENSP00000275493	9606.ENSP00000384675	0	0	0	0	0.044	0.994	0.900	0.942	0.999
EGFR	GRB2	9606.ENSP00000275493	9606.ENSP00000376345	0	0	0	0	0.042	0.996	0.900	0.996	0.999
ELK1	MAPK1	9606.ENSP00000366182	9606.ENSP00000215832	0	0	0	0	0.049	0.927	0.900	0.263	0.994
ELK1	MAPK3	9606.ENSP00000366182	9606.ENSP00000263025	0	0	0	0	0.049	0.866	0.900	0.232	0.988
ELK1	PRKCG	9606.ENSP00000366182	9606.ENSP00000263431	0	0	0	0	0.062	0	0.900	0	0.902
ELK1	PRKCB	9606.ENSP00000366182	9606.ENSP00000496129	0	0	0	0	0.064	0	0.900	0	0.902
ELK1	PRKCA	9606.ENSP00000366182	9606.ENSP00000408695	0	0	0	0	0.094	0	0.900	0.108	0.912
ELK1	MAPK9	9606.ENSP00000366182	9606.ENSP00000394560	0	0	0	0	0.104	0.622	0.900	0.159	0.967
ELK1	MAPK8	9606.ENSP00000366182	9606.ENSP00000378974	0	0	0	0	0.111	0.722	0.900	0.143	0.976
EPHA2	FGF4	9606.ENSP00000351209	9606.ENSP00000168712	0	0	0	0	0	0	0.650	0.254	0.727
EPHA2	FGF20	9606.ENSP00000351209	9606.ENSP00000180166	0	0	0	0	0.045	0	0.650	0.253	0.728
EPHA2	FGF22	9606.ENSP00000351209	9606.ENSP00000215530	0	0	0	0	0.042	0	0.650	0.246	0.725
EPHA2	PIK3R2	9606.ENSP00000351209	9606.ENSP00000222254	0	0	0	0	0.049	0.215	0.400	0.169	0.578
EPHA2	HGF	9606.ENSP00000351209	9606.ENSP00000222390	0	0	0	0	0	0.217	0.650	0.322	0.798
EPHA2	FGF6	9606.ENSP00000351209	9606.ENSP00000228837	0	0	0	0	0	0	0.650	0.229	0.718
EPHA2	FGF23	9606.ENSP00000351209	9606.ENSP00000237837	0	0	0	0	0	0	0.650	0.064	0.658
EPHA2	RAC2	9606.ENSP00000351209	9606.ENSP00000249071	0	0	0	0	0.076	0.187	0.500	0.143	0.635
EPHA2	KRAS	9606.ENSP00000351209	9606.ENSP00000256078	0	0	0	0	0.074	0.280	0	0.431	0.588
EPHA2	PDGFRA	9606.ENSP00000351209	9606.ENSP00000257290	0	0	0	0.575	0.050	0.329	0	0.201	0.446
EPHA2	PIK3R3	9606.ENSP00000351209	9606.ENSP00000262741	0	0	0	0	0	0.215	0.400	0.124	0.551
EPHA2	PLD2	9606.ENSP00000351209	9606.ENSP00000263088	0	0	0	0	0.062	0.053	0.400	0.049	0.425
EPHA2	PIK3CA	9606.ENSP00000351209	9606.ENSP00000263967	0	0	0	0	0	0.069	0.400	0.384	0.626
EPHA2	FGF2	9606.ENSP00000351209	9606.ENSP00000264498	0	0	0	0	0.082	0	0.650	0.350	0.773
EPHA2	SHC2	9606.ENSP00000351209	9606.ENSP00000264554	0	0	0	0	0.067	0.073	0.650	0.070	0.681
EPHA2	FGF10	9606.ENSP00000351209	9606.ENSP00000264664	0	0	0	0	0	0	0.650	0.262	0.730
EPHA2	FGF7	9606.ENSP00000351209	9606.ENSP00000267843	0	0	0	0	0.069	0	0.650	0.247	0.733
EPHA2	RASA1	9606.ENSP00000351209	9606.ENSP00000274376	0	0	0	0	0.074	0.078	0.900	0.253	0.927
EPHA2	FGF18	9606.ENSP00000351209	9606.ENSP00000274625	0	0	0	0	0.056	0	0.650	0.222	0.720
EPHA2	PAK1	9606.ENSP00000351209	9606.ENSP00000278568	0	0	0	0.569	0.044	0.071	0.400	0.075	0.441
EPHA2	FGFR4	9606.ENSP00000351209	9606.ENSP00000292408	0	0	0	0.622	0.074	0.311	0	0.150	0.411
EPHA2	FGF19	9606.ENSP00000351209	9606.ENSP00000294312	0	0	0	0	0	0	0.650	0.093	0.669
EPHA2	VEGFD	9606.ENSP00000351209	9606.ENSP00000297904	0	0	0	0	0.062	0.070	0.650	0.158	0.708
EPHA2	RAC3	9606.ENSP00000351209	9606.ENSP00000304283	0	0	0	0	0.099	0.187	0.500	0.090	0.622
EPHA2	VEGFB	9606.ENSP00000351209	9606.ENSP00000311127	0	0	0	0	0	0	0.650	0.277	0.736
EPHA2	FGF5	9606.ENSP00000351209	9606.ENSP00000311697	0	0	0	0	0.049	0	0.650	0.231	0.721
EPHA2	PAK2	9606.ENSP00000351209	9606.ENSP00000314067	0	0	0	0.569	0.054	0.071	0.400	0.064	0.440
EPHA2	MET	9606.ENSP00000351209	9606.ENSP00000317272	0	0	0	0.604	0.153	0.195	0	0.229	0.429
EPHA2	FGF8	9606.ENSP00000351209	9606.ENSP00000321797	0	0	0	0	0.042	0	0.650	0.231	0.719
EPHA2	SHC4	9606.ENSP00000351209	9606.ENSP00000329668	0	0	0	0	0.067	0.073	0.650	0.068	0.680
EPHA2	PDGFB	9606.ENSP00000351209	9606.ENSP00000330382	0	0	0	0	0.067	0	0.650	0.184	0.710
EPHA2	FGF3	9606.ENSP00000351209	9606.ENSP00000334122	0	0	0	0	0	0	0.650	0.233	0.720
EPHA2	PDGFA	9606.ENSP00000351209	9606.ENSP00000346508	0	0	0	0	0.056	0.050	0.650	0.185	0.710
EPHA2	RAC1	9606.ENSP00000351209	9606.ENSP00000348461	0	0	0	0	0.076	0.187	0.500	0.181	0.652
EPHA2	NF1	9606.ENSP00000351209	9606.ENSP00000351015	0	0	0	0	0.044	0.347	0	0.290	0.518
EPHA2	PAK3	9606.ENSP00000351209	9606.ENSP00000353864	0	0	0	0.566	0	0.071	0.400	0.057	0.428
EPHA2	HRAS	9606.ENSP00000351209	9606.ENSP00000407586	0	0	0	0	0.094	0.265	0	0.292	0.488
EPHA2	PAK4	9606.ENSP00000351209	9606.ENSP00000469413	0	0	0	0.567	0.071	0.071	0.400	0.133	0.491
EPHA2	NRAS	9606.ENSP00000351209	9606.ENSP00000358548	0	0	0	0	0.074	0.279	0	0.307	0.498
EPHA2	IGF1R	9606.ENSP00000351209	9606.ENSP00000497069	0	0	0	0.626	0	0.132	0	0.496	0.543
EPHA2	FGFR2	9606.ENSP00000351209	9606.ENSP00000410294	0	0	0	0.619	0.052	0.198	0	0.466	0.559
EPHA2	RHOA	9606.ENSP00000351209	9606.ENSP00000400175	0	0	0	0	0.076	0.222	0	0.446	0.568
EPHA2	FGF21	9606.ENSP00000351209	9606.ENSP00000471477	0	0	0	0	0	0	0.650	0.053	0.654
EPHA2	NTF4	9606.ENSP00000351209	9606.ENSP00000469455	0	0	0	0	0.099	0	0.650	0	0.671
EPHA2	FLT3LG	9606.ENSP00000351209	9606.ENSP00000469613	0	0	0	0	0.067	0.052	0.650	0.071	0.673
EPHA2	NTF3	9606.ENSP00000351209	9606.ENSP00000397297	0	0	0	0	0.062	0	0.650	0.091	0.675
EPHA2	SHC3	9606.ENSP00000351209	9606.ENSP00000364995	0	0	0	0	0.067	0.073	0.650	0.067	0.680
EPHA2	FGF1	9606.ENSP00000351209	9606.ENSP00000480791	0	0	0	0	0.047	0	0.650	0.185	0.704
EPHA2	IGF2	9606.ENSP00000351209	9606.ENSP00000391826	0	0	0	0	0.068	0	0.650	0.167	0.704
EPHA2	PGF	9606.ENSP00000351209	9606.ENSP00000451040	0	0	0	0	0.049	0	0.650	0.184	0.704
EPHA2	PDGFD	9606.ENSP00000351209	9606.ENSP00000376865	0	0	0	0	0	0	0.650	0.192	0.705
EPHA2	KITLG	9606.ENSP00000351209	9606.ENSP00000495951	0	0	0	0	0.099	0	0.650	0.151	0.708
EPHA2	NGF	9606.ENSP00000351209	9606.ENSP00000358525	0	0	0	0	0.080	0	0.650	0.184	0.714
EPHA2	FGF17	9606.ENSP00000351209	9606.ENSP00000352414	0	0	0	0	0	0	0.650	0.231	0.719
EPHA2	FGF16	9606.ENSP00000351209	9606.ENSP00000399324	0	0	0	0	0.045	0	0.650	0.249	0.727
EPHA2	TGFA	9606.ENSP00000351209	9606.ENSP00000404131	0	0	0	0	0.072	0	0.650	0.238	0.730
EPHA2	FGF9	9606.ENSP00000351209	9606.ENSP00000371790	0	0	0	0	0.045	0	0.650	0.261	0.731
EPHA2	IGF1	9606.ENSP00000351209	9606.ENSP00000376637	0	0	0	0	0	0.063	0.650	0.247	0.731
EPHA2	PIK3R1	9606.ENSP00000351209	9606.ENSP00000428056	0	0	0	0	0.049	0.452	0.400	0.248	0.733
EPHA2	INS	9606.ENSP00000351209	9606.ENSP00000380432	0	0	0	0	0	0.071	0.650	0.250	0.734
EPHA2	PDGFC	9606.ENSP00000351209	9606.ENSP00000422464	0	0	0	0	0.083	0	0.650	0.264	0.743
EPHA2	VEGFC	9606.ENSP00000351209	9606.ENSP00000480043	0	0	0	0	0.137	0.070	0.650	0.232	0.755
EPHA2	PTPN11	9606.ENSP00000351209	9606.ENSP00000489597	0	0	0	0	0.083	0.455	0	0.773	0.877
EPHA2	SHC1	9606.ENSP00000351209	9606.ENSP00000401303	0	0	0	0	0.116	0.315	0.650	0.614	0.907
EPHA2	GRB2	9606.ENSP00000351209	9606.ENSP00000376345	0	0	0	0	0.078	0.456	0.650	0.584	0.917
ETS1	MAPK1	9606.ENSP00000376436	9606.ENSP00000215832	0	0	0	0	0.105	0.608	0.900	0.819	0.992
ETS1	NFKB1	9606.ENSP00000376436	9606.ENSP00000226574	0	0	0	0	0.160	0.426	0	0.507	0.741
ETS1	KRAS	9606.ENSP00000376436	9606.ENSP00000256078	0	0	0	0	0.049	0.131	0	0.355	0.420
ETS1	MAP2K2	9606.ENSP00000376436	9606.ENSP00000262948	0	0	0	0	0.054	0.071	0	0.474	0.498
ETS1	MAPK3	9606.ENSP00000376436	9606.ENSP00000263025	0	0	0	0	0.068	0.069	0.900	0.443	0.945
ETS1	KDR	9606.ENSP00000376436	9606.ENSP00000263923	0	0	0	0	0.074	0	0	0.425	0.445
ETS1	FGF2	9606.ENSP00000376436	9606.ENSP00000264498	0	0	0	0	0.069	0	0	0.428	0.445
ETS1	FLT1	9606.ENSP00000376436	9606.ENSP00000282397	0	0	0	0	0.070	0	0	0.423	0.441
ETS1	KIT	9606.ENSP00000376436	9606.ENSP00000288135	0	0	0	0	0.083	0	0	0.393	0.419
ETS1	REL	9606.ENSP00000376436	9606.ENSP00000295025	0	0	0	0	0.056	0.045	0	0.616	0.623
ETS1	MAP2K1	9606.ENSP00000376436	9606.ENSP00000302486	0	0	0	0	0.068	0.071	0	0.362	0.400
ETS1	NF1	9606.ENSP00000376436	9606.ENSP00000351015	0	0	0	0	0	0	0	0.501	0.501
ETS1	ETS2	9606.ENSP00000376436	9606.ENSP00000353344	0	0	0	0.932	0.107	0.292	0.900	0.415	0.958
ETS1	FGFR2	9606.ENSP00000376436	9606.ENSP00000410294	0	0	0	0	0	0	0	0.419	0.419
ETS1	PIK3R1	9606.ENSP00000376436	9606.ENSP00000428056	0	0	0	0	0.064	0	0	0.496	0.508
ETS2	MAPK1	9606.ENSP00000353344	9606.ENSP00000215832	0	0	0	0	0.067	0.069	0.900	0.450	0.945
ETS2	PIK3R2	9606.ENSP00000353344	9606.ENSP00000222254	0	0	0	0	0	0	0	0.433	0.433
ETS2	NFKB1	9606.ENSP00000353344	9606.ENSP00000226574	0	0	0	0	0.112	0.048	0	0.535	0.572
ETS2	MAPK3	9606.ENSP00000353344	9606.ENSP00000263025	0	0	0	0	0.067	0.069	0.900	0.282	0.929
ETS2	TIAM1	9606.ENSP00000353344	9606.ENSP00000286827	0	0	0	0	0.052	0	0	0.485	0.490
ETS2	REL	9606.ENSP00000353344	9606.ENSP00000295025	0	0	0	0	0.064	0.045	0	0.533	0.546
ETS2	NF1	9606.ENSP00000353344	9606.ENSP00000351015	0	0	0	0	0	0	0	0.411	0.411
ETS2	RAF1	9606.ENSP00000353344	9606.ENSP00000401888	0	0	0	0	0.048	0.338	0	0.258	0.492
EXOC2	RALA	9606.ENSP00000230449	9606.ENSP00000005257	0	0	0	0	0.050	0.973	0.900	0.992	0.999
EXOC2	NFKB1	9606.ENSP00000230449	9606.ENSP00000226574	0	0	0	0	0.059	0	0	0.416	0.427
EXOC2	RHOA	9606.ENSP00000230449	9606.ENSP00000400175	0	0	0	0	0.054	0.109	0	0.360	0.413
EXOC2	RAB5A	9606.ENSP00000230449	9606.ENSP00000273047	0	0	0	0	0.095	0	0	0.401	0.435
EXOC2	KITLG	9606.ENSP00000230449	9606.ENSP00000495951	0	0	0	0	0	0	0	0.441	0.441
EXOC2	RGL2	9606.ENSP00000230449	9606.ENSP00000420211	0	0	0	0	0.042	0	0	0.448	0.448
EXOC2	RAC1	9606.ENSP00000230449	9606.ENSP00000348461	0	0	0	0	0.049	0.109	0.400	0.196	0.537
EXOC2	INS	9606.ENSP00000230449	9606.ENSP00000380432	0	0	0	0	0	0	0.500	0.194	0.579
EXOC2	RALGAPB	9606.ENSP00000230449	9606.ENSP00000262879	0	0	0	0	0.331	0	0	0.404	0.584
EXOC2	RALBP1	9606.ENSP00000230449	9606.ENSP00000372924	0	0	0	0	0.049	0	0	0.689	0.692
EXOC2	RALGDS	9606.ENSP00000230449	9606.ENSP00000361120	0	0	0	0	0	0	0	0.731	0.731
EXOC2	TBK1	9606.ENSP00000230449	9606.ENSP00000329967	0	0	0	0	0.126	0.624	0.900	0.901	0.996
EXOC2	RALB	9606.ENSP00000230449	9606.ENSP00000272519	0	0	0	0	0.049	0.695	0.900	0.999	0.999
FASLG	HGF	9606.ENSP00000356694	9606.ENSP00000222390	0	0	0	0	0	0	0	0.425	0.425
FASLG	NFKB1	9606.ENSP00000356694	9606.ENSP00000226574	0	0	0	0	0.093	0.295	0	0.545	0.684
FASLG	PDGFRA	9606.ENSP00000356694	9606.ENSP00000257290	0	0	0	0	0.069	0	0	0.493	0.508
FASLG	MAPK3	9606.ENSP00000356694	9606.ENSP00000263025	0	0	0	0	0	0.072	0	0.472	0.489
FASLG	KDR	9606.ENSP00000356694	9606.ENSP00000263923	0	0	0	0	0.077	0	0	0.378	0.402
FASLG	FGF2	9606.ENSP00000356694	9606.ENSP00000264498	0	0	0	0	0	0	0	0.445	0.445
FASLG	ZAP70	9606.ENSP00000356694	9606.ENSP00000264972	0	0	0	0	0.176	0.067	0	0.373	0.477
FASLG	RELA	9606.ENSP00000356694	9606.ENSP00000384273	0	0	0	0	0	0.091	0	0.377	0.409
FASLG	IGF1	9606.ENSP00000356694	9606.ENSP00000376637	0	0	0	0	0.047	0	0	0.438	0.442
FASLG	INS	9606.ENSP00000356694	9606.ENSP00000380432	0	0	0	0	0.056	0	0	0.513	0.520
FASLG	NGF	9606.ENSP00000356694	9606.ENSP00000358525	0	0	0	0	0	0	0	0.525	0.525
FASLG	FLT3LG	9606.ENSP00000356694	9606.ENSP00000469613	0	0	0	0	0.079	0.240	0	0.444	0.577
FASLG	PIK3R1	9606.ENSP00000356694	9606.ENSP00000428056	0	0	0	0	0.047	0.478	0	0.242	0.590
FASLG	RHOA	9606.ENSP00000356694	9606.ENSP00000400175	0	0	0	0	0.063	0.450	0	0.304	0.610
FASLG	GRB2	9606.ENSP00000356694	9606.ENSP00000376345	0	0	0	0	0	0.512	0	0.283	0.635
FASLG	MAPK8	9606.ENSP00000356694	9606.ENSP00000378974	0	0	0	0	0.049	0.742	0	0.435	0.849
FASLG	FOXO4	9606.ENSP00000356694	9606.ENSP00000363377	0	0	0	0	0.042	0.068	0.900	0.389	0.938
FGF1	FGF4	9606.ENSP00000480791	9606.ENSP00000168712	0	0	0.128	0.756	0.082	0	0.400	0.590	0.777
FGF1	NGFR	9606.ENSP00000480791	9606.ENSP00000172229	0	0	0	0	0.062	0	0.650	0.562	0.843
FGF1	FGF20	9606.ENSP00000480791	9606.ENSP00000180166	0	0	0.101	0.840	0.080	0	0.400	0.415	0.671
FGF1	FGF22	9606.ENSP00000480791	9606.ENSP00000215530	0	0	0.119	0.799	0.096	0	0.400	0.531	0.746
FGF1	MAPK1	9606.ENSP00000480791	9606.ENSP00000215832	0	0	0	0	0.054	0	0.400	0.246	0.534
FGF1	PIK3R2	9606.ENSP00000480791	9606.ENSP00000222254	0	0	0	0	0	0	0.400	0.069	0.417
FGF1	HGF	9606.ENSP00000480791	9606.ENSP00000222390	0	0	0	0	0	0	0	0.802	0.802
FGF1	FGF6	9606.ENSP00000480791	9606.ENSP00000228837	0	0	0.143	0.740	0.086	0	0.400	0.515	0.741
FGF1	FGF23	9606.ENSP00000480791	9606.ENSP00000237837	0	0	0	0	0.086	0	0.400	0.613	0.769
FGF1	FLT3	9606.ENSP00000480791	9606.ENSP00000241453	0	0	0	0	0.060	0.168	0.650	0.225	0.759
FGF1	PLCG1	9606.ENSP00000480791	9606.ENSP00000244007	0	0	0	0	0	0	0.500	0.282	0.625
FGF1	KRAS	9606.ENSP00000480791	9606.ENSP00000256078	0	0	0	0	0.055	0.045	0.500	0.270	0.626
FGF1	PDGFRA	9606.ENSP00000480791	9606.ENSP00000257290	0	0	0	0	0.103	0.168	0.650	0.389	0.819
FGF1	PDGFRB	9606.ENSP00000480791	9606.ENSP00000261799	0	0	0	0	0.112	0.168	0.650	0.462	0.842
FGF1	FLT4	9606.ENSP00000480791	9606.ENSP00000261937	0	0	0	0	0.060	0.168	0.650	0.377	0.807
FGF1	GAB1	9606.ENSP00000480791	9606.ENSP00000262995	0	0	0	0	0.047	0	0.400	0.185	0.493
FGF1	MAPK3	9606.ENSP00000480791	9606.ENSP00000263025	0	0	0	0	0.054	0	0.400	0.459	0.666
FGF1	KDR	9606.ENSP00000480791	9606.ENSP00000263923	0	0	0	0	0.080	0.168	0.650	0.734	0.919
FGF1	PIK3CA	9606.ENSP00000480791	9606.ENSP00000263967	0	0	0	0	0	0	0.400	0.192	0.494
FGF1	FGF2	9606.ENSP00000480791	9606.ENSP00000264498	0	0	0.061	0.935	0.076	0.110	0.400	0.931	0.962
FGF1	FGF10	9606.ENSP00000480791	9606.ENSP00000264664	0	0	0	0.791	0.096	0	0.400	0.560	0.741
FGF1	FGF7	9606.ENSP00000480791	9606.ENSP00000267843	0	0	0.101	0.799	0.129	0	0.400	0.486	0.726
FGF1	FGF18	9606.ENSP00000480791	9606.ENSP00000274625	0	0	0	0.732	0.056	0	0.400	0.560	0.729
FGF1	NTRK2	9606.ENSP00000480791	9606.ENSP00000277120	0	0	0	0	0.190	0	0.650	0.253	0.770
FGF1	FLT1	9606.ENSP00000480791	9606.ENSP00000282397	0	0	0	0	0.090	0.168	0.650	0.816	0.944
FGF1	KIT	9606.ENSP00000480791	9606.ENSP00000288135	0	0	0	0	0.060	0.168	0.650	0.391	0.811
FGF1	FGFR4	9606.ENSP00000480791	9606.ENSP00000292408	0	0	0	0	0	0.915	0.650	0.993	0.999
FGF1	FGF19	9606.ENSP00000480791	9606.ENSP00000294312	0	0	0	0.692	0.057	0	0.400	0.335	0.591
FGF1	VEGFD	9606.ENSP00000480791	9606.ENSP00000297904	0	0	0	0	0.058	0	0	0.749	0.753
FGF1	INSR	9606.ENSP00000480791	9606.ENSP00000303830	0	0	0	0	0	0	0.650	0.127	0.681
FGF1	PRKACA	9606.ENSP00000480791	9606.ENSP00000309591	0	0	0	0	0	0	0	0.480	0.480
FGF1	VEGFB	9606.ENSP00000480791	9606.ENSP00000311127	0	0	0	0	0	0	0	0.747	0.747
FGF1	FGF5	9606.ENSP00000480791	9606.ENSP00000311697	0	0	0.087	0.781	0.061	0	0.400	0.507	0.712
FGF1	MET	9606.ENSP00000480791	9606.ENSP00000317272	0	0	0	0	0.067	0	0.650	0.327	0.761
FGF1	FGF8	9606.ENSP00000480791	9606.ENSP00000321797	0	0	0	0.682	0.078	0	0.400	0.508	0.704
FGF1	PDGFB	9606.ENSP00000480791	9606.ENSP00000330382	0	0	0	0	0.077	0	0	0.490	0.509
FGF1	FGF3	9606.ENSP00000480791	9606.ENSP00000334122	0	0	0.076	0.795	0.087	0	0.400	0.496	0.710
FGF1	FGFR3	9606.ENSP00000480791	9606.ENSP00000339824	0	0	0	0	0	0.926	0.650	0.994	0.999
FGF1	PDGFA	9606.ENSP00000480791	9606.ENSP00000346508	0	0	0	0	0.060	0	0	0.532	0.541
FGF1	FGF17	9606.ENSP00000480791	9606.ENSP00000352414	0	0	0	0	0.093	0	0.400	0.922	0.953
FGF1	NGF	9606.ENSP00000480791	9606.ENSP00000358525	0	0	0	0	0.074	0	0	0.808	0.814
FGF1	NRAS	9606.ENSP00000480791	9606.ENSP00000358548	0	0	0	0	0.055	0.045	0.500	0.203	0.592
FGF1	PRKACB	9606.ENSP00000480791	9606.ENSP00000359719	0	0	0	0	0.064	0	0	0.484	0.497
FGF1	PRKACG	9606.ENSP00000480791	9606.ENSP00000366488	0	0	0	0	0	0	0	0.481	0.481
FGF1	TEK	9606.ENSP00000480791	9606.ENSP00000369375	0	0	0	0	0.084	0.168	0.650	0.421	0.825
FGF1	FGF9	9606.ENSP00000480791	9606.ENSP00000371790	0	0	0.093	0.841	0.062	0	0.400	0.362	0.630
FGF1	GRB2	9606.ENSP00000480791	9606.ENSP00000376345	0	0	0	0	0	0	0.400	0.397	0.623
FGF1	IGF1	9606.ENSP00000480791	9606.ENSP00000376637	0	0	0	0	0.048	0	0	0.825	0.827
FGF1	INS	9606.ENSP00000480791	9606.ENSP00000380432	0	0	0	0	0.074	0	0	0.591	0.605
FGF1	SOS1	9606.ENSP00000480791	9606.ENSP00000384675	0	0	0	0	0.048	0	0.400	0.261	0.541
FGF1	IGF2	9606.ENSP00000480791	9606.ENSP00000391826	0	0	0	0	0.042	0	0	0.694	0.694
FGF1	FGFR1	9606.ENSP00000480791	9606.ENSP00000393312	0	0	0	0	0.062	0.973	0.900	0.998	0.999
FGF1	NTF3	9606.ENSP00000480791	9606.ENSP00000397297	0	0	0	0	0.067	0	0	0.642	0.651
FGF1	FGF16	9606.ENSP00000480791	9606.ENSP00000399324	0	0	0.100	0.840	0.042	0	0.400	0.451	0.678
FGF1	SHC1	9606.ENSP00000480791	9606.ENSP00000401303	0	0	0	0	0.049	0	0.400	0.244	0.531
FGF1	TGFA	9606.ENSP00000480791	9606.ENSP00000404131	0	0	0	0	0.057	0	0	0.546	0.554
FGF1	HRAS	9606.ENSP00000480791	9606.ENSP00000407586	0	0	0	0	0.055	0.045	0.500	0.211	0.596
FGF1	FGFR2	9606.ENSP00000480791	9606.ENSP00000410294	0	0	0	0	0.062	0.994	0.900	0.997	0.999
FGF1	PIK3R1	9606.ENSP00000480791	9606.ENSP00000428056	0	0	0	0	0	0	0.400	0.137	0.460
FGF1	NTRK1	9606.ENSP00000480791	9606.ENSP00000431418	0	0	0	0	0.055	0	0.650	0.595	0.854
FGF1	PGF	9606.ENSP00000480791	9606.ENSP00000451040	0	0	0	0	0	0	0	0.537	0.537
FGF1	VEGFC	9606.ENSP00000480791	9606.ENSP00000480043	0	0	0	0	0.078	0	0	0.639	0.653
FGF1	KITLG	9606.ENSP00000480791	9606.ENSP00000495951	0	0	0	0	0.067	0	0	0.417	0.432
FGF1	PIK3CB	9606.ENSP00000480791	9606.ENSP00000501150	0	0	0	0	0	0	0.400	0.113	0.445
FGF1	PTPN11	9606.ENSP00000480791	9606.ENSP00000489597	0	0	0	0	0.055	0.071	0.400	0.239	0.545
FGF1	IGF1R	9606.ENSP00000480791	9606.ENSP00000497069	0	0	0	0	0	0	0.650	0.375	0.772
FGF10	FGF4	9606.ENSP00000264664	9606.ENSP00000168712	0	0	0.104	0.728	0.056	0	0.400	0.258	0.573
FGF10	NGFR	9606.ENSP00000264664	9606.ENSP00000172229	0	0	0	0	0.042	0	0.650	0.376	0.772
FGF10	FGF20	9606.ENSP00000264664	9606.ENSP00000180166	0	0	0.073	0.834	0.105	0	0.400	0.114	0.500
FGF10	FGF22	9606.ENSP00000264664	9606.ENSP00000215530	0	0	0.052	0.940	0.042	0	0.400	0.072	0.427
FGF10	MAPK1	9606.ENSP00000264664	9606.ENSP00000215832	0	0	0	0	0.055	0	0.400	0.312	0.576
FGF10	PIK3R2	9606.ENSP00000264664	9606.ENSP00000222254	0	0	0	0	0	0	0.400	0.163	0.476
FGF10	HGF	9606.ENSP00000264664	9606.ENSP00000222390	0	0	0	0	0.056	0	0	0.885	0.887
FGF10	NFKB1	9606.ENSP00000264664	9606.ENSP00000226574	0	0	0	0	0	0	0	0.418	0.418
FGF10	FGF6	9606.ENSP00000264664	9606.ENSP00000228837	0	0	0.084	0.770	0.106	0	0.400	0.152	0.528
FGF10	FGF23	9606.ENSP00000264664	9606.ENSP00000237837	0	0	0	0.655	0.103	0	0.400	0.540	0.731
FGF10	FLT3	9606.ENSP00000264664	9606.ENSP00000241453	0	0	0	0	0.107	0.168	0.650	0.341	0.806
FGF10	PLCG1	9606.ENSP00000264664	9606.ENSP00000244007	0	0	0	0	0	0	0.500	0.284	0.626
FGF10	KRAS	9606.ENSP00000264664	9606.ENSP00000256078	0	0	0	0	0.055	0.045	0.500	0.428	0.707
FGF10	PDGFRA	9606.ENSP00000264664	9606.ENSP00000257290	0	0	0	0	0.133	0.168	0.650	0.583	0.880
FGF10	PDGFRB	9606.ENSP00000264664	9606.ENSP00000261799	0	0	0	0	0.108	0.168	0.650	0.675	0.904
FGF10	FLT4	9606.ENSP00000264664	9606.ENSP00000261937	0	0	0	0	0.086	0.168	0.650	0.709	0.912
FGF10	GAB1	9606.ENSP00000264664	9606.ENSP00000262995	0	0	0	0	0	0	0.400	0.202	0.500
FGF10	MAPK3	9606.ENSP00000264664	9606.ENSP00000263025	0	0	0	0	0.055	0	0.400	0.577	0.739
FGF10	KDR	9606.ENSP00000264664	9606.ENSP00000263923	0	0	0	0	0.126	0.168	0.650	0.770	0.933
FGF10	PIK3CA	9606.ENSP00000264664	9606.ENSP00000263967	0	0	0	0	0	0	0.400	0.318	0.573
FGF10	FGF2	9606.ENSP00000264664	9606.ENSP00000264498	0	0	0	0.716	0.071	0	0.400	0.388	0.629
FGF10	VEGFB	9606.ENSP00000264664	9606.ENSP00000311127	0	0	0	0	0	0	0	0.419	0.418
FGF10	PDGFA	9606.ENSP00000264664	9606.ENSP00000346508	0	0	0	0	0	0	0	0.454	0.454
FGF10	RHOA	9606.ENSP00000264664	9606.ENSP00000400175	0	0	0	0	0	0.045	0	0.458	0.460
FGF10	FGF5	9606.ENSP00000264664	9606.ENSP00000311697	0	0	0	0.788	0	0	0.400	0.143	0.463
FGF10	PIK3CB	9606.ENSP00000264664	9606.ENSP00000501150	0	0	0	0	0	0	0.400	0.158	0.473
FGF10	NTF3	9606.ENSP00000264664	9606.ENSP00000397297	0	0	0	0	0	0	0	0.484	0.484
FGF10	PIK3R1	9606.ENSP00000264664	9606.ENSP00000428056	0	0	0	0	0.047	0	0.400	0.204	0.505
FGF10	KITLG	9606.ENSP00000264664	9606.ENSP00000495951	0	0	0	0	0.047	0	0	0.508	0.511
FGF10	VEGFD	9606.ENSP00000264664	9606.ENSP00000297904	0	0	0	0	0.065	0	0	0.511	0.523
FGF10	FGF17	9606.ENSP00000264664	9606.ENSP00000352414	0	0	0	0.633	0	0	0.400	0.244	0.527
FGF10	FGF9	9606.ENSP00000264664	9606.ENSP00000371790	0	0	0.084	0.848	0.099	0	0.400	0.160	0.528
FGF10	FGF18	9606.ENSP00000264664	9606.ENSP00000274625	0	0	0	0.641	0	0	0.400	0.283	0.551
FGF10	VEGFC	9606.ENSP00000264664	9606.ENSP00000480043	0	0	0	0	0.058	0	0	0.548	0.556
FGF10	SOS1	9606.ENSP00000264664	9606.ENSP00000384675	0	0	0	0	0	0	0.400	0.303	0.564
FGF10	SHC1	9606.ENSP00000264664	9606.ENSP00000401303	0	0	0	0	0.049	0	0.400	0.315	0.575
FGF10	FGF19	9606.ENSP00000264664	9606.ENSP00000294312	0	0	0	0.667	0.049	0	0.400	0.330	0.584
FGF10	TGFA	9606.ENSP00000264664	9606.ENSP00000404131	0	0	0	0	0.051	0	0	0.605	0.609
FGF10	PGF	9606.ENSP00000264664	9606.ENSP00000451040	0	0	0	0	0	0	0	0.612	0.612
FGF10	NRAS	9606.ENSP00000264664	9606.ENSP00000358548	0	0	0	0	0.055	0.045	0.500	0.246	0.614
FGF10	HRAS	9606.ENSP00000264664	9606.ENSP00000407586	0	0	0	0	0.055	0.045	0.500	0.286	0.635
FGF10	FGF8	9606.ENSP00000264664	9606.ENSP00000321797	0	0	0	0.662	0.061	0	0.400	0.404	0.635
FGF10	PTPN11	9606.ENSP00000264664	9606.ENSP00000489597	0	0	0	0	0.055	0.070	0.400	0.395	0.638
FGF10	FGF7	9606.ENSP00000264664	9606.ENSP00000267843	0	0	0.062	0.921	0.121	0	0.400	0.355	0.638
FGF10	IGF2	9606.ENSP00000264664	9606.ENSP00000391826	0	0	0	0	0	0	0	0.643	0.643
FGF10	FGF16	9606.ENSP00000264664	9606.ENSP00000399324	0	0	0.074	0.842	0.105	0	0.400	0.370	0.645
FGF10	FGF3	9606.ENSP00000264664	9606.ENSP00000334122	0	0	0	0.847	0	0	0.400	0.472	0.669
FGF10	NGF	9606.ENSP00000264664	9606.ENSP00000358525	0	0	0	0	0	0	0	0.679	0.679
FGF10	PDGFB	9606.ENSP00000264664	9606.ENSP00000330382	0	0	0	0	0.103	0	0	0.658	0.680
FGF10	GRB2	9606.ENSP00000264664	9606.ENSP00000376345	0	0	0	0	0	0	0.400	0.616	0.759
FGF10	NTRK2	9606.ENSP00000264664	9606.ENSP00000277120	0	0	0	0	0.075	0	0.650	0.336	0.766
FGF10	IGF1	9606.ENSP00000264664	9606.ENSP00000376637	0	0	0	0	0.060	0	0	0.785	0.789
FGF10	INSR	9606.ENSP00000264664	9606.ENSP00000303830	0	0	0	0	0	0	0.650	0.492	0.814
FGF10	INS	9606.ENSP00000264664	9606.ENSP00000380432	0	0	0	0	0.101	0	0	0.808	0.820
FGF10	TEK	9606.ENSP00000264664	9606.ENSP00000369375	0	0	0	0	0.083	0.168	0.650	0.521	0.855
FGF10	KIT	9606.ENSP00000264664	9606.ENSP00000288135	0	0	0	0	0.062	0.168	0.650	0.542	0.858
FGF10	IGF1R	9606.ENSP00000264664	9606.ENSP00000497069	0	0	0	0	0	0	0.650	0.656	0.874
FGF10	FLT1	9606.ENSP00000264664	9606.ENSP00000282397	0	0	0	0	0.088	0.168	0.650	0.593	0.877
FGF10	MET	9606.ENSP00000264664	9606.ENSP00000317272	0	0	0	0	0.067	0	0.650	0.667	0.881
FGF10	NTRK1	9606.ENSP00000264664	9606.ENSP00000431418	0	0	0	0	0	0	0.650	0.696	0.889
FGF10	FGFR3	9606.ENSP00000264664	9606.ENSP00000339824	0	0	0	0	0	0.296	0.650	0.932	0.981
FGF10	FGFR4	9606.ENSP00000264664	9606.ENSP00000292408	0	0	0	0	0	0.296	0.650	0.982	0.995
FGF10	FGFR1	9606.ENSP00000264664	9606.ENSP00000393312	0	0	0	0	0.042	0.296	0.900	0.997	0.999
FGF10	FGFR2	9606.ENSP00000264664	9606.ENSP00000410294	0	0	0	0	0.044	0.983	0.900	0.998	0.999
FGF16	FGF4	9606.ENSP00000399324	9606.ENSP00000168712	0	0	0.128	0.784	0.162	0	0.400	0.118	0.562
FGF16	NGFR	9606.ENSP00000399324	9606.ENSP00000172229	0	0	0	0	0	0	0.650	0.338	0.758
FGF16	FGF20	9606.ENSP00000399324	9606.ENSP00000180166	0	0	0.058	0.963	0	0	0.400	0.049	0.416
FGF16	FGF22	9606.ENSP00000399324	9606.ENSP00000215530	0	0	0.084	0.872	0.124	0	0.400	0.090	0.503
FGF16	MAPK1	9606.ENSP00000399324	9606.ENSP00000215832	0	0	0	0	0.054	0	0.400	0.310	0.574
FGF16	PIK3R2	9606.ENSP00000399324	9606.ENSP00000222254	0	0	0	0	0	0	0.400	0.160	0.474
FGF16	HGF	9606.ENSP00000399324	9606.ENSP00000222390	0	0	0	0	0	0	0	0.867	0.867
FGF16	NFKB1	9606.ENSP00000399324	9606.ENSP00000226574	0	0	0	0	0	0	0	0.418	0.418
FGF16	FGF6	9606.ENSP00000399324	9606.ENSP00000228837	0	0	0.122	0.788	0.139	0	0.400	0.100	0.537
FGF16	FGF23	9606.ENSP00000399324	9606.ENSP00000237837	0	0	0	0.623	0.116	0	0.400	0.552	0.741
FGF16	FLT3	9606.ENSP00000399324	9606.ENSP00000241453	0	0	0	0	0.087	0.168	0.650	0.339	0.801
FGF16	PLCG1	9606.ENSP00000399324	9606.ENSP00000244007	0	0	0	0	0	0	0.500	0.286	0.628
FGF16	KRAS	9606.ENSP00000399324	9606.ENSP00000256078	0	0	0	0	0.055	0.045	0.500	0.391	0.688
FGF16	PDGFRA	9606.ENSP00000399324	9606.ENSP00000257290	0	0	0	0	0.083	0.168	0.650	0.521	0.855
FGF16	PDGFRB	9606.ENSP00000399324	9606.ENSP00000261799	0	0	0	0	0.055	0.168	0.650	0.659	0.893
FGF16	FLT4	9606.ENSP00000399324	9606.ENSP00000261937	0	0	0	0	0.074	0.168	0.650	0.712	0.912
FGF16	GAB1	9606.ENSP00000399324	9606.ENSP00000262995	0	0	0	0	0	0	0.400	0.208	0.504
FGF16	MAPK3	9606.ENSP00000399324	9606.ENSP00000263025	0	0	0	0	0.054	0	0.400	0.554	0.725
FGF16	KDR	9606.ENSP00000399324	9606.ENSP00000263923	0	0	0	0	0.080	0.168	0.650	0.770	0.930
FGF16	PIK3CA	9606.ENSP00000399324	9606.ENSP00000263967	0	0	0	0	0	0	0.400	0.301	0.563
FGF16	FGF2	9606.ENSP00000399324	9606.ENSP00000264498	0	0	0	0.728	0	0.098	0.400	0.278	0.575
FGF16	FGF7	9606.ENSP00000399324	9606.ENSP00000267843	0	0	0.103	0.837	0.082	0	0.400	0.110	0.502
FGF16	FGF18	9606.ENSP00000399324	9606.ENSP00000274625	0	0	0	0.655	0.043	0	0.400	0.273	0.546
FGF16	NTRK2	9606.ENSP00000399324	9606.ENSP00000277120	0	0	0	0	0.045	0	0.650	0.325	0.754
FGF16	FLT1	9606.ENSP00000399324	9606.ENSP00000282397	0	0	0	0	0.060	0.168	0.650	0.594	0.874
FGF16	KIT	9606.ENSP00000399324	9606.ENSP00000288135	0	0	0	0	0.051	0.168	0.650	0.521	0.850
FGF16	FGFR4	9606.ENSP00000399324	9606.ENSP00000292408	0	0	0	0	0	0.399	0.650	0.973	0.994
FGF16	FGF19	9606.ENSP00000399324	9606.ENSP00000294312	0	0	0	0	0.068	0	0.400	0.578	0.744
FGF16	VEGFD	9606.ENSP00000399324	9606.ENSP00000297904	0	0	0	0	0.058	0	0	0.506	0.515
FGF16	INSR	9606.ENSP00000399324	9606.ENSP00000303830	0	0	0	0	0	0	0.650	0.492	0.814
FGF16	VEGFB	9606.ENSP00000399324	9606.ENSP00000311127	0	0	0	0	0	0	0	0.430	0.430
FGF16	FGF5	9606.ENSP00000399324	9606.ENSP00000311697	0	0	0	0.826	0.054	0	0.400	0.367	0.609
FGF16	MET	9606.ENSP00000399324	9606.ENSP00000317272	0	0	0	0	0.067	0	0.650	0.622	0.865
FGF16	FGF8	9606.ENSP00000399324	9606.ENSP00000321797	0	0	0	0.697	0.100	0	0.400	0.150	0.501
FGF16	PDGFB	9606.ENSP00000399324	9606.ENSP00000330382	0	0	0	0	0.074	0	0	0.643	0.655
FGF16	FGF3	9606.ENSP00000399324	9606.ENSP00000334122	0	0	0.085	0.847	0	0	0.400	0.089	0.456
FGF16	FGFR3	9606.ENSP00000399324	9606.ENSP00000339824	0	0	0	0	0	0.399	0.650	0.838	0.963
FGF16	PDGFA	9606.ENSP00000399324	9606.ENSP00000346508	0	0	0	0	0	0	0	0.433	0.433
FGF16	FGF17	9606.ENSP00000399324	9606.ENSP00000352414	0	0	0	0.654	0.066	0	0.400	0.128	0.469
FGF16	SHOC2	9606.ENSP00000399324	9606.ENSP00000358464	0	0	0	0	0	0	0	0.410	0.410
FGF16	NGF	9606.ENSP00000399324	9606.ENSP00000358525	0	0	0	0	0.047	0	0	0.693	0.695
FGF16	NRAS	9606.ENSP00000399324	9606.ENSP00000358548	0	0	0	0	0.055	0.045	0.500	0.250	0.616
FGF16	TEK	9606.ENSP00000399324	9606.ENSP00000369375	0	0	0	0	0.060	0.168	0.650	0.521	0.851
FGF16	FGF9	9606.ENSP00000399324	9606.ENSP00000371790	0	0	0.052	0.969	0	0	0.400	0.055	0.415
FGF16	GRB2	9606.ENSP00000399324	9606.ENSP00000376345	0	0	0	0	0	0	0.400	0.634	0.771
FGF16	IGF1	9606.ENSP00000399324	9606.ENSP00000376637	0	0	0	0	0	0	0	0.770	0.770
FGF16	INS	9606.ENSP00000399324	9606.ENSP00000380432	0	0	0	0	0.074	0	0	0.810	0.816
FGF16	SOS1	9606.ENSP00000399324	9606.ENSP00000384675	0	0	0	0	0.048	0	0.400	0.312	0.572
FGF16	IGF2	9606.ENSP00000399324	9606.ENSP00000391826	0	0	0	0	0	0	0	0.629	0.629
FGF16	FGFR1	9606.ENSP00000399324	9606.ENSP00000393312	0	0	0	0	0.042	0.538	0.900	0.995	0.999
FGF16	NTF3	9606.ENSP00000399324	9606.ENSP00000397297	0	0	0	0	0.042	0	0	0.484	0.485
FGF16	RHOA	9606.ENSP00000399324	9606.ENSP00000400175	0	0	0	0	0	0.045	0	0.448	0.450
FGF16	PIK3CB	9606.ENSP00000399324	9606.ENSP00000501150	0	0	0	0	0	0	0.400	0.151	0.468
FGF16	PIK3R1	9606.ENSP00000399324	9606.ENSP00000428056	0	0	0	0	0	0	0.400	0.197	0.497
FGF16	KITLG	9606.ENSP00000399324	9606.ENSP00000495951	0	0	0	0	0	0	0	0.507	0.507
FGF16	VEGFC	9606.ENSP00000399324	9606.ENSP00000480043	0	0	0	0	0.058	0	0	0.544	0.552
FGF16	SHC1	9606.ENSP00000399324	9606.ENSP00000401303	0	0	0	0	0.049	0	0.400	0.325	0.581
FGF16	TGFA	9606.ENSP00000399324	9606.ENSP00000404131	0	0	0	0	0.057	0	0	0.585	0.591
FGF16	PGF	9606.ENSP00000399324	9606.ENSP00000451040	0	0	0	0	0	0	0	0.610	0.610
FGF16	PTPN11	9606.ENSP00000399324	9606.ENSP00000489597	0	0	0	0	0.055	0.071	0.400	0.382	0.630
FGF16	HRAS	9606.ENSP00000399324	9606.ENSP00000407586	0	0	0	0	0.055	0.045	0.500	0.291	0.637
FGF16	IGF1R	9606.ENSP00000399324	9606.ENSP00000497069	0	0	0	0	0	0	0.650	0.603	0.855
FGF16	NTRK1	9606.ENSP00000399324	9606.ENSP00000431418	0	0	0	0	0.047	0	0.650	0.691	0.888
FGF16	FGFR2	9606.ENSP00000399324	9606.ENSP00000410294	0	0	0	0	0	0.418	0.900	0.966	0.997
FGF17	FGF4	9606.ENSP00000352414	9606.ENSP00000168712	0	0	0	0.672	0.095	0	0.400	0.226	0.543
FGF17	NGFR	9606.ENSP00000352414	9606.ENSP00000172229	0	0	0	0	0	0	0.650	0.348	0.762
FGF17	FGF20	9606.ENSP00000352414	9606.ENSP00000180166	0	0	0	0.656	0.077	0	0.400	0.128	0.475
FGF17	FGF22	9606.ENSP00000352414	9606.ENSP00000215530	0	0	0	0.656	0.072	0	0.400	0.204	0.518
FGF17	MAPK1	9606.ENSP00000352414	9606.ENSP00000215832	0	0	0	0	0.045	0	0.400	0.304	0.566
FGF17	PIK3R2	9606.ENSP00000352414	9606.ENSP00000222254	0	0	0	0	0.044	0	0.400	0.166	0.479
FGF17	HGF	9606.ENSP00000352414	9606.ENSP00000222390	0	0	0	0	0	0	0	0.872	0.872
FGF17	NFKB1	9606.ENSP00000352414	9606.ENSP00000226574	0	0	0	0	0	0	0	0.417	0.416
FGF17	FGF6	9606.ENSP00000352414	9606.ENSP00000228837	0	0	0.097	0.663	0.048	0	0.400	0.126	0.489
FGF17	FGF23	9606.ENSP00000352414	9606.ENSP00000237837	0	0	0	0	0.063	0	0.400	0.846	0.906
FGF17	FLT3	9606.ENSP00000352414	9606.ENSP00000241453	0	0	0	0	0	0.168	0.650	0.341	0.791
FGF17	PLCG1	9606.ENSP00000352414	9606.ENSP00000244007	0	0	0	0	0	0	0.500	0.247	0.607
FGF17	KRAS	9606.ENSP00000352414	9606.ENSP00000256078	0	0	0	0	0.074	0.045	0.500	0.385	0.692
FGF17	PDGFRA	9606.ENSP00000352414	9606.ENSP00000257290	0	0	0	0	0	0.168	0.650	0.521	0.848
FGF17	PDGFRB	9606.ENSP00000352414	9606.ENSP00000261799	0	0	0	0	0	0.168	0.650	0.657	0.891
FGF17	FLT4	9606.ENSP00000352414	9606.ENSP00000261937	0	0	0	0	0.064	0.168	0.650	0.709	0.910
FGF17	GAB1	9606.ENSP00000352414	9606.ENSP00000262995	0	0	0	0	0	0	0.400	0.200	0.499
FGF17	MAPK3	9606.ENSP00000352414	9606.ENSP00000263025	0	0	0	0	0.045	0	0.400	0.547	0.717
FGF17	KDR	9606.ENSP00000352414	9606.ENSP00000263923	0	0	0	0	0	0.168	0.650	0.769	0.927
FGF17	PIK3CA	9606.ENSP00000352414	9606.ENSP00000263967	0	0	0	0	0	0	0.400	0.289	0.555
FGF17	FGF2	9606.ENSP00000352414	9606.ENSP00000264498	0	0	0	0	0.052	0	0.400	0.924	0.953
FGF17	FGF7	9606.ENSP00000352414	9606.ENSP00000267843	0	0	0	0.699	0	0	0.400	0.117	0.448
FGF17	FGF18	9606.ENSP00000352414	9606.ENSP00000274625	0	0	0.057	0.941	0.060	0	0.400	0.093	0.453
FGF17	NTRK2	9606.ENSP00000352414	9606.ENSP00000277120	0	0	0	0	0.086	0	0.650	0.338	0.769
FGF17	FLT1	9606.ENSP00000352414	9606.ENSP00000282397	0	0	0	0	0	0.168	0.650	0.593	0.871
FGF17	KIT	9606.ENSP00000352414	9606.ENSP00000288135	0	0	0	0	0.067	0.168	0.650	0.521	0.852
FGF17	FGFR4	9606.ENSP00000352414	9606.ENSP00000292408	0	0	0	0	0.048	0.168	0.650	0.988	0.996
FGF17	FGF19	9606.ENSP00000352414	9606.ENSP00000294312	0	0	0	0	0.042	0	0.400	0.798	0.873
FGF17	VEGFD	9606.ENSP00000352414	9606.ENSP00000297904	0	0	0	0	0.058	0	0	0.506	0.514
FGF17	INSR	9606.ENSP00000352414	9606.ENSP00000303830	0	0	0	0	0	0	0.650	0.483	0.811
FGF17	VEGFB	9606.ENSP00000352414	9606.ENSP00000311127	0	0	0	0	0	0	0	0.420	0.420
FGF17	FGF5	9606.ENSP00000352414	9606.ENSP00000311697	0	0	0	0	0	0	0.400	0.332	0.582
FGF17	MET	9606.ENSP00000352414	9606.ENSP00000317272	0	0	0	0	0.067	0	0.650	0.621	0.865
FGF17	FGF8	9606.ENSP00000352414	9606.ENSP00000321797	0	0	0.059	0.948	0.151	0	0.400	0.075	0.497
FGF17	PDGFB	9606.ENSP00000352414	9606.ENSP00000330382	0	0	0	0	0.075	0	0	0.643	0.655
FGF17	FGF3	9606.ENSP00000352414	9606.ENSP00000334122	0	0	0	0	0.121	0	0.400	0.505	0.716
FGF17	FGFR3	9606.ENSP00000352414	9606.ENSP00000339824	0	0	0	0	0.072	0.168	0.650	0.956	0.986
FGF17	PDGFA	9606.ENSP00000352414	9606.ENSP00000346508	0	0	0	0	0	0	0	0.433	0.433
FGF17	RHOA	9606.ENSP00000352414	9606.ENSP00000400175	0	0	0	0	0	0.045	0	0.436	0.438
FGF17	PIK3CB	9606.ENSP00000352414	9606.ENSP00000501150	0	0	0	0	0	0	0.400	0.126	0.453
FGF17	NTF3	9606.ENSP00000352414	9606.ENSP00000397297	0	0	0	0	0.048	0	0	0.480	0.483
FGF17	PIK3R1	9606.ENSP00000352414	9606.ENSP00000428056	0	0	0	0	0	0	0.400	0.203	0.501
FGF17	KITLG	9606.ENSP00000352414	9606.ENSP00000495951	0	0	0	0	0	0	0	0.511	0.511
FGF17	FGF9	9606.ENSP00000352414	9606.ENSP00000371790	0	0	0	0.656	0.072	0	0.400	0.237	0.538
FGF17	VEGFC	9606.ENSP00000352414	9606.ENSP00000480043	0	0	0	0	0.058	0	0	0.540	0.548
FGF17	SOS1	9606.ENSP00000352414	9606.ENSP00000384675	0	0	0	0	0.060	0	0.400	0.281	0.559
FGF17	SHC1	9606.ENSP00000352414	9606.ENSP00000401303	0	0	0	0	0	0	0.400	0.299	0.561
FGF17	TGFA	9606.ENSP00000352414	9606.ENSP00000404131	0	0	0	0	0	0	0	0.583	0.583
FGF17	FGF21	9606.ENSP00000352414	9606.ENSP00000471477	0	0	0	0	0.048	0	0	0.595	0.598
FGF17	PTPN11	9606.ENSP00000352414	9606.ENSP00000489597	0	0	0	0	0.055	0.059	0.400	0.357	0.611
FGF17	PGF	9606.ENSP00000352414	9606.ENSP00000451040	0	0	0	0	0.044	0	0	0.609	0.611
FGF17	NRAS	9606.ENSP00000352414	9606.ENSP00000358548	0	0	0	0	0.074	0.045	0.500	0.244	0.621
FGF17	IGF2	9606.ENSP00000352414	9606.ENSP00000391826	0	0	0	0	0	0	0	0.628	0.628
FGF17	HRAS	9606.ENSP00000352414	9606.ENSP00000407586	0	0	0	0	0.074	0.045	0.500	0.285	0.642
FGF17	NGF	9606.ENSP00000352414	9606.ENSP00000358525	0	0	0	0	0.042	0	0	0.695	0.696
FGF17	GRB2	9606.ENSP00000352414	9606.ENSP00000376345	0	0	0	0	0	0	0.400	0.592	0.745
FGF17	IGF1	9606.ENSP00000352414	9606.ENSP00000376637	0	0	0	0	0	0	0	0.787	0.787
FGF17	INS	9606.ENSP00000352414	9606.ENSP00000380432	0	0	0	0	0.106	0	0	0.814	0.827
FGF17	TEK	9606.ENSP00000352414	9606.ENSP00000369375	0	0	0	0	0	0.168	0.650	0.521	0.848
FGF17	IGF1R	9606.ENSP00000352414	9606.ENSP00000497069	0	0	0	0	0	0	0.650	0.588	0.849
FGF17	NTRK1	9606.ENSP00000352414	9606.ENSP00000431418	0	0	0	0	0.050	0	0.650	0.691	0.888
FGF17	FGFR2	9606.ENSP00000352414	9606.ENSP00000410294	0	0	0	0	0	0.168	0.900	0.991	0.999
FGF17	FGFR1	9606.ENSP00000352414	9606.ENSP00000393312	0	0	0	0	0	0.168	0.900	0.997	0.999
FGF18	FGF4	9606.ENSP00000274625	9606.ENSP00000168712	0	0	0	0.680	0.042	0	0.400	0.171	0.482
FGF18	NGFR	9606.ENSP00000274625	9606.ENSP00000172229	0	0	0	0	0.044	0	0.650	0.348	0.762
FGF18	FGF20	9606.ENSP00000274625	9606.ENSP00000180166	0	0	0	0.660	0.050	0	0.400	0.277	0.551
FGF18	FGF22	9606.ENSP00000274625	9606.ENSP00000215530	0	0	0	0	0	0	0.400	0.300	0.562
FGF18	MAPK1	9606.ENSP00000274625	9606.ENSP00000215832	0	0	0	0	0.045	0	0.400	0.337	0.587
FGF18	PIK3R2	9606.ENSP00000274625	9606.ENSP00000222254	0	0	0	0	0	0	0.400	0.177	0.485
FGF18	HGF	9606.ENSP00000274625	9606.ENSP00000222390	0	0	0	0	0	0	0	0.874	0.874
FGF18	NFKB1	9606.ENSP00000274625	9606.ENSP00000226574	0	0	0	0	0	0	0	0.423	0.423
FGF18	FGF6	9606.ENSP00000274625	9606.ENSP00000228837	0	0	0.131	0.659	0	0	0.400	0.178	0.534
FGF18	FGF23	9606.ENSP00000274625	9606.ENSP00000237837	0	0	0	0	0.056	0	0.400	0.845	0.904
FGF18	FLT3	9606.ENSP00000274625	9606.ENSP00000241453	0	0	0	0	0	0.168	0.650	0.346	0.793
FGF18	PLCG1	9606.ENSP00000274625	9606.ENSP00000244007	0	0	0	0	0	0	0.500	0.240	0.604
FGF18	KRAS	9606.ENSP00000274625	9606.ENSP00000256078	0	0	0	0	0.046	0.045	0.500	0.445	0.713
FGF18	PDGFRA	9606.ENSP00000274625	9606.ENSP00000257290	0	0	0	0	0.042	0.168	0.650	0.552	0.858
FGF18	PDGFRB	9606.ENSP00000274625	9606.ENSP00000261799	0	0	0	0	0.057	0.168	0.650	0.657	0.893
FGF18	FLT4	9606.ENSP00000274625	9606.ENSP00000261937	0	0	0	0	0.055	0.168	0.650	0.710	0.909
FGF18	GAB1	9606.ENSP00000274625	9606.ENSP00000262995	0	0	0	0	0	0	0.400	0.200	0.499
FGF18	MAPK3	9606.ENSP00000274625	9606.ENSP00000263025	0	0	0	0	0.045	0	0.400	0.592	0.746
FGF18	KDR	9606.ENSP00000274625	9606.ENSP00000263923	0	0	0	0	0	0.168	0.650	0.769	0.927
FGF18	PIK3CA	9606.ENSP00000274625	9606.ENSP00000263967	0	0	0	0	0	0	0.400	0.290	0.555
FGF18	FGF2	9606.ENSP00000274625	9606.ENSP00000264498	0	0	0	0.631	0.042	0	0.400	0.527	0.704
FGF18	FGF7	9606.ENSP00000274625	9606.ENSP00000267843	0	0	0	0.706	0.045	0	0.400	0.253	0.535
FGF18	VEGFB	9606.ENSP00000274625	9606.ENSP00000311127	0	0	0	0	0	0	0	0.419	0.418
FGF18	RHOA	9606.ENSP00000274625	9606.ENSP00000400175	0	0	0	0	0	0.045	0	0.422	0.425
FGF18	MAP2K1	9606.ENSP00000274625	9606.ENSP00000302486	0	0	0	0	0	0	0	0.427	0.427
FGF18	PIK3CB	9606.ENSP00000274625	9606.ENSP00000501150	0	0	0	0	0	0	0.400	0.136	0.459
FGF18	FGF8	9606.ENSP00000274625	9606.ENSP00000321797	0	0	0.064	0.940	0.121	0	0.400	0.069	0.479
FGF18	PIK3R1	9606.ENSP00000274625	9606.ENSP00000428056	0	0	0	0	0	0	0.400	0.202	0.500
FGF18	NTF3	9606.ENSP00000274625	9606.ENSP00000397297	0	0	0	0	0.074	0	0	0.488	0.506
FGF18	VEGFD	9606.ENSP00000274625	9606.ENSP00000297904	0	0	0	0	0.060	0	0	0.501	0.511
FGF18	KITLG	9606.ENSP00000274625	9606.ENSP00000495951	0	0	0	0	0	0	0	0.514	0.514
FGF18	PDGFA	9606.ENSP00000274625	9606.ENSP00000346508	0	0	0	0	0.047	0	0	0.540	0.543
FGF18	VEGFC	9606.ENSP00000274625	9606.ENSP00000480043	0	0	0	0	0.058	0	0	0.547	0.555
FGF18	SOS1	9606.ENSP00000274625	9606.ENSP00000384675	0	0	0	0	0	0	0.400	0.308	0.567
FGF18	TGFA	9606.ENSP00000274625	9606.ENSP00000404131	0	0	0	0	0	0	0	0.585	0.585
FGF18	FGF3	9606.ENSP00000274625	9606.ENSP00000334122	0	0	0	0.625	0.048	0	0.400	0.335	0.587
FGF18	FGF9	9606.ENSP00000274625	9606.ENSP00000371790	0	0	0	0.669	0.072	0	0.400	0.322	0.589
FGF18	SHC1	9606.ENSP00000274625	9606.ENSP00000401303	0	0	0	0	0	0	0.400	0.343	0.589
FGF18	FGF21	9606.ENSP00000274625	9606.ENSP00000471477	0	0	0	0	0	0	0	0.593	0.593
FGF18	FGF5	9606.ENSP00000274625	9606.ENSP00000311697	0	0	0	0.620	0	0	0.400	0.354	0.596
FGF18	PGF	9606.ENSP00000274625	9606.ENSP00000451040	0	0	0	0	0.042	0	0	0.609	0.609
FGF18	PTPN11	9606.ENSP00000274625	9606.ENSP00000489597	0	0	0	0	0.055	0.059	0.400	0.383	0.627
FGF18	IGF2	9606.ENSP00000274625	9606.ENSP00000391826	0	0	0	0	0.065	0	0	0.627	0.636
FGF18	NRAS	9606.ENSP00000274625	9606.ENSP00000358548	0	0	0	0	0.046	0.045	0.500	0.315	0.646
FGF18	PDGFB	9606.ENSP00000274625	9606.ENSP00000330382	0	0	0	0	0.068	0	0	0.643	0.653
FGF18	HRAS	9606.ENSP00000274625	9606.ENSP00000407586	0	0	0	0	0.046	0.045	0.500	0.347	0.662
FGF18	NGF	9606.ENSP00000274625	9606.ENSP00000358525	0	0	0	0	0.056	0	0	0.696	0.701
FGF18	FGF19	9606.ENSP00000274625	9606.ENSP00000294312	0	0	0	0	0.049	0	0.400	0.594	0.748
FGF18	NTRK2	9606.ENSP00000274625	9606.ENSP00000277120	0	0	0	0	0	0	0.650	0.336	0.757
FGF18	GRB2	9606.ENSP00000274625	9606.ENSP00000376345	0	0	0	0	0	0	0.400	0.656	0.784
FGF18	IGF1	9606.ENSP00000274625	9606.ENSP00000376637	0	0	0	0	0.054	0	0	0.794	0.797
FGF18	INSR	9606.ENSP00000274625	9606.ENSP00000303830	0	0	0	0	0	0	0.650	0.474	0.808
FGF18	INS	9606.ENSP00000274625	9606.ENSP00000380432	0	0	0	0	0.081	0	0	0.814	0.822
FGF18	KIT	9606.ENSP00000274625	9606.ENSP00000288135	0	0	0	0	0	0.168	0.650	0.521	0.848
FGF18	TEK	9606.ENSP00000274625	9606.ENSP00000369375	0	0	0	0	0.042	0.168	0.650	0.521	0.848
FGF18	IGF1R	9606.ENSP00000274625	9606.ENSP00000497069	0	0	0	0	0	0	0.650	0.586	0.848
FGF18	MET	9606.ENSP00000274625	9606.ENSP00000317272	0	0	0	0	0.067	0	0.650	0.621	0.865
FGF18	FLT1	9606.ENSP00000274625	9606.ENSP00000282397	0	0	0	0	0.042	0.168	0.650	0.593	0.871
FGF18	NTRK1	9606.ENSP00000274625	9606.ENSP00000431418	0	0	0	0	0.042	0	0.650	0.691	0.887
FGF18	FGFR4	9606.ENSP00000274625	9606.ENSP00000292408	0	0	0	0	0.044	0.168	0.650	0.990	0.996
FGF18	FGFR3	9606.ENSP00000274625	9606.ENSP00000339824	0	0	0	0	0	0.168	0.650	0.994	0.998
FGF18	FGFR2	9606.ENSP00000274625	9606.ENSP00000410294	0	0	0	0	0	0.168	0.900	0.991	0.999
FGF18	FGFR1	9606.ENSP00000274625	9606.ENSP00000393312	0	0	0	0	0	0.168	0.900	0.995	0.999
FGF19	FGF4	9606.ENSP00000294312	9606.ENSP00000168712	0	0	0	0.657	0.105	0	0.400	0.739	0.848
FGF19	NGFR	9606.ENSP00000294312	9606.ENSP00000172229	0	0	0	0	0.055	0	0.650	0.113	0.681
FGF19	FGF20	9606.ENSP00000294312	9606.ENSP00000180166	0	0	0	0	0.120	0	0.400	0.578	0.758
FGF19	FGF22	9606.ENSP00000294312	9606.ENSP00000215530	0	0	0	0.692	0.049	0	0.400	0.281	0.554
FGF19	MAPK1	9606.ENSP00000294312	9606.ENSP00000215832	0	0	0	0	0.055	0	0.400	0.135	0.467
FGF19	PIK3R2	9606.ENSP00000294312	9606.ENSP00000222254	0	0	0	0	0	0	0.400	0	0.400
FGF19	HGF	9606.ENSP00000294312	9606.ENSP00000222390	0	0	0	0	0.140	0	0	0.528	0.576
FGF19	FGF6	9606.ENSP00000294312	9606.ENSP00000228837	0	0	0	0.634	0.085	0	0.400	0.376	0.628
FGF19	FGF23	9606.ENSP00000294312	9606.ENSP00000237837	0	0	0	0.694	0	0	0.400	0.523	0.701
FGF19	FLT3	9606.ENSP00000294312	9606.ENSP00000241453	0	0	0	0	0	0.168	0.650	0.211	0.750
FGF19	PLCG1	9606.ENSP00000294312	9606.ENSP00000244007	0	0	0	0	0	0	0.500	0.089	0.525
FGF19	KRAS	9606.ENSP00000294312	9606.ENSP00000256078	0	0	0	0	0.046	0.045	0.500	0.315	0.646
FGF19	PDGFRA	9606.ENSP00000294312	9606.ENSP00000257290	0	0	0	0	0	0.168	0.650	0.302	0.779
FGF19	PDGFRB	9606.ENSP00000294312	9606.ENSP00000261799	0	0	0	0	0	0.168	0.650	0.267	0.768
FGF19	FLT4	9606.ENSP00000294312	9606.ENSP00000261937	0	0	0	0	0	0.168	0.650	0.282	0.772
FGF19	GAB1	9606.ENSP00000294312	9606.ENSP00000262995	0	0	0	0	0	0	0.400	0.191	0.493
FGF19	MAPK3	9606.ENSP00000294312	9606.ENSP00000263025	0	0	0	0	0.055	0	0.400	0.343	0.595
FGF19	KDR	9606.ENSP00000294312	9606.ENSP00000263923	0	0	0	0	0.042	0.168	0.650	0.387	0.806
FGF19	PIK3CA	9606.ENSP00000294312	9606.ENSP00000263967	0	0	0	0	0	0	0.400	0.398	0.623
FGF19	FGF2	9606.ENSP00000294312	9606.ENSP00000264498	0	0	0	0.637	0.055	0	0.400	0.289	0.562
FGF19	FGF7	9606.ENSP00000294312	9606.ENSP00000267843	0	0	0	0.660	0.049	0	0.400	0.271	0.548
FGF19	NTRK2	9606.ENSP00000294312	9606.ENSP00000277120	0	0	0	0	0	0	0.650	0.158	0.692
FGF19	FLT1	9606.ENSP00000294312	9606.ENSP00000282397	0	0	0	0	0	0.168	0.650	0.460	0.829
FGF19	KIT	9606.ENSP00000294312	9606.ENSP00000288135	0	0	0	0	0	0.168	0.650	0.269	0.768
FGF19	FGFR4	9606.ENSP00000294312	9606.ENSP00000292408	0	0	0	0	0.073	0.548	0.800	0.998	0.999
FGF19	SHC1	9606.ENSP00000294312	9606.ENSP00000401303	0	0	0	0	0	0	0.400	0.091	0.431
FGF19	PIK3CB	9606.ENSP00000294312	9606.ENSP00000501150	0	0	0	0	0	0	0.400	0.095	0.433
FGF19	FGF21	9606.ENSP00000294312	9606.ENSP00000471477	0	0	0	0.779	0.044	0	0	0.442	0.443
FGF19	MAPK8	9606.ENSP00000294312	9606.ENSP00000378974	0	0	0	0	0	0	0	0.458	0.457
FGF19	SOS1	9606.ENSP00000294312	9606.ENSP00000384675	0	0	0	0	0	0	0.400	0.132	0.457
FGF19	PIK3R1	9606.ENSP00000294312	9606.ENSP00000428056	0	0	0	0	0	0	0.400	0.158	0.473
FGF19	IGF1	9606.ENSP00000294312	9606.ENSP00000376637	0	0	0	0	0	0	0	0.489	0.489
FGF19	PTPN11	9606.ENSP00000294312	9606.ENSP00000489597	0	0	0	0	0.055	0.059	0.400	0.175	0.501
FGF19	KITLG	9606.ENSP00000294312	9606.ENSP00000495951	0	0	0	0	0	0	0	0.514	0.514
FGF19	FGF5	9606.ENSP00000294312	9606.ENSP00000311697	0	0	0	0.639	0	0	0.400	0.236	0.522
FGF19	GRB2	9606.ENSP00000294312	9606.ENSP00000376345	0	0	0	0	0	0	0.400	0.256	0.534
FGF19	HRAS	9606.ENSP00000294312	9606.ENSP00000407586	0	0	0	0	0.046	0.045	0.500	0.177	0.575
FGF19	NRAS	9606.ENSP00000294312	9606.ENSP00000358548	0	0	0	0	0.046	0.045	0.500	0.193	0.583
FGF19	INS	9606.ENSP00000294312	9606.ENSP00000380432	0	0	0	0	0.074	0	0	0.575	0.589
FGF19	FGF3	9606.ENSP00000294312	9606.ENSP00000334122	0	0	0	0.642	0.168	0	0.400	0.355	0.650
FGF19	INSR	9606.ENSP00000294312	9606.ENSP00000303830	0	0	0	0	0	0	0.650	0.129	0.682
FGF19	NTRK1	9606.ENSP00000294312	9606.ENSP00000431418	0	0	0	0	0.042	0	0.650	0.214	0.713
FGF19	IGF1R	9606.ENSP00000294312	9606.ENSP00000497069	0	0	0	0	0	0	0.650	0.229	0.718
FGF19	MET	9606.ENSP00000294312	9606.ENSP00000317272	0	0	0	0	0.067	0	0.650	0.284	0.746
FGF19	TEK	9606.ENSP00000294312	9606.ENSP00000369375	0	0	0	0	0	0.168	0.650	0.201	0.747
FGF19	FGF9	9606.ENSP00000294312	9606.ENSP00000371790	0	0	0	0	0.068	0	0.400	0.585	0.748
FGF19	FGF8	9606.ENSP00000294312	9606.ENSP00000321797	0	0	0	0	0.050	0	0.400	0.759	0.851
FGF19	FGFR3	9606.ENSP00000294312	9606.ENSP00000339824	0	0	0	0	0	0.168	0.650	0.789	0.933
FGF19	FGFR2	9606.ENSP00000294312	9606.ENSP00000410294	0	0	0	0	0	0.168	0.900	0.665	0.969
FGF19	FGFR1	9606.ENSP00000294312	9606.ENSP00000393312	0	0	0	0	0	0.337	0.900	0.884	0.991
FGF2	FGF4	9606.ENSP00000264498	9606.ENSP00000168712	0	0	0.075	0.784	0.063	0	0.400	0.232	0.547
FGF2	NGFR	9606.ENSP00000264498	9606.ENSP00000172229	0	0	0	0	0.042	0	0.650	0.574	0.844
FGF2	FGF20	9606.ENSP00000264498	9606.ENSP00000180166	0	0	0	0.729	0	0.098	0.400	0.277	0.574
FGF2	FGF22	9606.ENSP00000264498	9606.ENSP00000215530	0	0	0.087	0.754	0.068	0	0.400	0.360	0.629
FGF2	MAPK1	9606.ENSP00000264498	9606.ENSP00000215832	0	0	0	0	0.054	0	0.400	0.644	0.780
FGF2	PIK3R2	9606.ENSP00000264498	9606.ENSP00000222254	0	0	0	0	0	0	0.400	0.430	0.643
FGF2	HGF	9606.ENSP00000264498	9606.ENSP00000222390	0	0	0	0	0.054	0	0.400	0.927	0.955
FGF2	NFKB1	9606.ENSP00000264498	9606.ENSP00000226574	0	0	0	0	0	0	0	0.506	0.506
FGF2	FGF6	9606.ENSP00000264498	9606.ENSP00000228837	0	0	0.082	0.783	0.067	0	0.400	0.269	0.574
FGF2	FGF23	9606.ENSP00000264498	9606.ENSP00000237837	0	0	0	0.597	0.067	0	0.400	0.297	0.572
FGF2	FLT3	9606.ENSP00000264498	9606.ENSP00000241453	0	0	0	0	0.055	0.168	0.650	0.619	0.881
FGF2	PLCG1	9606.ENSP00000264498	9606.ENSP00000244007	0	0	0	0	0	0	0.500	0.347	0.659
FGF2	KRAS	9606.ENSP00000264498	9606.ENSP00000256078	0	0	0	0	0.055	0.045	0.500	0.648	0.820
FGF2	PDGFRA	9606.ENSP00000264498	9606.ENSP00000257290	0	0	0	0	0.093	0.168	0.650	0.940	0.982
FGF2	PDGFRB	9606.ENSP00000264498	9606.ENSP00000261799	0	0	0	0	0.087	0.168	0.650	0.845	0.953
FGF2	FLT4	9606.ENSP00000264498	9606.ENSP00000261937	0	0	0	0	0.055	0.168	0.650	0.814	0.942
FGF2	GAB1	9606.ENSP00000264498	9606.ENSP00000262995	0	0	0	0	0	0	0.400	0.206	0.503
FGF2	MAPK3	9606.ENSP00000264498	9606.ENSP00000263025	0	0	0	0	0.054	0	0.400	0.819	0.888
FGF2	KDR	9606.ENSP00000264498	9606.ENSP00000263923	0	0	0	0	0.080	0.168	0.650	0.995	0.998
FGF2	PIK3CA	9606.ENSP00000264498	9606.ENSP00000263967	0	0	0	0	0	0	0.400	0.543	0.714
FGF2	PRKCA	9606.ENSP00000264498	9606.ENSP00000408695	0	0	0	0	0.049	0	0	0.398	0.403
FGF2	PRKACG	9606.ENSP00000264498	9606.ENSP00000366488	0	0	0	0	0	0	0	0.432	0.432
FGF2	PRKACB	9606.ENSP00000264498	9606.ENSP00000359719	0	0	0	0	0	0	0	0.433	0.433
FGF2	IKBKB	9606.ENSP00000264498	9606.ENSP00000430684	0	0	0	0	0	0	0	0.438	0.438
FGF2	FGF21	9606.ENSP00000264498	9606.ENSP00000471477	0	0	0	0.626	0	0	0	0.439	0.439
FGF2	PIK3CB	9606.ENSP00000264498	9606.ENSP00000501150	0	0	0	0	0	0	0.400	0.191	0.494
FGF2	NTF4	9606.ENSP00000264498	9606.ENSP00000469455	0	0	0	0	0	0	0	0.509	0.509
FGF2	PDGFC	9606.ENSP00000264498	9606.ENSP00000422464	0	0	0	0	0.068	0	0	0.507	0.520
FGF2	MAP2K1	9606.ENSP00000264498	9606.ENSP00000302486	0	0	0	0	0	0	0	0.523	0.523
FGF2	PIK3R1	9606.ENSP00000264498	9606.ENSP00000428056	0	0	0	0	0	0	0.400	0.250	0.530
FGF2	RHOA	9606.ENSP00000264498	9606.ENSP00000400175	0	0	0	0	0	0.045	0	0.530	0.532
FGF2	FGF3	9606.ENSP00000264498	9606.ENSP00000334122	0	0	0	0.728	0	0	0.400	0.284	0.552
FGF2	SOS1	9606.ENSP00000264498	9606.ENSP00000384675	0	0	0	0	0.048	0	0.400	0.299	0.565
FGF2	VEGFB	9606.ENSP00000264498	9606.ENSP00000311127	0	0	0	0	0	0	0	0.576	0.576
FGF2	FGF9	9606.ENSP00000264498	9606.ENSP00000371790	0	0	0	0.735	0	0.098	0.400	0.283	0.578
FGF2	PRKACA	9606.ENSP00000264498	9606.ENSP00000309591	0	0	0	0	0	0.292	0	0.432	0.580
FGF2	FGF5	9606.ENSP00000264498	9606.ENSP00000311697	0	0	0.093	0.707	0.050	0	0.400	0.286	0.581
FGF2	SHC1	9606.ENSP00000264498	9606.ENSP00000401303	0	0	0	0	0.049	0	0.400	0.375	0.612
FGF2	FGF8	9606.ENSP00000264498	9606.ENSP00000321797	0	0	0	0.644	0.074	0	0.400	0.388	0.630
FGF2	PTPN11	9606.ENSP00000264498	9606.ENSP00000489597	0	0	0	0	0.055	0.071	0.400	0.390	0.636
FGF2	IGF2	9606.ENSP00000264498	9606.ENSP00000391826	0	0	0	0	0	0	0	0.656	0.656
FGF2	NRAS	9606.ENSP00000264498	9606.ENSP00000358548	0	0	0	0	0.055	0.045	0.500	0.338	0.661
FGF2	VEGFD	9606.ENSP00000264498	9606.ENSP00000297904	0	0	0	0	0.076	0	0	0.648	0.662
FGF2	GRB2	9606.ENSP00000264498	9606.ENSP00000376345	0	0	0	0	0	0	0.400	0.462	0.663
FGF2	NTF3	9606.ENSP00000264498	9606.ENSP00000397297	0	0	0	0	0.072	0	0	0.671	0.682
FGF2	HRAS	9606.ENSP00000264498	9606.ENSP00000407586	0	0	0	0	0.055	0.045	0.500	0.388	0.686
FGF2	KITLG	9606.ENSP00000264498	9606.ENSP00000495951	0	0	0	0	0.080	0	0	0.698	0.710
FGF2	INSR	9606.ENSP00000264498	9606.ENSP00000303830	0	0	0	0	0	0	0.650	0.223	0.716
FGF2	PGF	9606.ENSP00000264498	9606.ENSP00000451040	0	0	0	0	0	0	0	0.734	0.734
FGF2	FGF7	9606.ENSP00000264498	9606.ENSP00000267843	0	0	0	0.736	0.121	0	0.400	0.673	0.812
FGF2	TGFA	9606.ENSP00000264498	9606.ENSP00000404131	0	0	0	0	0.057	0	0	0.821	0.824
FGF2	VEGFC	9606.ENSP00000264498	9606.ENSP00000480043	0	0	0	0	0.136	0	0	0.809	0.828
FGF2	INS	9606.ENSP00000264498	9606.ENSP00000380432	0	0	0	0	0.074	0	0	0.836	0.842
FGF2	NGF	9606.ENSP00000264498	9606.ENSP00000358525	0	0	0	0	0.092	0	0	0.862	0.869
FGF2	IGF1	9606.ENSP00000264498	9606.ENSP00000376637	0	0	0	0	0.043	0	0	0.882	0.882
FGF2	KIT	9606.ENSP00000264498	9606.ENSP00000288135	0	0	0	0	0.042	0.168	0.650	0.637	0.885
FGF2	PDGFA	9606.ENSP00000264498	9606.ENSP00000346508	0	0	0	0	0.048	0	0.400	0.816	0.886
FGF2	IGF1R	9606.ENSP00000264498	9606.ENSP00000497069	0	0	0	0	0	0	0.650	0.726	0.900
FGF2	MET	9606.ENSP00000264498	9606.ENSP00000317272	0	0	0	0	0.092	0	0.650	0.725	0.905
FGF2	NTRK2	9606.ENSP00000264498	9606.ENSP00000277120	0	0	0	0	0.056	0	0.650	0.745	0.908
FGF2	FLT3LG	9606.ENSP00000264498	9606.ENSP00000469613	0	0	0	0	0.064	0	0	0.916	0.918
FGF2	TEK	9606.ENSP00000264498	9606.ENSP00000369375	0	0	0	0	0.080	0.168	0.650	0.805	0.941
FGF2	PDGFB	9606.ENSP00000264498	9606.ENSP00000330382	0	0	0	0	0.074	0	0.400	0.923	0.953
FGF2	NTRK1	9606.ENSP00000264498	9606.ENSP00000431418	0	0	0	0	0	0	0.650	0.888	0.959
FGF2	FLT1	9606.ENSP00000264498	9606.ENSP00000282397	0	0	0	0	0.074	0.168	0.650	0.978	0.993
FGF2	FGFR2	9606.ENSP00000264498	9606.ENSP00000410294	0	0	0	0	0.067	0.919	0.900	0.997	0.999
FGF2	FGFR4	9606.ENSP00000264498	9606.ENSP00000292408	0	0	0	0	0.058	0.541	0.900	0.992	0.999
FGF2	FGFR1	9606.ENSP00000264498	9606.ENSP00000393312	0	0	0	0	0.110	0.995	0.900	0.998	0.999
FGF2	FGFR3	9606.ENSP00000264498	9606.ENSP00000339824	0	0	0	0	0.058	0.727	0.900	0.997	0.999
FGF20	FGF4	9606.ENSP00000180166	9606.ENSP00000168712	0	0	0.124	0.797	0.086	0	0.400	0.115	0.518
FGF20	NGFR	9606.ENSP00000180166	9606.ENSP00000172229	0	0	0	0	0.044	0	0.650	0.348	0.762
FGF20	FGF5	9606.ENSP00000180166	9606.ENSP00000311697	0	0	0	0.833	0.042	0	0.400	0.061	0.413
FGF20	NFKB1	9606.ENSP00000180166	9606.ENSP00000226574	0	0	0	0	0	0	0	0.417	0.416
FGF20	VEGFB	9606.ENSP00000180166	9606.ENSP00000311127	0	0	0	0	0	0	0	0.419	0.418
FGF20	PDGFA	9606.ENSP00000180166	9606.ENSP00000346508	0	0	0	0	0	0	0	0.431	0.431
FGF20	RHOA	9606.ENSP00000180166	9606.ENSP00000400175	0	0	0	0	0	0.045	0	0.459	0.461
FGF20	PIK3CB	9606.ENSP00000180166	9606.ENSP00000501150	0	0	0	0	0	0	0.400	0.144	0.464
FGF20	PIK3R2	9606.ENSP00000180166	9606.ENSP00000222254	0	0	0	0	0	0	0.400	0.161	0.475
FGF20	VEGFD	9606.ENSP00000180166	9606.ENSP00000297904	0	0	0	0	0.058	0	0	0.480	0.489
FGF20	FGF22	9606.ENSP00000180166	9606.ENSP00000215530	0	0	0.085	0.872	0.101	0	0.400	0.091	0.492
FGF20	PIK3R1	9606.ENSP00000180166	9606.ENSP00000428056	0	0	0	0	0	0	0.400	0.194	0.495
FGF20	FGF7	9606.ENSP00000180166	9606.ENSP00000267843	0	0	0.093	0.837	0.082	0	0.400	0.108	0.495
FGF20	NTF3	9606.ENSP00000180166	9606.ENSP00000397297	0	0	0	0	0.048	0	0	0.493	0.496
FGF20	GAB1	9606.ENSP00000180166	9606.ENSP00000262995	0	0	0	0	0	0	0.400	0.202	0.500
FGF20	KITLG	9606.ENSP00000180166	9606.ENSP00000495951	0	0	0	0	0	0	0	0.507	0.507
FGF20	FGF6	9606.ENSP00000180166	9606.ENSP00000228837	0	0	0.130	0.796	0.086	0	0.400	0.095	0.510
FGF20	FGF3	9606.ENSP00000180166	9606.ENSP00000334122	0	0	0.097	0.830	0.092	0	0.400	0.123	0.511
FGF20	FGF8	9606.ENSP00000180166	9606.ENSP00000321797	0	0	0	0.693	0.102	0	0.400	0.172	0.515
FGF20	VEGFC	9606.ENSP00000180166	9606.ENSP00000480043	0	0	0	0	0.058	0	0	0.541	0.549
FGF20	PIK3CA	9606.ENSP00000180166	9606.ENSP00000263967	0	0	0	0	0	0	0.400	0.292	0.557
FGF20	SOS1	9606.ENSP00000180166	9606.ENSP00000384675	0	0	0	0	0.048	0	0.400	0.303	0.567
FGF20	MAPK1	9606.ENSP00000180166	9606.ENSP00000215832	0	0	0	0	0.054	0	0.400	0.312	0.575
FGF20	SHC1	9606.ENSP00000180166	9606.ENSP00000401303	0	0	0	0	0.049	0	0.400	0.323	0.580
FGF20	TGFA	9606.ENSP00000180166	9606.ENSP00000404131	0	0	0	0	0.057	0	0	0.585	0.591
FGF20	PGF	9606.ENSP00000180166	9606.ENSP00000451040	0	0	0	0	0	0	0	0.609	0.609
FGF20	NRAS	9606.ENSP00000180166	9606.ENSP00000358548	0	0	0	0	0.055	0.045	0.500	0.250	0.616
FGF20	PLCG1	9606.ENSP00000180166	9606.ENSP00000244007	0	0	0	0	0	0	0.500	0.284	0.627
FGF20	IGF2	9606.ENSP00000180166	9606.ENSP00000391826	0	0	0	0	0.042	0	0	0.630	0.631
FGF20	HRAS	9606.ENSP00000180166	9606.ENSP00000407586	0	0	0	0	0.055	0.045	0.500	0.283	0.633
FGF20	PTPN11	9606.ENSP00000180166	9606.ENSP00000489597	0	0	0	0	0.055	0.071	0.400	0.387	0.634
FGF20	PDGFB	9606.ENSP00000180166	9606.ENSP00000330382	0	0	0	0	0.074	0	0	0.643	0.655
FGF20	KRAS	9606.ENSP00000180166	9606.ENSP00000256078	0	0	0	0	0.055	0.045	0.500	0.391	0.688
FGF20	NGF	9606.ENSP00000180166	9606.ENSP00000358525	0	0	0	0	0	0	0	0.694	0.694
FGF20	MAPK3	9606.ENSP00000180166	9606.ENSP00000263025	0	0	0	0	0.054	0	0.400	0.553	0.724
FGF20	NTRK2	9606.ENSP00000180166	9606.ENSP00000277120	0	0	0	0	0.075	0	0.650	0.336	0.766
FGF20	FGF23	9606.ENSP00000180166	9606.ENSP00000237837	0	0	0	0.621	0.092	0	0.400	0.609	0.768
FGF20	GRB2	9606.ENSP00000180166	9606.ENSP00000376345	0	0	0	0	0	0	0.400	0.633	0.770
FGF20	IGF1	9606.ENSP00000180166	9606.ENSP00000376637	0	0	0	0	0	0	0	0.770	0.770
FGF20	FGF9	9606.ENSP00000180166	9606.ENSP00000371790	0	0	0.055	0.969	0.056	0.491	0.400	0.362	0.794
FGF20	FLT3	9606.ENSP00000180166	9606.ENSP00000241453	0	0	0	0	0.087	0.168	0.650	0.339	0.801
FGF20	INSR	9606.ENSP00000180166	9606.ENSP00000303830	0	0	0	0	0	0	0.650	0.494	0.815
FGF20	INS	9606.ENSP00000180166	9606.ENSP00000380432	0	0	0	0	0.076	0	0	0.810	0.817
FGF20	TEK	9606.ENSP00000180166	9606.ENSP00000369375	0	0	0	0	0	0.168	0.650	0.521	0.848
FGF20	KIT	9606.ENSP00000180166	9606.ENSP00000288135	0	0	0	0	0.051	0.168	0.650	0.521	0.850
FGF20	PDGFRA	9606.ENSP00000180166	9606.ENSP00000257290	0	0	0	0	0.083	0.168	0.650	0.521	0.855
FGF20	IGF1R	9606.ENSP00000180166	9606.ENSP00000497069	0	0	0	0	0	0	0.650	0.602	0.855
FGF20	MET	9606.ENSP00000180166	9606.ENSP00000317272	0	0	0	0	0.067	0	0.650	0.621	0.865
FGF20	HGF	9606.ENSP00000180166	9606.ENSP00000222390	0	0	0	0	0	0	0	0.867	0.867
FGF20	FLT1	9606.ENSP00000180166	9606.ENSP00000282397	0	0	0	0	0.060	0.168	0.650	0.593	0.873
FGF20	NTRK1	9606.ENSP00000180166	9606.ENSP00000431418	0	0	0	0	0.045	0	0.650	0.692	0.888
FGF20	PDGFRB	9606.ENSP00000180166	9606.ENSP00000261799	0	0	0	0	0.055	0.168	0.650	0.657	0.893
FGF20	FLT4	9606.ENSP00000180166	9606.ENSP00000261937	0	0	0	0	0.060	0.168	0.650	0.710	0.910
FGF20	KDR	9606.ENSP00000180166	9606.ENSP00000263923	0	0	0	0	0.060	0.168	0.650	0.769	0.928
FGF20	FGFR3	9606.ENSP00000180166	9606.ENSP00000339824	0	0	0	0	0	0.399	0.650	0.876	0.971
FGF20	FGFR4	9606.ENSP00000180166	9606.ENSP00000292408	0	0	0	0	0	0.399	0.650	0.972	0.993
FGF20	FGFR2	9606.ENSP00000180166	9606.ENSP00000410294	0	0	0	0	0	0.418	0.900	0.966	0.997
FGF20	FGFR1	9606.ENSP00000180166	9606.ENSP00000393312	0	0	0	0	0	0.418	0.900	0.995	0.999
FGF21	NGFR	9606.ENSP00000471477	9606.ENSP00000172229	0	0	0	0	0	0	0.650	0.105	0.673
FGF21	MAPK1	9606.ENSP00000471477	9606.ENSP00000215832	0	0	0	0	0.045	0	0	0.439	0.441
FGF21	HGF	9606.ENSP00000471477	9606.ENSP00000222390	0	0	0	0	0	0	0	0.471	0.471
FGF21	FGF23	9606.ENSP00000471477	9606.ENSP00000237837	0	0	0	0.736	0.067	0	0	0.461	0.476
FGF21	FLT3	9606.ENSP00000471477	9606.ENSP00000241453	0	0	0	0	0	0.168	0.650	0.091	0.712
FGF21	PDGFRA	9606.ENSP00000471477	9606.ENSP00000257290	0	0	0	0	0	0.168	0.650	0.266	0.767
FGF21	PDGFRB	9606.ENSP00000471477	9606.ENSP00000261799	0	0	0	0	0	0.168	0.650	0.252	0.763
FGF21	FLT4	9606.ENSP00000471477	9606.ENSP00000261937	0	0	0	0	0.056	0.168	0.650	0.229	0.759
FGF21	MAPK3	9606.ENSP00000471477	9606.ENSP00000263025	0	0	0	0	0.045	0	0	0.600	0.602
FGF21	KDR	9606.ENSP00000471477	9606.ENSP00000263923	0	0	0	0	0	0.168	0.650	0.345	0.792
FGF21	NTRK2	9606.ENSP00000471477	9606.ENSP00000277120	0	0	0	0	0	0	0.650	0.163	0.694
FGF21	FLT1	9606.ENSP00000471477	9606.ENSP00000282397	0	0	0	0	0	0.168	0.650	0.231	0.756
FGF21	KIT	9606.ENSP00000471477	9606.ENSP00000288135	0	0	0	0	0	0.168	0.650	0.204	0.748
FGF21	FGFR4	9606.ENSP00000471477	9606.ENSP00000292408	0	0	0	0	0.044	0.168	0.650	0.977	0.992
FGF21	INSR	9606.ENSP00000471477	9606.ENSP00000303830	0	0	0	0	0	0	0.650	0.356	0.765
FGF21	MET	9606.ENSP00000471477	9606.ENSP00000317272	0	0	0	0	0.067	0	0.650	0.181	0.709
FGF21	FGF8	9606.ENSP00000471477	9606.ENSP00000321797	0	0	0	0	0.054	0	0	0.593	0.598
FGF21	FGFR3	9606.ENSP00000471477	9606.ENSP00000339824	0	0	0	0	0	0.168	0.650	0.814	0.941
FGF21	TEK	9606.ENSP00000471477	9606.ENSP00000369375	0	0	0	0	0	0.168	0.650	0.186	0.742
FGF21	IGF1	9606.ENSP00000471477	9606.ENSP00000376637	0	0	0	0	0	0	0	0.690	0.690
FGF21	INS	9606.ENSP00000471477	9606.ENSP00000380432	0	0	0	0	0.096	0	0	0.801	0.813
FGF21	FGFR1	9606.ENSP00000471477	9606.ENSP00000393312	0	0	0	0	0	0.168	0.900	0.985	0.998
FGF21	FGFR2	9606.ENSP00000471477	9606.ENSP00000410294	0	0	0	0	0	0.168	0.900	0.747	0.977
FGF21	NTRK1	9606.ENSP00000471477	9606.ENSP00000431418	0	0	0	0	0.042	0	0.650	0.351	0.763
FGF21	IGF1R	9606.ENSP00000471477	9606.ENSP00000497069	0	0	0	0	0	0	0.650	0.377	0.772
FGF22	FGF4	9606.ENSP00000215530	9606.ENSP00000168712	0	0	0.111	0.813	0.061	0	0.400	0.139	0.511
FGF22	NGFR	9606.ENSP00000215530	9606.ENSP00000172229	0	0	0	0	0.042	0	0.650	0.337	0.758
FGF22	NFKB1	9606.ENSP00000215530	9606.ENSP00000226574	0	0	0	0	0	0	0	0.417	0.416
FGF22	VEGFB	9606.ENSP00000215530	9606.ENSP00000311127	0	0	0	0	0	0	0	0.419	0.418
FGF22	PDGFA	9606.ENSP00000215530	9606.ENSP00000346508	0	0	0	0	0	0	0	0.425	0.425
FGF22	RHOA	9606.ENSP00000215530	9606.ENSP00000400175	0	0	0	0	0	0.045	0	0.445	0.447
FGF22	FGF5	9606.ENSP00000215530	9606.ENSP00000311697	0	0	0	0.806	0.048	0	0.400	0.110	0.447
FGF22	PIK3CB	9606.ENSP00000215530	9606.ENSP00000501150	0	0	0	0	0	0	0.400	0.133	0.457
FGF22	FGF7	9606.ENSP00000215530	9606.ENSP00000267843	0	0	0.055	0.911	0.083	0	0.400	0.087	0.462
FGF22	PIK3R2	9606.ENSP00000215530	9606.ENSP00000222254	0	0	0	0	0	0	0.400	0.161	0.475
FGF22	FGF9	9606.ENSP00000215530	9606.ENSP00000371790	0	0	0.066	0.875	0.099	0	0.400	0.090	0.479
FGF22	NTF3	9606.ENSP00000215530	9606.ENSP00000397297	0	0	0	0	0.049	0	0	0.487	0.491
FGF22	PIK3R1	9606.ENSP00000215530	9606.ENSP00000428056	0	0	0	0	0	0	0.400	0.192	0.494
FGF22	GAB1	9606.ENSP00000215530	9606.ENSP00000262995	0	0	0	0	0	0	0.400	0.200	0.499
FGF22	KITLG	9606.ENSP00000215530	9606.ENSP00000495951	0	0	0	0	0	0	0	0.508	0.508
FGF22	VEGFD	9606.ENSP00000215530	9606.ENSP00000297904	0	0	0	0	0.058	0	0	0.511	0.519
FGF22	FGF6	9606.ENSP00000215530	9606.ENSP00000228837	0	0	0.111	0.766	0.114	0	0.400	0.114	0.526
FGF22	PIK3CA	9606.ENSP00000215530	9606.ENSP00000263967	0	0	0	0	0	0	0.400	0.284	0.552
FGF22	VEGFC	9606.ENSP00000215530	9606.ENSP00000480043	0	0	0	0	0.058	0	0	0.548	0.556
FGF22	SOS1	9606.ENSP00000215530	9606.ENSP00000384675	0	0	0	0	0	0	0.400	0.293	0.557
FGF22	MAPK1	9606.ENSP00000215530	9606.ENSP00000215832	0	0	0	0	0.055	0	0.400	0.309	0.573
FGF22	SHC1	9606.ENSP00000215530	9606.ENSP00000401303	0	0	0	0	0.049	0	0.400	0.312	0.573
FGF22	TGFA	9606.ENSP00000215530	9606.ENSP00000404131	0	0	0	0	0.051	0	0	0.588	0.593
FGF22	NRAS	9606.ENSP00000215530	9606.ENSP00000358548	0	0	0	0	0.055	0.045	0.500	0.241	0.612
FGF22	PLCG1	9606.ENSP00000215530	9606.ENSP00000244007	0	0	0	0	0	0	0.500	0.267	0.617
FGF22	PGF	9606.ENSP00000215530	9606.ENSP00000451040	0	0	0	0	0	0	0	0.620	0.620
FGF22	FGF8	9606.ENSP00000215530	9606.ENSP00000321797	0	0	0	0	0.070	0	0.400	0.377	0.622
FGF22	PTPN11	9606.ENSP00000215530	9606.ENSP00000489597	0	0	0	0	0.055	0.070	0.400	0.374	0.626
FGF22	IGF2	9606.ENSP00000215530	9606.ENSP00000391826	0	0	0	0	0	0	0	0.628	0.628
FGF22	HRAS	9606.ENSP00000215530	9606.ENSP00000407586	0	0	0	0	0.055	0.045	0.500	0.275	0.629
FGF22	PDGFB	9606.ENSP00000215530	9606.ENSP00000330382	0	0	0	0	0.103	0	0	0.643	0.666
FGF22	KRAS	9606.ENSP00000215530	9606.ENSP00000256078	0	0	0	0	0.055	0.045	0.500	0.384	0.685
FGF22	NGF	9606.ENSP00000215530	9606.ENSP00000358525	0	0	0	0	0	0	0	0.702	0.702
FGF22	FGF3	9606.ENSP00000215530	9606.ENSP00000334122	0	0	0.063	0.859	0.054	0	0.400	0.523	0.712
FGF22	MAPK3	9606.ENSP00000215530	9606.ENSP00000263025	0	0	0	0	0.055	0	0.400	0.548	0.721
FGF22	GRB2	9606.ENSP00000215530	9606.ENSP00000376345	0	0	0	0	0	0	0.400	0.616	0.759
FGF22	NTRK2	9606.ENSP00000215530	9606.ENSP00000277120	0	0	0	0	0	0	0.650	0.348	0.762
FGF22	IGF1	9606.ENSP00000215530	9606.ENSP00000376637	0	0	0	0	0	0	0	0.782	0.782
FGF22	FLT3	9606.ENSP00000215530	9606.ENSP00000241453	0	0	0	0	0.106	0.168	0.650	0.336	0.804
FGF22	INSR	9606.ENSP00000215530	9606.ENSP00000303830	0	0	0	0	0	0	0.650	0.491	0.814
FGF22	INS	9606.ENSP00000215530	9606.ENSP00000380432	0	0	0	0	0.101	0	0	0.819	0.831
FGF22	KIT	9606.ENSP00000215530	9606.ENSP00000288135	0	0	0	0	0	0.168	0.650	0.521	0.848
FGF22	TEK	9606.ENSP00000215530	9606.ENSP00000369375	0	0	0	0	0	0.168	0.650	0.521	0.848
FGF22	IGF1R	9606.ENSP00000215530	9606.ENSP00000497069	0	0	0	0	0	0	0.650	0.600	0.854
FGF22	PDGFRA	9606.ENSP00000215530	9606.ENSP00000257290	0	0	0	0	0.103	0.168	0.650	0.521	0.858
FGF22	MET	9606.ENSP00000215530	9606.ENSP00000317272	0	0	0	0	0.067	0	0.650	0.622	0.865
FGF22	FLT1	9606.ENSP00000215530	9606.ENSP00000282397	0	0	0	0	0.086	0.168	0.650	0.593	0.877
FGF22	HGF	9606.ENSP00000215530	9606.ENSP00000222390	0	0	0	0	0	0	0	0.880	0.880
FGF22	NTRK1	9606.ENSP00000215530	9606.ENSP00000431418	0	0	0	0	0	0	0.650	0.692	0.887
FGF22	PDGFRB	9606.ENSP00000215530	9606.ENSP00000261799	0	0	0	0	0.067	0.168	0.650	0.658	0.894
FGF22	FGF23	9606.ENSP00000215530	9606.ENSP00000237837	0	0	0	0	0.115	0	0.400	0.848	0.912
FGF22	FLT4	9606.ENSP00000215530	9606.ENSP00000261937	0	0	0	0	0.118	0.168	0.650	0.709	0.915
FGF22	KDR	9606.ENSP00000215530	9606.ENSP00000263923	0	0	0	0	0.086	0.168	0.650	0.769	0.930
FGF22	FGFR3	9606.ENSP00000215530	9606.ENSP00000339824	0	0	0	0	0	0.296	0.650	0.875	0.966
FGF22	FGFR4	9606.ENSP00000215530	9606.ENSP00000292408	0	0	0	0	0	0.296	0.650	0.970	0.992
FGF22	FGFR2	9606.ENSP00000215530	9606.ENSP00000410294	0	0	0	0	0	0.296	0.900	0.989	0.999
FGF22	FGFR1	9606.ENSP00000215530	9606.ENSP00000393312	0	0	0	0	0.044	0.296	0.900	0.995	0.999
FGF23	FGF4	9606.ENSP00000237837	9606.ENSP00000168712	0	0	0	0.642	0.100	0	0.400	0.608	0.770
FGF23	NGFR	9606.ENSP00000237837	9606.ENSP00000172229	0	0	0	0	0.056	0	0.650	0	0.655
FGF23	MAPK1	9606.ENSP00000237837	9606.ENSP00000215832	0	0	0	0	0.045	0	0.400	0.075	0.424
FGF23	PIK3R2	9606.ENSP00000237837	9606.ENSP00000222254	0	0	0	0	0.045	0	0.400	0	0.402
FGF23	HGF	9606.ENSP00000237837	9606.ENSP00000222390	0	0	0	0	0	0	0	0.465	0.465
FGF23	FGF6	9606.ENSP00000237837	9606.ENSP00000228837	0	0	0	0.639	0.139	0	0.400	0.591	0.770
FGF23	PIK3CB	9606.ENSP00000237837	9606.ENSP00000501150	0	0	0	0	0	0	0.400	0	0.400
FGF23	PIK3R1	9606.ENSP00000237837	9606.ENSP00000428056	0	0	0	0	0	0	0.400	0	0.400
FGF23	GRIN2B	9606.ENSP00000237837	9606.ENSP00000477455	0	0	0	0	0.067	0	0	0.385	0.401
FGF23	GAB1	9606.ENSP00000237837	9606.ENSP00000262995	0	0	0	0	0	0	0.400	0.059	0.411
FGF23	SHC1	9606.ENSP00000237837	9606.ENSP00000401303	0	0	0	0	0	0	0.400	0.081	0.425
FGF23	PIK3CA	9606.ENSP00000237837	9606.ENSP00000263967	0	0	0	0	0	0	0.400	0.105	0.440
FGF23	SOS1	9606.ENSP00000237837	9606.ENSP00000384675	0	0	0	0	0	0	0.400	0.117	0.447
FGF23	PTPN11	9606.ENSP00000237837	9606.ENSP00000489597	0	0	0	0	0.055	0.059	0.400	0.087	0.447
FGF23	GRB2	9606.ENSP00000237837	9606.ENSP00000376345	0	0	0	0	0	0	0.400	0.246	0.528
FGF23	IGF1	9606.ENSP00000237837	9606.ENSP00000376637	0	0	0	0	0	0	0	0.528	0.528
FGF23	PLCG1	9606.ENSP00000237837	9606.ENSP00000244007	0	0	0	0	0	0	0.500	0.099	0.530
FGF23	NRAS	9606.ENSP00000237837	9606.ENSP00000358548	0	0	0	0	0.067	0.045	0.500	0.155	0.573
FGF23	KRAS	9606.ENSP00000237837	9606.ENSP00000256078	0	0	0	0	0.067	0.045	0.500	0.162	0.576
FGF23	HRAS	9606.ENSP00000237837	9606.ENSP00000407586	0	0	0	0	0.067	0.045	0.500	0.167	0.579
FGF23	MAPK3	9606.ENSP00000237837	9606.ENSP00000263025	0	0	0	0	0.045	0	0.400	0.374	0.610
FGF23	INS	9606.ENSP00000237837	9606.ENSP00000380432	0	0	0	0	0.095	0	0	0.626	0.648
FGF23	INSR	9606.ENSP00000237837	9606.ENSP00000303830	0	0	0	0	0	0	0.650	0.114	0.676
FGF23	NTRK2	9606.ENSP00000237837	9606.ENSP00000277120	0	0	0	0	0	0	0.650	0.121	0.679
FGF23	MET	9606.ENSP00000237837	9606.ENSP00000317272	0	0	0	0	0.067	0	0.650	0.119	0.687
FGF23	NTRK1	9606.ENSP00000237837	9606.ENSP00000431418	0	0	0	0	0.048	0	0.650	0.144	0.689
FGF23	IGF1R	9606.ENSP00000237837	9606.ENSP00000497069	0	0	0	0	0	0	0.650	0.203	0.709
FGF23	FGF5	9606.ENSP00000237837	9606.ENSP00000311697	0	0	0	0.632	0.053	0	0.400	0.557	0.726
FGF23	FGF3	9606.ENSP00000237837	9606.ENSP00000334122	0	0	0	0.661	0.050	0	0.400	0.563	0.729
FGF23	TEK	9606.ENSP00000237837	9606.ENSP00000369375	0	0	0	0	0.042	0.168	0.650	0.163	0.735
FGF23	PDGFRB	9606.ENSP00000237837	9606.ENSP00000261799	0	0	0	0	0.069	0.168	0.650	0.166	0.743
FGF23	KIT	9606.ENSP00000237837	9606.ENSP00000288135	0	0	0	0	0	0.168	0.650	0.193	0.744
FGF23	FLT4	9606.ENSP00000237837	9606.ENSP00000261937	0	0	0	0	0.093	0.168	0.650	0.182	0.755
FGF23	FLT3	9606.ENSP00000237837	9606.ENSP00000241453	0	0	0	0	0.110	0.168	0.650	0.178	0.758
FGF23	KDR	9606.ENSP00000237837	9606.ENSP00000263923	0	0	0	0	0.086	0.168	0.650	0.217	0.763
FGF23	FGF7	9606.ENSP00000237837	9606.ENSP00000267843	0	0	0	0.647	0.062	0	0.400	0.616	0.765
FGF23	FLT1	9606.ENSP00000237837	9606.ENSP00000282397	0	0	0	0	0.086	0.168	0.650	0.226	0.766
FGF23	PDGFRA	9606.ENSP00000237837	9606.ENSP00000257290	0	0	0	0	0.110	0.168	0.650	0.263	0.783
FGF23	FGF9	9606.ENSP00000237837	9606.ENSP00000371790	0	0	0	0	0.087	0	0.400	0.863	0.918
FGF23	FGF8	9606.ENSP00000237837	9606.ENSP00000321797	0	0	0	0	0.083	0	0.400	0.893	0.935
FGF23	FGFR3	9606.ENSP00000237837	9606.ENSP00000339824	0	0	0	0	0	0.168	0.650	0.937	0.980
FGF23	FGFR2	9606.ENSP00000237837	9606.ENSP00000410294	0	0	0	0	0	0.479	0.900	0.767	0.986
FGF23	FGFR4	9606.ENSP00000237837	9606.ENSP00000292408	0	0	0	0	0	0.168	0.650	0.985	0.995
FGF23	FGFR1	9606.ENSP00000237837	9606.ENSP00000393312	0	0	0	0	0	0.979	0.900	0.997	0.999
FGF3	FGF4	9606.ENSP00000334122	9606.ENSP00000168712	0	0	0.119	0.749	0.085	0	0.400	0.283	0.607
FGF3	NGFR	9606.ENSP00000334122	9606.ENSP00000172229	0	0	0	0	0.044	0	0.650	0.348	0.762
FGF3	MAPK1	9606.ENSP00000334122	9606.ENSP00000215832	0	0	0	0	0.045	0	0.400	0.305	0.567
FGF3	PIK3R2	9606.ENSP00000334122	9606.ENSP00000222254	0	0	0	0	0	0	0.400	0.167	0.478
FGF3	HGF	9606.ENSP00000334122	9606.ENSP00000222390	0	0	0	0	0	0	0	0.870	0.870
FGF3	NFKB1	9606.ENSP00000334122	9606.ENSP00000226574	0	0	0	0	0	0	0	0.418	0.418
FGF3	FGF6	9606.ENSP00000334122	9606.ENSP00000228837	0	0	0.083	0.776	0.044	0	0.400	0.170	0.505
FGF3	FLT3	9606.ENSP00000334122	9606.ENSP00000241453	0	0	0	0	0	0.168	0.650	0.357	0.796
FGF3	PLCG1	9606.ENSP00000334122	9606.ENSP00000244007	0	0	0	0	0	0	0.500	0.251	0.609
FGF3	KRAS	9606.ENSP00000334122	9606.ENSP00000256078	0	0	0	0	0.046	0.045	0.500	0.425	0.703
FGF3	PDGFRA	9606.ENSP00000334122	9606.ENSP00000257290	0	0	0	0	0	0.168	0.650	0.546	0.856
FGF3	PDGFRB	9606.ENSP00000334122	9606.ENSP00000261799	0	0	0	0	0	0.168	0.650	0.658	0.891
FGF3	FLT4	9606.ENSP00000334122	9606.ENSP00000261937	0	0	0	0	0.062	0.168	0.650	0.709	0.910
FGF3	GAB1	9606.ENSP00000334122	9606.ENSP00000262995	0	0	0	0	0	0	0.400	0.200	0.499
FGF3	MAPK3	9606.ENSP00000334122	9606.ENSP00000263025	0	0	0	0	0.046	0	0.400	0.547	0.718
FGF3	KDR	9606.ENSP00000334122	9606.ENSP00000263923	0	0	0	0	0	0.168	0.650	0.770	0.927
FGF3	PIK3CA	9606.ENSP00000334122	9606.ENSP00000263967	0	0	0	0	0	0	0.400	0.400	0.624
FGF3	FGF7	9606.ENSP00000334122	9606.ENSP00000267843	0	0	0	0.806	0	0	0.400	0.430	0.643
FGF3	NTRK2	9606.ENSP00000334122	9606.ENSP00000277120	0	0	0	0	0.106	0	0.650	0.349	0.778
FGF3	FLT1	9606.ENSP00000334122	9606.ENSP00000282397	0	0	0	0	0	0.168	0.650	0.594	0.871
FGF3	KIT	9606.ENSP00000334122	9606.ENSP00000288135	0	0	0	0	0	0.168	0.650	0.538	0.853
FGF3	FGFR4	9606.ENSP00000334122	9606.ENSP00000292408	0	0	0	0	0.054	0.168	0.650	0.982	0.994
FGF3	VEGFD	9606.ENSP00000334122	9606.ENSP00000297904	0	0	0	0	0.058	0	0	0.666	0.671
FGF3	INSR	9606.ENSP00000334122	9606.ENSP00000303830	0	0	0	0	0	0	0.650	0.484	0.811
FGF3	VEGFB	9606.ENSP00000334122	9606.ENSP00000311127	0	0	0	0	0	0	0	0.431	0.431
FGF3	FGF5	9606.ENSP00000334122	9606.ENSP00000311697	0	0	0	0.794	0	0	0.400	0.434	0.646
FGF3	MET	9606.ENSP00000334122	9606.ENSP00000317272	0	0	0	0	0.067	0	0.650	0.620	0.865
FGF3	FGF8	9606.ENSP00000334122	9606.ENSP00000321797	0	0	0	0.624	0.136	0	0.400	0.515	0.727
FGF3	PDGFB	9606.ENSP00000334122	9606.ENSP00000330382	0	0	0	0	0.067	0	0	0.643	0.653
FGF3	RHOA	9606.ENSP00000334122	9606.ENSP00000400175	0	0	0	0	0	0.045	0	0.422	0.425
FGF3	GRIN2B	9606.ENSP00000334122	9606.ENSP00000477455	0	0	0	0	0.086	0	0	0.401	0.429
FGF3	PIK3CB	9606.ENSP00000334122	9606.ENSP00000501150	0	0	0	0	0	0	0.400	0.167	0.478
FGF3	NTF3	9606.ENSP00000334122	9606.ENSP00000397297	0	0	0	0	0.062	0	0	0.497	0.508
FGF3	KITLG	9606.ENSP00000334122	9606.ENSP00000495951	0	0	0	0	0	0	0	0.515	0.515
FGF3	PIK3R1	9606.ENSP00000334122	9606.ENSP00000428056	0	0	0	0	0	0	0.400	0.230	0.518
FGF3	SOS1	9606.ENSP00000334122	9606.ENSP00000384675	0	0	0	0	0	0	0.400	0.274	0.546
FGF3	SHC1	9606.ENSP00000334122	9606.ENSP00000401303	0	0	0	0	0	0	0.400	0.299	0.561
FGF3	TGFA	9606.ENSP00000334122	9606.ENSP00000404131	0	0	0	0	0	0	0	0.583	0.583
FGF3	PGF	9606.ENSP00000334122	9606.ENSP00000451040	0	0	0	0	0.049	0	0	0.604	0.607
FGF3	PTPN11	9606.ENSP00000334122	9606.ENSP00000489597	0	0	0	0	0.055	0.059	0.400	0.370	0.618
FGF3	IGF2	9606.ENSP00000334122	9606.ENSP00000391826	0	0	0	0	0.049	0	0	0.628	0.631
FGF3	PDGFA	9606.ENSP00000334122	9606.ENSP00000346508	0	0	0	0	0	0	0	0.631	0.631
FGF3	NRAS	9606.ENSP00000334122	9606.ENSP00000358548	0	0	0	0	0.046	0.045	0.500	0.296	0.636
FGF3	HRAS	9606.ENSP00000334122	9606.ENSP00000407586	0	0	0	0	0.046	0.045	0.500	0.319	0.649
FGF3	FGF9	9606.ENSP00000334122	9606.ENSP00000371790	0	0	0.066	0.844	0.067	0	0.400	0.432	0.663
FGF3	NGF	9606.ENSP00000334122	9606.ENSP00000358525	0	0	0	0	0	0	0	0.677	0.677
FGF3	VEGFC	9606.ENSP00000334122	9606.ENSP00000480043	0	0	0	0	0.058	0	0	0.703	0.708
FGF3	GRB2	9606.ENSP00000334122	9606.ENSP00000376345	0	0	0	0	0	0	0.400	0.593	0.745
FGF3	IGF1	9606.ENSP00000334122	9606.ENSP00000376637	0	0	0	0	0	0	0	0.763	0.763
FGF3	INS	9606.ENSP00000334122	9606.ENSP00000380432	0	0	0	0	0.099	0	0	0.813	0.825
FGF3	TEK	9606.ENSP00000334122	9606.ENSP00000369375	0	0	0	0	0	0.168	0.650	0.521	0.848
FGF3	IGF1R	9606.ENSP00000334122	9606.ENSP00000497069	0	0	0	0	0	0	0.650	0.587	0.849
FGF3	NTRK1	9606.ENSP00000334122	9606.ENSP00000431418	0	0	0	0	0.042	0	0.650	0.692	0.887
FGF3	FGFR3	9606.ENSP00000334122	9606.ENSP00000339824	0	0	0	0	0	0.168	0.650	0.931	0.978
FGF3	FGFR1	9606.ENSP00000334122	9606.ENSP00000393312	0	0	0	0	0.042	0.168	0.900	0.997	0.999
FGF3	FGFR2	9606.ENSP00000334122	9606.ENSP00000410294	0	0	0	0	0.067	0.447	0.900	0.986	0.999
FGF4	MAP2K1	9606.ENSP00000168712	9606.ENSP00000302486	0	0	0	0	0	0	0	0.415	0.415
FGF4	NFKB1	9606.ENSP00000168712	9606.ENSP00000226574	0	0	0	0	0	0	0	0.419	0.418
FGF4	RHOA	9606.ENSP00000168712	9606.ENSP00000400175	0	0	0	0	0	0.045	0	0.424	0.427
FGF4	VEGFB	9606.ENSP00000168712	9606.ENSP00000311127	0	0	0	0	0	0	0	0.433	0.433
FGF4	PDGFA	9606.ENSP00000168712	9606.ENSP00000346508	0	0	0	0	0	0	0	0.444	0.444
FGF4	PIK3CB	9606.ENSP00000168712	9606.ENSP00000501150	0	0	0	0	0	0	0.400	0.151	0.468
FGF4	FGF6	9606.ENSP00000168712	9606.ENSP00000228837	0	0	0.070	0.932	0.126	0	0.400	0.060	0.480
FGF4	PIK3R2	9606.ENSP00000168712	9606.ENSP00000222254	0	0	0	0	0	0	0.400	0.175	0.483
FGF4	NTF3	9606.ENSP00000168712	9606.ENSP00000397297	0	0	0	0	0	0	0	0.485	0.485
FGF4	GAB1	9606.ENSP00000168712	9606.ENSP00000262995	0	0	0	0	0	0	0.400	0.199	0.498
FGF4	PIK3R1	9606.ENSP00000168712	9606.ENSP00000428056	0	0	0	0	0	0	0.400	0.206	0.503
FGF4	KITLG	9606.ENSP00000168712	9606.ENSP00000495951	0	0	0	0	0	0	0	0.515	0.515
FGF4	VEGFD	9606.ENSP00000168712	9606.ENSP00000297904	0	0	0	0	0.058	0	0	0.512	0.520
FGF4	FGF5	9606.ENSP00000168712	9606.ENSP00000311697	0	0	0	0.827	0	0	0.400	0.254	0.533
FGF4	FGF7	9606.ENSP00000168712	9606.ENSP00000267843	0	0	0.092	0.756	0.056	0	0.400	0.198	0.533
FGF4	SOS1	9606.ENSP00000168712	9606.ENSP00000384675	0	0	0	0	0	0	0.400	0.286	0.553
FGF4	FGF9	9606.ENSP00000168712	9606.ENSP00000371790	0	0	0.102	0.796	0.086	0	0.400	0.215	0.562
FGF4	SHC1	9606.ENSP00000168712	9606.ENSP00000401303	0	0	0	0	0	0	0.400	0.305	0.565
FGF4	MAPK1	9606.ENSP00000168712	9606.ENSP00000215832	0	0	0	0	0.045	0	0.400	0.315	0.573
FGF4	VEGFC	9606.ENSP00000168712	9606.ENSP00000480043	0	0	0	0	0.058	0	0	0.566	0.574
FGF4	TGFA	9606.ENSP00000168712	9606.ENSP00000404131	0	0	0	0	0	0	0	0.588	0.588
FGF4	PIK3CA	9606.ENSP00000168712	9606.ENSP00000263967	0	0	0	0	0	0	0.400	0.370	0.605
FGF4	PLCG1	9606.ENSP00000168712	9606.ENSP00000244007	0	0	0	0	0	0	0.500	0.243	0.605
FGF4	PGF	9606.ENSP00000168712	9606.ENSP00000451040	0	0	0	0	0	0	0	0.611	0.611
FGF4	PTPN11	9606.ENSP00000168712	9606.ENSP00000489597	0	0	0	0	0.055	0.059	0.400	0.370	0.618
FGF4	NRAS	9606.ENSP00000168712	9606.ENSP00000358548	0	0	0	0	0.086	0.045	0.500	0.280	0.644
FGF4	IGF2	9606.ENSP00000168712	9606.ENSP00000391826	0	0	0	0	0.066	0	0	0.645	0.654
FGF4	PDGFB	9606.ENSP00000168712	9606.ENSP00000330382	0	0	0	0	0.067	0	0	0.644	0.654
FGF4	HRAS	9606.ENSP00000168712	9606.ENSP00000407586	0	0	0	0	0.086	0.045	0.500	0.306	0.656
FGF4	NGF	9606.ENSP00000168712	9606.ENSP00000358525	0	0	0	0	0	0	0	0.677	0.677
FGF4	FGF8	9606.ENSP00000168712	9606.ENSP00000321797	0	0	0.109	0.673	0.072	0	0.400	0.433	0.681
FGF4	KRAS	9606.ENSP00000168712	9606.ENSP00000256078	0	0	0	0	0.086	0.045	0.500	0.408	0.707
FGF4	MAPK3	9606.ENSP00000168712	9606.ENSP00000263025	0	0	0	0	0.045	0	0.400	0.574	0.734
FGF4	NTRK2	9606.ENSP00000168712	9606.ENSP00000277120	0	0	0	0	0	0	0.650	0.328	0.754
FGF4	GRB2	9606.ENSP00000168712	9606.ENSP00000376345	0	0	0	0	0	0	0.400	0.609	0.755
FGF4	NGFR	9606.ENSP00000168712	9606.ENSP00000172229	0	0	0	0	0	0	0.650	0.348	0.762
FGF4	IGF1	9606.ENSP00000168712	9606.ENSP00000376637	0	0	0	0	0	0	0	0.788	0.788
FGF4	FLT3	9606.ENSP00000168712	9606.ENSP00000241453	0	0	0	0	0.092	0.168	0.650	0.343	0.803
FGF4	INSR	9606.ENSP00000168712	9606.ENSP00000303830	0	0	0	0	0	0	0.650	0.482	0.810
FGF4	INS	9606.ENSP00000168712	9606.ENSP00000380432	0	0	0	0	0.074	0	0	0.814	0.821
FGF4	TEK	9606.ENSP00000168712	9606.ENSP00000369375	0	0	0	0	0	0.168	0.650	0.527	0.850
FGF4	IGF1R	9606.ENSP00000168712	9606.ENSP00000497069	0	0	0	0	0	0	0.650	0.599	0.853
FGF4	KIT	9606.ENSP00000168712	9606.ENSP00000288135	0	0	0	0	0	0.168	0.650	0.554	0.858
FGF4	MET	9606.ENSP00000168712	9606.ENSP00000317272	0	0	0	0	0.067	0	0.650	0.619	0.864
FGF4	FLT1	9606.ENSP00000168712	9606.ENSP00000282397	0	0	0	0	0.065	0.168	0.650	0.594	0.874
FGF4	PDGFRA	9606.ENSP00000168712	9606.ENSP00000257290	0	0	0	0	0.086	0.168	0.650	0.592	0.877
FGF4	HGF	9606.ENSP00000168712	9606.ENSP00000222390	0	0	0	0	0	0	0	0.883	0.883
FGF4	NTRK1	9606.ENSP00000168712	9606.ENSP00000431418	0	0	0	0	0	0	0.650	0.691	0.887
FGF4	PDGFRB	9606.ENSP00000168712	9606.ENSP00000261799	0	0	0	0	0.058	0.168	0.650	0.657	0.893
FGF4	FLT4	9606.ENSP00000168712	9606.ENSP00000261937	0	0	0	0	0.070	0.168	0.650	0.709	0.910
FGF4	KDR	9606.ENSP00000168712	9606.ENSP00000263923	0	0	0	0	0.067	0.168	0.650	0.781	0.932
FGF4	FGFR3	9606.ENSP00000168712	9606.ENSP00000339824	0	0	0	0	0	0.385	0.650	0.868	0.969
FGF4	FGFR4	9606.ENSP00000168712	9606.ENSP00000292408	0	0	0	0	0.080	0.168	0.650	0.992	0.997
FGF4	FGFR1	9606.ENSP00000168712	9606.ENSP00000393312	0	0	0	0	0	0.652	0.900	0.998	0.999
FGF4	FGFR2	9606.ENSP00000168712	9606.ENSP00000410294	0	0	0	0	0	0.483	0.900	0.995	0.999
FGF5	NGFR	9606.ENSP00000311697	9606.ENSP00000172229	0	0	0	0	0	0	0.650	0.348	0.762
FGF5	MAPK1	9606.ENSP00000311697	9606.ENSP00000215832	0	0	0	0	0.045	0.387	0.400	0.304	0.722
FGF5	PIK3R2	9606.ENSP00000311697	9606.ENSP00000222254	0	0	0	0	0	0	0.400	0.167	0.478
FGF5	HGF	9606.ENSP00000311697	9606.ENSP00000222390	0	0	0	0	0.050	0	0	0.874	0.876
FGF5	NFKB1	9606.ENSP00000311697	9606.ENSP00000226574	0	0	0	0	0	0	0	0.418	0.418
FGF5	FGF6	9606.ENSP00000311697	9606.ENSP00000228837	0	0	0	0.844	0.055	0	0.400	0.405	0.633
FGF5	FLT3	9606.ENSP00000311697	9606.ENSP00000241453	0	0	0	0	0	0.168	0.650	0.334	0.789
FGF5	PLCG1	9606.ENSP00000311697	9606.ENSP00000244007	0	0	0	0	0	0	0.500	0.236	0.602
FGF5	KRAS	9606.ENSP00000311697	9606.ENSP00000256078	0	0	0	0	0.046	0.045	0.500	0.385	0.682
FGF5	PDGFRA	9606.ENSP00000311697	9606.ENSP00000257290	0	0	0	0	0.042	0.168	0.650	0.699	0.904
FGF5	PDGFRB	9606.ENSP00000311697	9606.ENSP00000261799	0	0	0	0	0	0.168	0.650	0.657	0.891
FGF5	FLT4	9606.ENSP00000311697	9606.ENSP00000261937	0	0	0	0	0	0.168	0.650	0.709	0.908
FGF5	GAB1	9606.ENSP00000311697	9606.ENSP00000262995	0	0	0	0	0	0	0.400	0.200	0.499
FGF5	MAPK3	9606.ENSP00000311697	9606.ENSP00000263025	0	0	0	0	0.045	0	0.400	0.573	0.734
FGF5	KDR	9606.ENSP00000311697	9606.ENSP00000263923	0	0	0	0	0	0.168	0.650	0.771	0.927
FGF5	PIK3CA	9606.ENSP00000311697	9606.ENSP00000263967	0	0	0	0	0	0	0.400	0.286	0.553
FGF5	FGF7	9606.ENSP00000311697	9606.ENSP00000267843	0	0	0	0.777	0.049	0	0.400	0.403	0.630
FGF5	NTRK2	9606.ENSP00000311697	9606.ENSP00000277120	0	0	0	0	0	0	0.650	0.326	0.754
FGF5	FLT1	9606.ENSP00000311697	9606.ENSP00000282397	0	0	0	0	0	0.168	0.650	0.593	0.871
FGF5	KIT	9606.ENSP00000311697	9606.ENSP00000288135	0	0	0	0	0	0.168	0.650	0.528	0.850
FGF5	FGFR4	9606.ENSP00000311697	9606.ENSP00000292408	0	0	0	0	0	0.481	0.650	0.985	0.997
FGF5	VEGFD	9606.ENSP00000311697	9606.ENSP00000297904	0	0	0	0	0.058	0	0	0.677	0.682
FGF5	INSR	9606.ENSP00000311697	9606.ENSP00000303830	0	0	0	0	0	0	0.650	0.484	0.811
FGF5	VEGFB	9606.ENSP00000311697	9606.ENSP00000311127	0	0	0	0	0	0	0	0.431	0.431
FGF5	FGF9	9606.ENSP00000311697	9606.ENSP00000371790	0	0	0	0.828	0	0	0.400	0.078	0.423
FGF5	SHOC2	9606.ENSP00000311697	9606.ENSP00000358464	0	0	0	0	0	0	0	0.427	0.427
FGF5	RHOA	9606.ENSP00000311697	9606.ENSP00000400175	0	0	0	0	0	0.045	0	0.425	0.428
FGF5	PIK3CB	9606.ENSP00000311697	9606.ENSP00000501150	0	0	0	0	0	0	0.400	0.129	0.455
FGF5	NTF3	9606.ENSP00000311697	9606.ENSP00000397297	0	0	0	0	0.049	0	0	0.488	0.492
FGF5	PIK3R1	9606.ENSP00000311697	9606.ENSP00000428056	0	0	0	0	0	0	0.400	0.202	0.500
FGF5	KITLG	9606.ENSP00000311697	9606.ENSP00000495951	0	0	0	0	0.049	0	0	0.515	0.519
FGF5	SOS1	9606.ENSP00000311697	9606.ENSP00000384675	0	0	0	0	0	0	0.400	0.281	0.550
FGF5	SHC1	9606.ENSP00000311697	9606.ENSP00000401303	0	0	0	0	0	0	0.400	0.299	0.561
FGF5	TGFA	9606.ENSP00000311697	9606.ENSP00000404131	0	0	0	0	0	0	0	0.588	0.588
FGF5	PGF	9606.ENSP00000311697	9606.ENSP00000451040	0	0	0	0	0	0	0	0.608	0.608
FGF5	FGF8	9606.ENSP00000311697	9606.ENSP00000321797	0	0	0	0.608	0.117	0	0.400	0.320	0.608
FGF5	PTPN11	9606.ENSP00000311697	9606.ENSP00000489597	0	0	0	0	0.055	0.059	0.400	0.357	0.611
FGF5	NRAS	9606.ENSP00000311697	9606.ENSP00000358548	0	0	0	0	0.046	0.045	0.500	0.246	0.611
FGF5	HRAS	9606.ENSP00000311697	9606.ENSP00000407586	0	0	0	0	0.046	0.045	0.500	0.278	0.627
FGF5	IGF2	9606.ENSP00000311697	9606.ENSP00000391826	0	0	0	0	0	0	0	0.629	0.629
FGF5	PDGFA	9606.ENSP00000311697	9606.ENSP00000346508	0	0	0	0	0	0	0	0.643	0.643
FGF5	PDGFB	9606.ENSP00000311697	9606.ENSP00000330382	0	0	0	0	0.067	0	0	0.644	0.653
FGF5	NGF	9606.ENSP00000311697	9606.ENSP00000358525	0	0	0	0	0.085	0	0	0.694	0.708
FGF5	VEGFC	9606.ENSP00000311697	9606.ENSP00000480043	0	0	0	0	0.084	0	0	0.703	0.717
FGF5	GRB2	9606.ENSP00000311697	9606.ENSP00000376345	0	0	0	0	0	0	0.400	0.592	0.745
FGF5	IGF1	9606.ENSP00000311697	9606.ENSP00000376637	0	0	0	0	0	0	0	0.788	0.788
FGF5	INS	9606.ENSP00000311697	9606.ENSP00000380432	0	0	0	0	0.074	0	0	0.815	0.821
FGF5	TEK	9606.ENSP00000311697	9606.ENSP00000369375	0	0	0	0	0	0.168	0.650	0.521	0.848
FGF5	IGF1R	9606.ENSP00000311697	9606.ENSP00000497069	0	0	0	0	0	0	0.650	0.589	0.850
FGF5	MET	9606.ENSP00000311697	9606.ENSP00000317272	0	0	0	0	0.069	0	0.650	0.621	0.865
FGF5	NTRK1	9606.ENSP00000311697	9606.ENSP00000431418	0	0	0	0	0	0	0.650	0.691	0.887
FGF5	FGFR3	9606.ENSP00000311697	9606.ENSP00000339824	0	0	0	0	0	0.385	0.650	0.878	0.971
FGF5	FGFR2	9606.ENSP00000311697	9606.ENSP00000410294	0	0	0	0	0	0.487	0.900	0.977	0.998
FGF5	FGFR1	9606.ENSP00000311697	9606.ENSP00000393312	0	0	0	0	0.044	0.381	0.900	0.997	0.999
FGF6	NGFR	9606.ENSP00000228837	9606.ENSP00000172229	0	0	0	0	0.042	0	0.650	0.336	0.758
FGF6	MAPK1	9606.ENSP00000228837	9606.ENSP00000215832	0	0	0	0	0.045	0	0.400	0.300	0.563
FGF6	PIK3R2	9606.ENSP00000228837	9606.ENSP00000222254	0	0	0	0	0	0	0.400	0.162	0.475
FGF6	HGF	9606.ENSP00000228837	9606.ENSP00000222390	0	0	0	0	0	0	0	0.876	0.876
FGF6	NFKB1	9606.ENSP00000228837	9606.ENSP00000226574	0	0	0	0	0	0	0	0.418	0.418
FGF6	VEGFB	9606.ENSP00000228837	9606.ENSP00000311127	0	0	0	0	0	0	0	0.419	0.418
FGF6	RHOA	9606.ENSP00000228837	9606.ENSP00000400175	0	0	0	0	0	0.045	0	0.421	0.424
FGF6	PDGFA	9606.ENSP00000228837	9606.ENSP00000346508	0	0	0	0	0	0	0	0.432	0.432
FGF6	PIK3CB	9606.ENSP00000228837	9606.ENSP00000501150	0	0	0	0	0	0	0.400	0.125	0.452
FGF6	PIK3R1	9606.ENSP00000228837	9606.ENSP00000428056	0	0	0	0	0	0	0.400	0.197	0.497
FGF6	FGF7	9606.ENSP00000228837	9606.ENSP00000267843	0	0	0.105	0.767	0.067	0	0.400	0.115	0.497
FGF6	GAB1	9606.ENSP00000228837	9606.ENSP00000262995	0	0	0	0	0	0	0.400	0.203	0.501
FGF6	FGF8	9606.ENSP00000228837	9606.ENSP00000321797	0	0	0.095	0.699	0.061	0	0.400	0.143	0.505
FGF6	KITLG	9606.ENSP00000228837	9606.ENSP00000495951	0	0	0	0	0	0	0	0.514	0.514
FGF6	VEGFD	9606.ENSP00000228837	9606.ENSP00000297904	0	0	0	0	0.058	0	0	0.507	0.515
FGF6	FGF9	9606.ENSP00000228837	9606.ENSP00000371790	0	0	0.117	0.794	0.086	0	0.400	0.117	0.515
FGF6	NTF3	9606.ENSP00000228837	9606.ENSP00000397297	0	0	0	0	0.044	0	0	0.518	0.519
FGF6	SOS1	9606.ENSP00000228837	9606.ENSP00000384675	0	0	0	0	0	0	0.400	0.267	0.542
FGF6	VEGFC	9606.ENSP00000228837	9606.ENSP00000480043	0	0	0	0	0.058	0	0	0.546	0.554
FGF6	PIK3CA	9606.ENSP00000228837	9606.ENSP00000263967	0	0	0	0	0	0	0.400	0.291	0.556
FGF6	SHC1	9606.ENSP00000228837	9606.ENSP00000401303	0	0	0	0	0	0	0.400	0.297	0.560
FGF6	TGFA	9606.ENSP00000228837	9606.ENSP00000404131	0	0	0	0	0	0	0	0.586	0.586
FGF6	PLCG1	9606.ENSP00000228837	9606.ENSP00000244007	0	0	0	0	0	0	0.500	0.240	0.604
FGF6	PTPN11	9606.ENSP00000228837	9606.ENSP00000489597	0	0	0	0	0.055	0.059	0.400	0.358	0.611
FGF6	PGF	9606.ENSP00000228837	9606.ENSP00000451040	0	0	0	0	0	0	0	0.612	0.612
FGF6	NRAS	9606.ENSP00000228837	9606.ENSP00000358548	0	0	0	0	0.059	0.045	0.500	0.240	0.612
FGF6	IGF2	9606.ENSP00000228837	9606.ENSP00000391826	0	0	0	0	0	0	0	0.627	0.627
FGF6	HRAS	9606.ENSP00000228837	9606.ENSP00000407586	0	0	0	0	0.059	0.045	0.500	0.282	0.634
FGF6	PDGFB	9606.ENSP00000228837	9606.ENSP00000330382	0	0	0	0	0.091	0	0	0.643	0.661
FGF6	KRAS	9606.ENSP00000228837	9606.ENSP00000256078	0	0	0	0	0.059	0.045	0.500	0.388	0.688
FGF6	NGF	9606.ENSP00000228837	9606.ENSP00000358525	0	0	0	0	0.043	0	0	0.702	0.703
FGF6	MAPK3	9606.ENSP00000228837	9606.ENSP00000263025	0	0	0	0	0.045	0	0.400	0.547	0.717
FGF6	GRB2	9606.ENSP00000228837	9606.ENSP00000376345	0	0	0	0	0	0	0.400	0.592	0.745
FGF6	NTRK2	9606.ENSP00000228837	9606.ENSP00000277120	0	0	0	0	0	0	0.650	0.330	0.755
FGF6	IGF1	9606.ENSP00000228837	9606.ENSP00000376637	0	0	0	0	0	0	0	0.794	0.794
FGF6	FLT3	9606.ENSP00000228837	9606.ENSP00000241453	0	0	0	0	0.109	0.168	0.650	0.339	0.805
FGF6	INSR	9606.ENSP00000228837	9606.ENSP00000303830	0	0	0	0	0	0	0.650	0.484	0.811
FGF6	INS	9606.ENSP00000228837	9606.ENSP00000380432	0	0	0	0	0.077	0	0	0.816	0.823
FGF6	TEK	9606.ENSP00000228837	9606.ENSP00000369375	0	0	0	0	0	0.168	0.650	0.521	0.848
FGF6	KIT	9606.ENSP00000228837	9606.ENSP00000288135	0	0	0	0	0	0.168	0.650	0.521	0.848
FGF6	IGF1R	9606.ENSP00000228837	9606.ENSP00000497069	0	0	0	0	0	0	0.650	0.589	0.850
FGF6	PDGFRA	9606.ENSP00000228837	9606.ENSP00000257290	0	0	0	0	0.105	0.168	0.650	0.537	0.863
FGF6	MET	9606.ENSP00000228837	9606.ENSP00000317272	0	0	0	0	0.067	0	0.650	0.622	0.865
FGF6	FLT1	9606.ENSP00000228837	9606.ENSP00000282397	0	0	0	0	0.074	0.168	0.650	0.593	0.875
FGF6	NTRK1	9606.ENSP00000228837	9606.ENSP00000431418	0	0	0	0	0.042	0	0.650	0.692	0.887
FGF6	PDGFRB	9606.ENSP00000228837	9606.ENSP00000261799	0	0	0	0	0.067	0.168	0.650	0.658	0.894
FGF6	FLT4	9606.ENSP00000228837	9606.ENSP00000261937	0	0	0	0	0.081	0.168	0.650	0.711	0.912
FGF6	KDR	9606.ENSP00000228837	9606.ENSP00000263923	0	0	0	0	0.074	0.168	0.650	0.770	0.929
FGF6	FGFR3	9606.ENSP00000228837	9606.ENSP00000339824	0	0	0	0	0	0.168	0.650	0.878	0.961
FGF6	FGFR4	9606.ENSP00000228837	9606.ENSP00000292408	0	0	0	0	0	0.168	0.650	0.993	0.997
FGF6	FGFR2	9606.ENSP00000228837	9606.ENSP00000410294	0	0	0	0	0	0.381	0.900	0.967	0.997
FGF6	FGFR1	9606.ENSP00000228837	9606.ENSP00000393312	0	0	0	0	0	0.483	0.900	0.997	0.999
FGF7	NGFR	9606.ENSP00000267843	9606.ENSP00000172229	0	0	0	0	0.042	0	0.650	0.375	0.772
FGF7	MAPK1	9606.ENSP00000267843	9606.ENSP00000215832	0	0	0	0	0.083	0	0.400	0.328	0.598
FGF7	PIK3R2	9606.ENSP00000267843	9606.ENSP00000222254	0	0	0	0	0	0	0.400	0.161	0.475
FGF7	HGF	9606.ENSP00000267843	9606.ENSP00000222390	0	0	0	0	0.080	0	0	0.889	0.894
FGF7	NFKB1	9606.ENSP00000267843	9606.ENSP00000226574	0	0	0	0	0.055	0	0	0.435	0.443
FGF7	FLT3	9606.ENSP00000267843	9606.ENSP00000241453	0	0	0	0	0.057	0.168	0.650	0.351	0.798
FGF7	PLCG1	9606.ENSP00000267843	9606.ENSP00000244007	0	0	0	0	0	0	0.500	0.286	0.627
FGF7	KRAS	9606.ENSP00000267843	9606.ENSP00000256078	0	0	0	0	0.055	0.045	0.500	0.403	0.695
FGF7	PDGFRA	9606.ENSP00000267843	9606.ENSP00000257290	0	0	0	0	0.191	0.168	0.650	0.573	0.886
FGF7	PDGFRB	9606.ENSP00000267843	9606.ENSP00000261799	0	0	0	0	0.121	0.168	0.650	0.669	0.904
FGF7	FLT4	9606.ENSP00000267843	9606.ENSP00000261937	0	0	0	0	0.055	0.168	0.650	0.709	0.909
FGF7	GAB1	9606.ENSP00000267843	9606.ENSP00000262995	0	0	0	0	0.049	0	0.400	0.205	0.506
FGF7	MAPK3	9606.ENSP00000267843	9606.ENSP00000263025	0	0	0	0	0.083	0	0.400	0.579	0.748
FGF7	KDR	9606.ENSP00000267843	9606.ENSP00000263923	0	0	0	0	0.075	0.168	0.650	0.822	0.945
FGF7	PIK3CA	9606.ENSP00000267843	9606.ENSP00000263967	0	0	0	0	0.045	0	0.400	0.296	0.561
FGF7	PDGFC	9606.ENSP00000267843	9606.ENSP00000422464	0	0	0	0	0.049	0	0	0.395	0.400
FGF7	VEGFB	9606.ENSP00000267843	9606.ENSP00000311127	0	0	0	0	0	0	0	0.434	0.434
FGF7	RHOA	9606.ENSP00000267843	9606.ENSP00000400175	0	0	0	0	0	0.045	0	0.458	0.460
FGF7	PIK3CB	9606.ENSP00000267843	9606.ENSP00000501150	0	0	0	0	0	0	0.400	0.145	0.465
FGF7	NTF3	9606.ENSP00000267843	9606.ENSP00000397297	0	0	0	0	0.067	0	0	0.488	0.502
FGF7	FGF8	9606.ENSP00000267843	9606.ENSP00000321797	0	0	0	0.682	0.056	0	0.400	0.191	0.502
FGF7	PDGFA	9606.ENSP00000267843	9606.ENSP00000346508	0	0	0	0	0	0	0	0.503	0.503
FGF7	PIK3R1	9606.ENSP00000267843	9606.ENSP00000428056	0	0	0	0	0.053	0	0.400	0.202	0.506
FGF7	FGF9	9606.ENSP00000267843	9606.ENSP00000371790	0	0	0.113	0.836	0.084	0	0.400	0.146	0.529
FGF7	VEGFD	9606.ENSP00000267843	9606.ENSP00000297904	0	0	0	0	0.082	0	0	0.522	0.543
FGF7	SOS1	9606.ENSP00000267843	9606.ENSP00000384675	0	0	0	0	0	0	0.400	0.325	0.577
FGF7	SHC1	9606.ENSP00000267843	9606.ENSP00000401303	0	0	0	0	0.049	0	0.400	0.328	0.583
FGF7	VEGFC	9606.ENSP00000267843	9606.ENSP00000480043	0	0	0	0	0.078	0	0	0.572	0.588
FGF7	NRAS	9606.ENSP00000267843	9606.ENSP00000358548	0	0	0	0	0.055	0.045	0.500	0.244	0.613
FGF7	PGF	9606.ENSP00000267843	9606.ENSP00000451040	0	0	0	0	0	0	0	0.621	0.621
FGF7	PTPN11	9606.ENSP00000267843	9606.ENSP00000489597	0	0	0	0	0.055	0.070	0.400	0.383	0.631
FGF7	HRAS	9606.ENSP00000267843	9606.ENSP00000407586	0	0	0	0	0.055	0.045	0.500	0.281	0.632
FGF7	TGFA	9606.ENSP00000267843	9606.ENSP00000404131	0	0	0	0	0.051	0	0	0.673	0.676
FGF7	PDGFB	9606.ENSP00000267843	9606.ENSP00000330382	0	0	0	0	0.074	0	0	0.681	0.691
FGF7	IGF2	9606.ENSP00000267843	9606.ENSP00000391826	0	0	0	0	0.044	0	0	0.699	0.700
FGF7	NGF	9606.ENSP00000267843	9606.ENSP00000358525	0	0	0	0	0.062	0	0	0.700	0.706
FGF7	KITLG	9606.ENSP00000267843	9606.ENSP00000495951	0	0	0	0	0.067	0	0	0.728	0.735
FGF7	INS	9606.ENSP00000267843	9606.ENSP00000380432	0	0	0	0	0.074	0	0	0.756	0.764
FGF7	GRB2	9606.ENSP00000267843	9606.ENSP00000376345	0	0	0	0	0	0	0.400	0.625	0.765
FGF7	NTRK2	9606.ENSP00000267843	9606.ENSP00000277120	0	0	0	0	0.080	0	0.650	0.348	0.771
FGF7	INSR	9606.ENSP00000267843	9606.ENSP00000303830	0	0	0	0	0.045	0	0.650	0.508	0.821
FGF7	IGF1	9606.ENSP00000267843	9606.ENSP00000376637	0	0	0	0	0.136	0	0	0.808	0.827
FGF7	TEK	9606.ENSP00000267843	9606.ENSP00000369375	0	0	0	0	0.073	0.168	0.650	0.533	0.857
FGF7	IGF1R	9606.ENSP00000267843	9606.ENSP00000497069	0	0	0	0	0	0	0.650	0.610	0.857
FGF7	NTRK1	9606.ENSP00000267843	9606.ENSP00000431418	0	0	0	0	0	0	0.650	0.706	0.892
FGF7	MET	9606.ENSP00000267843	9606.ENSP00000317272	0	0	0	0	0.067	0	0.650	0.726	0.902
FGF7	KIT	9606.ENSP00000267843	9606.ENSP00000288135	0	0	0	0	0.056	0.168	0.650	0.715	0.911
FGF7	FLT1	9606.ENSP00000267843	9606.ENSP00000282397	0	0	0	0	0.069	0.168	0.650	0.735	0.918
FGF7	FGFR3	9606.ENSP00000267843	9606.ENSP00000339824	0	0	0	0	0	0.480	0.650	0.881	0.976
FGF7	FGFR4	9606.ENSP00000267843	9606.ENSP00000292408	0	0	0	0	0	0.296	0.650	0.983	0.995
FGF7	FGFR2	9606.ENSP00000267843	9606.ENSP00000410294	0	0	0	0	0.047	0.858	0.900	0.997	0.999
FGF7	FGFR1	9606.ENSP00000267843	9606.ENSP00000393312	0	0	0	0	0.053	0.296	0.900	0.997	0.999
FGF8	NGFR	9606.ENSP00000321797	9606.ENSP00000172229	0	0	0	0	0.042	0	0.650	0.355	0.764
FGF8	MAPK1	9606.ENSP00000321797	9606.ENSP00000215832	0	0	0	0	0.045	0	0.400	0.315	0.573
FGF8	PIK3R2	9606.ENSP00000321797	9606.ENSP00000222254	0	0	0	0	0	0	0.400	0.165	0.477
FGF8	HGF	9606.ENSP00000321797	9606.ENSP00000222390	0	0	0	0	0	0	0	0.866	0.866
FGF8	NFKB1	9606.ENSP00000321797	9606.ENSP00000226574	0	0	0	0	0	0	0	0.414	0.414
FGF8	FLT3	9606.ENSP00000321797	9606.ENSP00000241453	0	0	0	0	0	0.168	0.650	0.334	0.789
FGF8	PLCG1	9606.ENSP00000321797	9606.ENSP00000244007	0	0	0	0	0	0	0.500	0.256	0.612
FGF8	KRAS	9606.ENSP00000321797	9606.ENSP00000256078	0	0	0	0	0.046	0.045	0.500	0.384	0.682
FGF8	PDGFRA	9606.ENSP00000321797	9606.ENSP00000257290	0	0	0	0	0.042	0.168	0.650	0.547	0.857
FGF8	PDGFRB	9606.ENSP00000321797	9606.ENSP00000261799	0	0	0	0	0	0.168	0.650	0.647	0.888
FGF8	FLT4	9606.ENSP00000321797	9606.ENSP00000261937	0	0	0	0	0.082	0.168	0.650	0.709	0.912
FGF8	GAB1	9606.ENSP00000321797	9606.ENSP00000262995	0	0	0	0	0	0	0.400	0.194	0.495
FGF8	MAPK3	9606.ENSP00000321797	9606.ENSP00000263025	0	0	0	0	0.045	0	0.400	0.574	0.734
FGF8	KDR	9606.ENSP00000321797	9606.ENSP00000263923	0	0	0	0	0.042	0.168	0.650	0.768	0.926
FGF8	PIK3CA	9606.ENSP00000321797	9606.ENSP00000263967	0	0	0	0	0	0	0.400	0.276	0.547
FGF8	NTRK2	9606.ENSP00000321797	9606.ENSP00000277120	0	0	0	0	0	0	0.650	0.349	0.762
FGF8	FLT1	9606.ENSP00000321797	9606.ENSP00000282397	0	0	0	0	0.043	0.168	0.650	0.592	0.871
FGF8	KIT	9606.ENSP00000321797	9606.ENSP00000288135	0	0	0	0	0	0.168	0.650	0.521	0.848
FGF8	FGFR4	9606.ENSP00000321797	9606.ENSP00000292408	0	0	0	0	0.044	0.409	0.650	0.990	0.997
FGF8	VEGFD	9606.ENSP00000321797	9606.ENSP00000297904	0	0	0	0	0.058	0	0	0.479	0.488
FGF8	INSR	9606.ENSP00000321797	9606.ENSP00000303830	0	0	0	0	0	0	0.650	0.477	0.809
FGF8	VEGFB	9606.ENSP00000321797	9606.ENSP00000311127	0	0	0	0	0	0	0	0.418	0.418
FGF8	MET	9606.ENSP00000321797	9606.ENSP00000317272	0	0	0	0	0.067	0	0.650	0.619	0.864
FGF8	PDGFA	9606.ENSP00000321797	9606.ENSP00000346508	0	0	0	0	0.074	0	0	0.421	0.441
FGF8	RELA	9606.ENSP00000321797	9606.ENSP00000384273	0	0	0	0	0	0.292	0	0.246	0.444
FGF8	RHOA	9606.ENSP00000321797	9606.ENSP00000400175	0	0	0	0	0	0.045	0	0.441	0.444
FGF8	PIK3CB	9606.ENSP00000321797	9606.ENSP00000501150	0	0	0	0	0	0	0.400	0.126	0.453
FGF8	PIK3R1	9606.ENSP00000321797	9606.ENSP00000428056	0	0	0	0	0	0	0.400	0.194	0.495
FGF8	KITLG	9606.ENSP00000321797	9606.ENSP00000495951	0	0	0	0	0	0	0	0.513	0.513
FGF8	NTF3	9606.ENSP00000321797	9606.ENSP00000397297	0	0	0	0	0.048	0	0	0.521	0.525
FGF8	VEGFC	9606.ENSP00000321797	9606.ENSP00000480043	0	0	0	0	0.058	0	0	0.525	0.533
FGF8	SOS1	9606.ENSP00000321797	9606.ENSP00000384675	0	0	0	0	0	0	0.400	0.274	0.546
FGF8	FGF9	9606.ENSP00000321797	9606.ENSP00000371790	0	0	0	0.703	0.082	0	0.400	0.263	0.559
FGF8	SHC1	9606.ENSP00000321797	9606.ENSP00000401303	0	0	0	0	0	0	0.400	0.301	0.563
FGF8	TGFA	9606.ENSP00000321797	9606.ENSP00000404131	0	0	0	0	0	0	0	0.582	0.582
FGF8	PGF	9606.ENSP00000321797	9606.ENSP00000451040	0	0	0	0	0	0	0	0.597	0.597
FGF8	NRAS	9606.ENSP00000321797	9606.ENSP00000358548	0	0	0	0	0.046	0.045	0.500	0.246	0.610
FGF8	PTPN11	9606.ENSP00000321797	9606.ENSP00000489597	0	0	0	0	0.055	0.059	0.400	0.370	0.618
FGF8	IGF2	9606.ENSP00000321797	9606.ENSP00000391826	0	0	0	0	0.042	0	0	0.625	0.625
FGF8	HRAS	9606.ENSP00000321797	9606.ENSP00000407586	0	0	0	0	0.046	0.045	0.500	0.275	0.626
FGF8	NGF	9606.ENSP00000321797	9606.ENSP00000358525	0	0	0	0	0.042	0	0	0.684	0.684
FGF8	GRB2	9606.ENSP00000321797	9606.ENSP00000376345	0	0	0	0	0	0	0.400	0.592	0.745
FGF8	PDGFB	9606.ENSP00000321797	9606.ENSP00000330382	0	0	0	0	0.067	0	0	0.745	0.752
FGF8	IGF1	9606.ENSP00000321797	9606.ENSP00000376637	0	0	0	0	0	0	0	0.762	0.762
FGF8	INS	9606.ENSP00000321797	9606.ENSP00000380432	0	0	0	0	0.089	0	0	0.810	0.820
FGF8	TEK	9606.ENSP00000321797	9606.ENSP00000369375	0	0	0	0	0	0.168	0.650	0.521	0.848
FGF8	IGF1R	9606.ENSP00000321797	9606.ENSP00000497069	0	0	0	0	0	0	0.650	0.586	0.848
FGF8	NTRK1	9606.ENSP00000321797	9606.ENSP00000431418	0	0	0	0	0.060	0	0.650	0.725	0.901
FGF8	FGFR3	9606.ENSP00000321797	9606.ENSP00000339824	0	0	0	0	0	0.753	0.650	0.994	0.999
FGF8	FGFR1	9606.ENSP00000321797	9606.ENSP00000393312	0	0	0	0	0	0.782	0.900	0.999	0.999
FGF8	FGFR2	9606.ENSP00000321797	9606.ENSP00000410294	0	0	0	0	0.049	0.775	0.900	0.991	0.999
FGF9	NGFR	9606.ENSP00000371790	9606.ENSP00000172229	0	0	0	0	0	0	0.650	0.360	0.766
FGF9	MAPK1	9606.ENSP00000371790	9606.ENSP00000215832	0	0	0	0	0.054	0	0.400	0.328	0.585
FGF9	PIK3R2	9606.ENSP00000371790	9606.ENSP00000222254	0	0	0	0	0	0	0.400	0.167	0.478
FGF9	HGF	9606.ENSP00000371790	9606.ENSP00000222390	0	0	0	0	0	0	0	0.865	0.865
FGF9	NFKB1	9606.ENSP00000371790	9606.ENSP00000226574	0	0	0	0	0	0	0	0.418	0.418
FGF9	FLT3	9606.ENSP00000371790	9606.ENSP00000241453	0	0	0	0	0.087	0.168	0.650	0.337	0.800
FGF9	PLCG1	9606.ENSP00000371790	9606.ENSP00000244007	0	0	0	0	0	0	0.500	0.305	0.637
FGF9	KRAS	9606.ENSP00000371790	9606.ENSP00000256078	0	0	0	0	0.055	0.045	0.500	0.413	0.700
FGF9	PDGFRA	9606.ENSP00000371790	9606.ENSP00000257290	0	0	0	0	0.084	0.168	0.650	0.554	0.865
FGF9	PDGFRB	9606.ENSP00000371790	9606.ENSP00000261799	0	0	0	0	0.055	0.168	0.650	0.657	0.893
FGF9	FLT4	9606.ENSP00000371790	9606.ENSP00000261937	0	0	0	0	0.060	0.168	0.650	0.709	0.909
FGF9	GAB1	9606.ENSP00000371790	9606.ENSP00000262995	0	0	0	0	0	0	0.400	0.202	0.500
FGF9	MAPK3	9606.ENSP00000371790	9606.ENSP00000263025	0	0	0	0	0.054	0	0.400	0.581	0.741
FGF9	KDR	9606.ENSP00000371790	9606.ENSP00000263923	0	0	0	0	0.060	0.168	0.650	0.770	0.928
FGF9	PIK3CA	9606.ENSP00000371790	9606.ENSP00000263967	0	0	0	0	0	0	0.400	0.315	0.571
FGF9	NTRK2	9606.ENSP00000371790	9606.ENSP00000277120	0	0	0	0	0.084	0	0.650	0.351	0.773
FGF9	FLT1	9606.ENSP00000371790	9606.ENSP00000282397	0	0	0	0	0.060	0.168	0.650	0.594	0.874
FGF9	KIT	9606.ENSP00000371790	9606.ENSP00000288135	0	0	0	0	0.069	0.168	0.650	0.528	0.855
FGF9	FGFR4	9606.ENSP00000371790	9606.ENSP00000292408	0	0	0	0	0	0.399	0.650	0.990	0.997
FGF9	VEGFD	9606.ENSP00000371790	9606.ENSP00000297904	0	0	0	0	0.058	0	0	0.643	0.649
FGF9	INSR	9606.ENSP00000371790	9606.ENSP00000303830	0	0	0	0	0	0	0.650	0.523	0.826
FGF9	VEGFB	9606.ENSP00000371790	9606.ENSP00000311127	0	0	0	0	0	0	0	0.630	0.630
FGF9	MET	9606.ENSP00000371790	9606.ENSP00000317272	0	0	0	0	0.067	0	0.650	0.620	0.865
FGF9	PDGFB	9606.ENSP00000371790	9606.ENSP00000330382	0	0	0	0	0.074	0	0	0.660	0.671
FGF9	FGFR3	9606.ENSP00000371790	9606.ENSP00000339824	0	0	0	0	0	0.800	0.650	0.995	0.999
FGF9	PDGFA	9606.ENSP00000371790	9606.ENSP00000346508	0	0	0	0	0	0	0	0.448	0.448
FGF9	NGF	9606.ENSP00000371790	9606.ENSP00000358525	0	0	0	0	0	0	0	0.691	0.691
FGF9	NRAS	9606.ENSP00000371790	9606.ENSP00000358548	0	0	0	0	0.055	0.045	0.500	0.270	0.627
FGF9	TEK	9606.ENSP00000371790	9606.ENSP00000369375	0	0	0	0	0	0.168	0.650	0.524	0.849
FGF9	RHOA	9606.ENSP00000371790	9606.ENSP00000400175	0	0	0	0	0	0.045	0	0.448	0.450
FGF9	PIK3CB	9606.ENSP00000371790	9606.ENSP00000501150	0	0	0	0	0	0	0.400	0.156	0.472
FGF9	KITLG	9606.ENSP00000371790	9606.ENSP00000495951	0	0	0	0	0	0	0	0.512	0.512
FGF9	PIK3R1	9606.ENSP00000371790	9606.ENSP00000428056	0	0	0	0	0.049	0	0.400	0.218	0.514
FGF9	NTF3	9606.ENSP00000371790	9606.ENSP00000397297	0	0	0	0	0.061	0	0	0.510	0.520
FGF9	SOS1	9606.ENSP00000371790	9606.ENSP00000384675	0	0	0	0	0.048	0	0.400	0.321	0.578
FGF9	SHC1	9606.ENSP00000371790	9606.ENSP00000401303	0	0	0	0	0.049	0	0.400	0.335	0.587
FGF9	TGFA	9606.ENSP00000371790	9606.ENSP00000404131	0	0	0	0	0.057	0	0	0.586	0.592
FGF9	PGF	9606.ENSP00000371790	9606.ENSP00000451040	0	0	0	0	0	0	0	0.609	0.609
FGF9	PTPN11	9606.ENSP00000371790	9606.ENSP00000489597	0	0	0	0	0.055	0.071	0.400	0.391	0.636
FGF9	HRAS	9606.ENSP00000371790	9606.ENSP00000407586	0	0	0	0	0.055	0.045	0.500	0.291	0.637
FGF9	IGF2	9606.ENSP00000371790	9606.ENSP00000391826	0	0	0	0	0	0	0	0.645	0.645
FGF9	VEGFC	9606.ENSP00000371790	9606.ENSP00000480043	0	0	0	0	0.058	0	0	0.691	0.696
FGF9	GRB2	9606.ENSP00000371790	9606.ENSP00000376345	0	0	0	0	0	0	0.400	0.634	0.771
FGF9	IGF1	9606.ENSP00000371790	9606.ENSP00000376637	0	0	0	0	0	0	0	0.772	0.772
FGF9	INS	9606.ENSP00000371790	9606.ENSP00000380432	0	0	0	0	0.074	0	0	0.807	0.814
FGF9	IGF1R	9606.ENSP00000371790	9606.ENSP00000497069	0	0	0	0	0	0	0.650	0.616	0.859
FGF9	NTRK1	9606.ENSP00000371790	9606.ENSP00000431418	0	0	0	0	0.045	0	0.650	0.691	0.887
FGF9	FGFR2	9606.ENSP00000371790	9606.ENSP00000410294	0	0	0	0	0	0.567	0.900	0.996	0.999
FGF9	FGFR1	9606.ENSP00000371790	9606.ENSP00000393312	0	0	0	0	0.042	0.713	0.900	0.998	0.999
FGFR1	MAPK1	9606.ENSP00000393312	9606.ENSP00000215832	0	0	0	0.588	0	0	0.400	0.195	0.496
FGFR1	SOS2	9606.ENSP00000393312	9606.ENSP00000216373	0	0	0	0	0	0.095	0.900	0.362	0.937
FGFR1	PIK3R2	9606.ENSP00000393312	9606.ENSP00000222254	0	0	0	0	0	0.373	0.900	0.248	0.948
FGFR1	HGF	9606.ENSP00000393312	9606.ENSP00000222390	0	0	0	0	0.042	0	0.650	0.490	0.814
FGFR1	PLCG1	9606.ENSP00000393312	9606.ENSP00000244007	0	0	0	0	0.059	0.986	0.900	0.867	0.999
FGFR1	KRAS	9606.ENSP00000393312	9606.ENSP00000256078	0	0	0	0	0	0.099	0.900	0.816	0.981
FGFR1	PDGFRA	9606.ENSP00000393312	9606.ENSP00000257290	0	0	0	0.694	0.080	0.090	0	0.687	0.715
FGFR1	PDGFRB	9606.ENSP00000393312	9606.ENSP00000261799	0	0	0	0.695	0.074	0.317	0	0.490	0.649
FGFR1	FLT4	9606.ENSP00000393312	9606.ENSP00000261937	0	0	0	0.712	0.061	0.099	0	0.489	0.529
FGFR1	PIK3R3	9606.ENSP00000393312	9606.ENSP00000262741	0	0	0	0	0	0.127	0.900	0.196	0.923
FGFR1	GAB1	9606.ENSP00000393312	9606.ENSP00000262995	0	0	0	0	0	0.158	0.400	0.251	0.588
FGFR1	MAPK3	9606.ENSP00000393312	9606.ENSP00000263025	0	0	0	0.587	0	0	0.400	0.270	0.543
FGFR1	KDR	9606.ENSP00000393312	9606.ENSP00000263923	0	0	0	0.747	0.068	0.091	0	0.654	0.681
FGFR1	PIK3CA	9606.ENSP00000393312	9606.ENSP00000263967	0	0	0	0	0	0.087	0.900	0.777	0.977
FGFR1	SHC2	9606.ENSP00000393312	9606.ENSP00000264554	0	0	0	0	0.080	0.105	0.900	0.109	0.916
FGFR1	RASA1	9606.ENSP00000393312	9606.ENSP00000274376	0	0	0	0	0.055	0.333	0	0.258	0.492
FGFR1	NTRK2	9606.ENSP00000393312	9606.ENSP00000277120	0	0	0	0.636	0	0.074	0	0.477	0.494
FGFR1	FLT1	9606.ENSP00000393312	9606.ENSP00000282397	0	0	0	0.733	0.067	0.099	0	0.514	0.555
FGFR1	FGFR4	9606.ENSP00000393312	9606.ENSP00000292408	0	0	0.061	0.955	0	0.221	0.400	0.935	0.967
FGFR1	VEGFD	9606.ENSP00000393312	9606.ENSP00000297904	0	0	0	0	0.086	0.042	0.650	0.677	0.887
FGFR1	VEGFB	9606.ENSP00000393312	9606.ENSP00000311127	0	0	0	0	0.047	0.180	0.650	0.595	0.874
FGFR1	SHC4	9606.ENSP00000393312	9606.ENSP00000329668	0	0	0	0	0.055	0.105	0.900	0.071	0.910
FGFR1	PDGFB	9606.ENSP00000393312	9606.ENSP00000330382	0	0	0	0	0.053	0	0.650	0.418	0.790
FGFR1	FGFR3	9606.ENSP00000393312	9606.ENSP00000339824	0	0	0.057	0.960	0.086	0.166	0.400	0.715	0.854
FGFR1	PDGFA	9606.ENSP00000393312	9606.ENSP00000346508	0	0	0	0	0.042	0	0.650	0.638	0.868
FGFR1	NF1	9606.ENSP00000393312	9606.ENSP00000351015	0	0	0	0	0.044	0	0	0.616	0.618
FGFR1	NGF	9606.ENSP00000393312	9606.ENSP00000358525	0	0	0	0	0.064	0	0.650	0.360	0.772
FGFR1	NRAS	9606.ENSP00000393312	9606.ENSP00000358548	0	0	0	0	0	0.099	0.900	0.661	0.966
FGFR1	SHC3	9606.ENSP00000393312	9606.ENSP00000364995	0	0	0	0	0.085	0.113	0.900	0.136	0.920
FGFR1	PIK3CD	9606.ENSP00000393312	9606.ENSP00000366563	0	0	0	0	0	0.087	0.900	0.235	0.924
FGFR1	TEK	9606.ENSP00000393312	9606.ENSP00000369375	0	0	0	0.667	0.067	0	0	0.576	0.587
FGFR1	GRB2	9606.ENSP00000393312	9606.ENSP00000376345	0	0	0	0	0.055	0.218	0.900	0.545	0.961
FGFR1	IGF1	9606.ENSP00000393312	9606.ENSP00000376637	0	0	0	0	0.042	0	0.650	0.507	0.820
FGFR1	PDGFD	9606.ENSP00000393312	9606.ENSP00000376865	0	0	0	0	0	0	0.650	0.544	0.833
FGFR1	INS	9606.ENSP00000393312	9606.ENSP00000380432	0	0	0	0	0.066	0	0.900	0.660	0.965
FGFR1	SOS1	9606.ENSP00000393312	9606.ENSP00000384675	0	0	0	0	0	0.618	0.900	0.701	0.987
FGFR1	IGF2	9606.ENSP00000393312	9606.ENSP00000391826	0	0	0	0	0.072	0	0.650	0.393	0.785
FGFR1	PRKCA	9606.ENSP00000393312	9606.ENSP00000408695	0	0	0	0.566	0.045	0	0	0.464	0.466
FGFR1	NTRK1	9606.ENSP00000393312	9606.ENSP00000431418	0	0	0	0.653	0	0.099	0	0.500	0.530
FGFR1	RHOA	9606.ENSP00000393312	9606.ENSP00000400175	0	0	0	0	0	0.071	0	0.581	0.594
FGFR1	IGF1R	9606.ENSP00000393312	9606.ENSP00000497069	0	0	0	0.656	0.056	0.074	0	0.608	0.627
FGFR1	FLT3LG	9606.ENSP00000393312	9606.ENSP00000469613	0	0	0	0	0.052	0	0.650	0.108	0.678
FGFR1	NTF4	9606.ENSP00000393312	9606.ENSP00000469455	0	0	0	0	0	0	0.650	0.186	0.702
FGFR1	NTF3	9606.ENSP00000393312	9606.ENSP00000397297	0	0	0	0	0.072	0	0.650	0.187	0.712
FGFR1	PDGFC	9606.ENSP00000393312	9606.ENSP00000422464	0	0	0	0	0.055	0	0.650	0.324	0.756
FGFR1	KITLG	9606.ENSP00000393312	9606.ENSP00000495951	0	0	0	0	0	0.076	0.650	0.336	0.766
FGFR1	TGFA	9606.ENSP00000393312	9606.ENSP00000404131	0	0	0	0	0	0	0.650	0.375	0.771
FGFR1	PTPN11	9606.ENSP00000393312	9606.ENSP00000489597	0	0	0	0	0.060	0.190	0.400	0.602	0.794
FGFR1	PGF	9606.ENSP00000393312	9606.ENSP00000451040	0	0	0	0	0.049	0	0.650	0.500	0.819
FGFR1	FGFR2	9606.ENSP00000393312	9606.ENSP00000410294	0	0	0.053	0.972	0.049	0.624	0.400	0.391	0.853
FGFR1	VEGFC	9606.ENSP00000393312	9606.ENSP00000480043	0	0	0	0	0.061	0.042	0.650	0.710	0.896
FGFR1	PLCG2	9606.ENSP00000393312	9606.ENSP00000482457	0	0	0	0	0	0.124	0.900	0.161	0.920
FGFR1	PIK3CB	9606.ENSP00000393312	9606.ENSP00000501150	0	0	0	0	0	0.087	0.900	0.334	0.933
FGFR1	HRAS	9606.ENSP00000393312	9606.ENSP00000407586	0	0	0	0	0	0.099	0.900	0.614	0.962
FGFR1	SHC1	9606.ENSP00000393312	9606.ENSP00000401303	0	0	0	0	0.062	0.373	0.900	0.615	0.974
FGFR1	PIK3R1	9606.ENSP00000393312	9606.ENSP00000428056	0	0	0	0	0.042	0.813	0.900	0.653	0.992
FGFR2	NGFR	9606.ENSP00000410294	9606.ENSP00000172229	0	0	0	0	0.063	0	0	0.453	0.465
FGFR2	MAPK1	9606.ENSP00000410294	9606.ENSP00000215832	0	0	0	0.580	0	0	0.400	0.180	0.486
FGFR2	SOS2	9606.ENSP00000410294	9606.ENSP00000216373	0	0	0	0	0.047	0.095	0.900	0.319	0.933
FGFR2	PIK3R2	9606.ENSP00000410294	9606.ENSP00000222254	0	0	0	0	0	0.207	0.650	0.403	0.819
FGFR2	HGF	9606.ENSP00000410294	9606.ENSP00000222390	0	0	0	0	0	0	0.650	0.743	0.906
FGFR2	NFKB1	9606.ENSP00000410294	9606.ENSP00000226574	0	0	0	0	0.055	0	0	0.488	0.496
FGFR2	PLCG1	9606.ENSP00000410294	9606.ENSP00000244007	0	0	0	0	0	0.973	0.900	0.547	0.998
FGFR2	KRAS	9606.ENSP00000410294	9606.ENSP00000256078	0	0	0	0	0	0.099	0.900	0.725	0.973
FGFR2	PDGFRA	9606.ENSP00000410294	9606.ENSP00000257290	0	0	0	0.700	0.042	0.090	0	0.504	0.529
FGFR2	PDGFRB	9606.ENSP00000410294	9606.ENSP00000261799	0	0	0	0.694	0.047	0.075	0	0.484	0.505
FGFR2	FLT4	9606.ENSP00000410294	9606.ENSP00000261937	0	0	0	0.726	0.045	0.094	0	0.459	0.491
FGFR2	PIK3R3	9606.ENSP00000410294	9606.ENSP00000262741	0	0	0	0	0	0.127	0.650	0.203	0.735
FGFR2	GAB1	9606.ENSP00000410294	9606.ENSP00000262995	0	0	0	0	0.044	0.058	0.900	0.203	0.918
FGFR2	MAPK3	9606.ENSP00000410294	9606.ENSP00000263025	0	0	0	0.585	0	0	0.400	0.234	0.520
FGFR2	KDR	9606.ENSP00000410294	9606.ENSP00000263923	0	0	0	0.746	0.066	0.091	0	0.471	0.511
FGFR2	PIK3CA	9606.ENSP00000410294	9606.ENSP00000263967	0	0	0	0	0	0.087	0.650	0.737	0.908
FGFR2	SHC2	9606.ENSP00000410294	9606.ENSP00000264554	0	0	0	0	0.081	0.105	0.900	0.071	0.913
FGFR2	FLT1	9606.ENSP00000410294	9606.ENSP00000282397	0	0	0	0.739	0.044	0.094	0	0.396	0.431
FGFR2	KIT	9606.ENSP00000410294	9606.ENSP00000288135	0	0	0	0.714	0.078	0.099	0	0.479	0.529
FGFR2	FGFR4	9606.ENSP00000410294	9606.ENSP00000292408	0	0	0.061	0.955	0.044	0	0.400	0.398	0.632
FGFR2	VEGFD	9606.ENSP00000410294	9606.ENSP00000297904	0	0	0	0	0.065	0.042	0.650	0.262	0.737
FGFR2	VEGFB	9606.ENSP00000410294	9606.ENSP00000311127	0	0	0	0	0	0.180	0.650	0.550	0.859
FGFR2	MET	9606.ENSP00000410294	9606.ENSP00000317272	0	0	0	0.626	0	0.092	0	0.493	0.519
FGFR2	SHC4	9606.ENSP00000410294	9606.ENSP00000329668	0	0	0	0	0.055	0.105	0.900	0.119	0.915
FGFR2	PDGFB	9606.ENSP00000410294	9606.ENSP00000330382	0	0	0	0	0.057	0	0.650	0.358	0.769
FGFR2	FGFR3	9606.ENSP00000410294	9606.ENSP00000339824	0	0	0.056	0.965	0.173	0.618	0.900	0.645	0.987
FGFR2	PDGFA	9606.ENSP00000410294	9606.ENSP00000346508	0	0	0	0	0.042	0	0.650	0.395	0.779
FGFR2	NF1	9606.ENSP00000410294	9606.ENSP00000351015	0	0	0	0	0.044	0	0	0.493	0.494
FGFR2	NGF	9606.ENSP00000410294	9606.ENSP00000358525	0	0	0	0	0	0	0.650	0.278	0.736
FGFR2	NRAS	9606.ENSP00000410294	9606.ENSP00000358548	0	0	0	0	0	0.099	0.900	0.767	0.977
FGFR2	SHC3	9606.ENSP00000410294	9606.ENSP00000364995	0	0	0	0	0.072	0.113	0.900	0.197	0.925
FGFR2	PIK3CD	9606.ENSP00000410294	9606.ENSP00000366563	0	0	0	0	0	0.087	0.650	0.215	0.727
FGFR2	GRB2	9606.ENSP00000410294	9606.ENSP00000376345	0	0	0	0	0.055	0.733	0.900	0.756	0.993
FGFR2	IGF1	9606.ENSP00000410294	9606.ENSP00000376637	0	0	0	0	0.047	0	0.650	0.631	0.866
FGFR2	PDGFD	9606.ENSP00000410294	9606.ENSP00000376865	0	0	0	0	0.042	0	0.650	0.231	0.719
FGFR2	INS	9606.ENSP00000410294	9606.ENSP00000380432	0	0	0	0	0.066	0	0.900	0.376	0.936
FGFR2	SOS1	9606.ENSP00000410294	9606.ENSP00000384675	0	0	0	0	0	0.095	0.900	0.364	0.937
FGFR2	IGF2	9606.ENSP00000410294	9606.ENSP00000391826	0	0	0	0	0	0	0.650	0.351	0.763
FGFR2	NTF3	9606.ENSP00000410294	9606.ENSP00000397297	0	0	0	0	0.048	0	0.650	0.147	0.690
FGFR2	SHC1	9606.ENSP00000410294	9606.ENSP00000401303	0	0	0	0	0.055	0.345	0.900	0.540	0.967
FGFR2	TGFA	9606.ENSP00000410294	9606.ENSP00000404131	0	0	0	0	0	0	0.650	0.374	0.771
FGFR2	HRAS	9606.ENSP00000410294	9606.ENSP00000407586	0	0	0	0	0	0.099	0.900	0.607	0.961
FGFR2	IGF1R	9606.ENSP00000410294	9606.ENSP00000497069	0	0	0	0.656	0.049	0.074	0	0.511	0.532
FGFR2	FLT3LG	9606.ENSP00000410294	9606.ENSP00000469613	0	0	0	0	0.052	0	0.650	0.055	0.659
FGFR2	NTF4	9606.ENSP00000410294	9606.ENSP00000469455	0	0	0	0	0.060	0	0.650	0.146	0.694
FGFR2	KITLG	9606.ENSP00000410294	9606.ENSP00000495951	0	0	0	0	0.049	0.076	0.650	0.278	0.748
FGFR2	PIK3CB	9606.ENSP00000410294	9606.ENSP00000501150	0	0	0	0	0.042	0.087	0.650	0.292	0.754
FGFR2	PDGFC	9606.ENSP00000410294	9606.ENSP00000422464	0	0	0	0	0.055	0	0.650	0.323	0.756
FGFR2	PGF	9606.ENSP00000410294	9606.ENSP00000451040	0	0	0	0	0	0	0.650	0.457	0.801
FGFR2	PTPN11	9606.ENSP00000410294	9606.ENSP00000489597	0	0	0	0	0.060	0.240	0.400	0.593	0.802
FGFR2	VEGFC	9606.ENSP00000410294	9606.ENSP00000480043	0	0	0	0	0.043	0.042	0.650	0.547	0.835
FGFR2	PLCG2	9606.ENSP00000410294	9606.ENSP00000482457	0	0	0	0	0	0.091	0.900	0.105	0.911
FGFR2	PIK3R1	9606.ENSP00000410294	9606.ENSP00000428056	0	0	0	0	0.042	0.416	0.650	0.659	0.924
FGFR3	NGFR	9606.ENSP00000339824	9606.ENSP00000172229	0	0	0	0	0.078	0	0	0.412	0.434
FGFR3	MAPK1	9606.ENSP00000339824	9606.ENSP00000215832	0	0	0	0.582	0	0	0.400	0.158	0.473
FGFR3	SOS2	9606.ENSP00000339824	9606.ENSP00000216373	0	0	0	0	0	0.095	0.900	0.365	0.937
FGFR3	PIK3R2	9606.ENSP00000339824	9606.ENSP00000222254	0	0	0	0	0.061	0.127	0.650	0.522	0.844
FGFR3	HGF	9606.ENSP00000339824	9606.ENSP00000222390	0	0	0	0	0	0	0.650	0.355	0.764
FGFR3	PLCG1	9606.ENSP00000339824	9606.ENSP00000244007	0	0	0	0	0.062	0.178	0.900	0.454	0.952
FGFR3	KRAS	9606.ENSP00000339824	9606.ENSP00000256078	0	0	0	0	0	0.099	0.900	0.708	0.971
FGFR3	PIK3R3	9606.ENSP00000339824	9606.ENSP00000262741	0	0	0	0	0	0.127	0.650	0.450	0.817
FGFR3	GAB1	9606.ENSP00000339824	9606.ENSP00000262995	0	0	0	0	0	0.058	0.900	0.209	0.919
FGFR3	MAPK3	9606.ENSP00000339824	9606.ENSP00000263025	0	0	0	0.582	0	0	0.400	0.224	0.514
FGFR3	PIK3CA	9606.ENSP00000339824	9606.ENSP00000263967	0	0	0	0	0	0.087	0.650	0.901	0.965
FGFR3	SHC2	9606.ENSP00000339824	9606.ENSP00000264554	0	0	0	0	0.112	0.105	0.900	0.071	0.916
FGFR3	NTRK2	9606.ENSP00000339824	9606.ENSP00000277120	0	0	0	0.660	0.074	0.074	0	0.442	0.479
FGFR3	FGFR4	9606.ENSP00000339824	9606.ENSP00000292408	0	0	0.061	0.955	0.072	0	0.400	0.647	0.790
FGFR3	VEGFD	9606.ENSP00000339824	9606.ENSP00000297904	0	0	0	0	0.055	0.042	0.650	0.204	0.714
FGFR3	VEGFB	9606.ENSP00000339824	9606.ENSP00000311127	0	0	0	0	0.042	0.180	0.650	0.231	0.760
FGFR3	SHC4	9606.ENSP00000339824	9606.ENSP00000329668	0	0	0	0	0.055	0.105	0.900	0.197	0.923
FGFR3	PDGFB	9606.ENSP00000339824	9606.ENSP00000330382	0	0	0	0	0.052	0	0.650	0.223	0.719
FGFR3	NTRK1	9606.ENSP00000339824	9606.ENSP00000431418	0	0	0	0.650	0	0.074	0	0.497	0.514
FGFR3	NF1	9606.ENSP00000339824	9606.ENSP00000351015	0	0	0	0	0.044	0	0	0.529	0.530
FGFR3	FLT3LG	9606.ENSP00000339824	9606.ENSP00000469613	0	0	0	0	0.052	0	0.650	0.042	0.654
FGFR3	NTF4	9606.ENSP00000339824	9606.ENSP00000469455	0	0	0	0	0.049	0	0.650	0.078	0.666
FGFR3	NTF3	9606.ENSP00000339824	9606.ENSP00000397297	0	0	0	0	0	0	0.650	0.124	0.680
FGFR3	PGF	9606.ENSP00000339824	9606.ENSP00000451040	0	0	0	0	0	0	0.650	0.149	0.689
FGFR3	PDGFC	9606.ENSP00000339824	9606.ENSP00000422464	0	0	0	0	0.055	0	0.650	0.190	0.708
FGFR3	PIK3CD	9606.ENSP00000339824	9606.ENSP00000366563	0	0	0	0	0	0.087	0.650	0.180	0.715
FGFR3	KITLG	9606.ENSP00000339824	9606.ENSP00000495951	0	0	0	0	0.061	0.076	0.650	0.199	0.724
FGFR3	TGFA	9606.ENSP00000339824	9606.ENSP00000404131	0	0	0	0	0	0	0.650	0.270	0.733
FGFR3	PIK3CB	9606.ENSP00000339824	9606.ENSP00000501150	0	0	0	0	0	0.087	0.650	0.268	0.745
FGFR3	PDGFA	9606.ENSP00000339824	9606.ENSP00000346508	0	0	0	0	0.042	0	0.650	0.313	0.749
FGFR3	IGF2	9606.ENSP00000339824	9606.ENSP00000391826	0	0	0	0	0.084	0	0.650	0.321	0.763
FGFR3	PDGFD	9606.ENSP00000339824	9606.ENSP00000376865	0	0	0	0	0	0	0.650	0.420	0.788
FGFR3	PTPN11	9606.ENSP00000339824	9606.ENSP00000489597	0	0	0	0	0.060	0.193	0.400	0.593	0.790
FGFR3	IGF1	9606.ENSP00000339824	9606.ENSP00000376637	0	0	0	0	0	0	0.650	0.445	0.797
FGFR3	NGF	9606.ENSP00000339824	9606.ENSP00000358525	0	0	0	0	0	0	0.650	0.481	0.810
FGFR3	PIK3R1	9606.ENSP00000339824	9606.ENSP00000428056	0	0	0	0	0	0.204	0.650	0.419	0.824
FGFR3	VEGFC	9606.ENSP00000339824	9606.ENSP00000480043	0	0	0	0	0.044	0.042	0.650	0.527	0.828
FGFR3	PLCG2	9606.ENSP00000339824	9606.ENSP00000482457	0	0	0	0	0	0.091	0.900	0.159	0.916
FGFR3	SHC3	9606.ENSP00000339824	9606.ENSP00000364995	0	0	0	0	0.080	0.113	0.900	0.134	0.919
FGFR3	SHC1	9606.ENSP00000339824	9606.ENSP00000401303	0	0	0	0	0.055	0.113	0.900	0.260	0.929
FGFR3	INS	9606.ENSP00000339824	9606.ENSP00000380432	0	0	0	0	0.066	0	0.900	0.341	0.933
FGFR3	SOS1	9606.ENSP00000339824	9606.ENSP00000384675	0	0	0	0	0	0.095	0.900	0.368	0.937
FGFR3	NRAS	9606.ENSP00000339824	9606.ENSP00000358548	0	0	0	0	0	0.099	0.900	0.806	0.981
FGFR3	HRAS	9606.ENSP00000339824	9606.ENSP00000407586	0	0	0	0	0.044	0.099	0.900	0.821	0.982
FGFR3	GRB2	9606.ENSP00000339824	9606.ENSP00000376345	0	0	0	0	0.055	0.579	0.900	0.645	0.984
FGFR4	MAPK1	9606.ENSP00000292408	9606.ENSP00000215832	0	0	0	0.584	0	0	0.400	0.212	0.506
FGFR4	SOS2	9606.ENSP00000292408	9606.ENSP00000216373	0	0	0	0	0	0.095	0.900	0.209	0.922
FGFR4	PIK3R2	9606.ENSP00000292408	9606.ENSP00000222254	0	0	0	0	0.048	0.204	0.650	0.121	0.736
FGFR4	HGF	9606.ENSP00000292408	9606.ENSP00000222390	0	0	0	0	0	0.172	0.650	0.354	0.796
FGFR4	PLCG1	9606.ENSP00000292408	9606.ENSP00000244007	0	0	0	0	0.049	0.172	0.700	0.241	0.796
FGFR4	KRAS	9606.ENSP00000292408	9606.ENSP00000256078	0	0	0	0	0	0.099	0.900	0.470	0.948
FGFR4	PIK3R3	9606.ENSP00000292408	9606.ENSP00000262741	0	0	0	0	0	0.240	0.650	0.083	0.735
FGFR4	MAP2K2	9606.ENSP00000292408	9606.ENSP00000262948	0	0	0	0.575	0.071	0.091	0	0.455	0.500
FGFR4	GAB1	9606.ENSP00000292408	9606.ENSP00000262995	0	0	0	0	0	0.148	0.400	0.200	0.555
FGFR4	MAPK3	9606.ENSP00000292408	9606.ENSP00000263025	0	0	0	0.585	0.058	0	0.400	0.533	0.713
FGFR4	PIK3CA	9606.ENSP00000292408	9606.ENSP00000263967	0	0	0	0	0	0.122	0.650	0.512	0.837
FGFR4	SHC2	9606.ENSP00000292408	9606.ENSP00000264554	0	0	0	0	0.057	0.105	0.650	0.071	0.689
FGFR4	FLT1	9606.ENSP00000292408	9606.ENSP00000282397	0	0	0	0.743	0.042	0.091	0	0.447	0.476
FGFR4	NF1	9606.ENSP00000292408	9606.ENSP00000351015	0	0	0	0	0.044	0	0	0.433	0.435
FGFR4	IGF1R	9606.ENSP00000292408	9606.ENSP00000497069	0	0	0	0.669	0	0.214	0	0.388	0.499
FGFR4	MAPK8	9606.ENSP00000292408	9606.ENSP00000378974	0	0	0.111	0.579	0	0.091	0	0.465	0.530
FGFR4	FLT3LG	9606.ENSP00000292408	9606.ENSP00000469613	0	0	0	0	0.054	0	0.650	0.042	0.655
FGFR4	NTF4	9606.ENSP00000292408	9606.ENSP00000469455	0	0	0	0	0	0	0.650	0.061	0.657
FGFR4	PTPN11	9606.ENSP00000292408	9606.ENSP00000489597	0	0	0	0	0.060	0.214	0.400	0.358	0.677
FGFR4	PGF	9606.ENSP00000292408	9606.ENSP00000451040	0	0	0	0	0.049	0	0.650	0.145	0.690
FGFR4	PDGFD	9606.ENSP00000292408	9606.ENSP00000376865	0	0	0	0	0	0	0.650	0.154	0.691
FGFR4	SHC4	9606.ENSP00000292408	9606.ENSP00000329668	0	0	0	0	0.055	0.105	0.650	0.089	0.694
FGFR4	PIK3CD	9606.ENSP00000292408	9606.ENSP00000366563	0	0	0	0	0	0.087	0.650	0.120	0.694
FGFR4	NGF	9606.ENSP00000292408	9606.ENSP00000358525	0	0	0	0	0	0	0.650	0.187	0.703
FGFR4	NTF3	9606.ENSP00000292408	9606.ENSP00000397297	0	0	0	0	0	0.162	0.650	0.085	0.708
FGFR4	VEGFD	9606.ENSP00000292408	9606.ENSP00000297904	0	0	0	0	0.055	0.042	0.650	0.195	0.711
FGFR4	VEGFC	9606.ENSP00000292408	9606.ENSP00000480043	0	0	0	0	0.043	0.042	0.650	0.214	0.714
FGFR4	TGFA	9606.ENSP00000292408	9606.ENSP00000404131	0	0	0	0	0	0	0.650	0.227	0.717
FGFR4	KITLG	9606.ENSP00000292408	9606.ENSP00000495951	0	0	0	0	0	0.076	0.650	0.200	0.718
FGFR4	PDGFC	9606.ENSP00000292408	9606.ENSP00000422464	0	0	0	0	0.055	0	0.650	0.220	0.719
FGFR4	PDGFB	9606.ENSP00000292408	9606.ENSP00000330382	0	0	0	0	0.065	0	0.650	0.223	0.723
FGFR4	PIK3CB	9606.ENSP00000292408	9606.ENSP00000501150	0	0	0	0	0	0.087	0.650	0.207	0.724
FGFR4	SHC3	9606.ENSP00000292408	9606.ENSP00000364995	0	0	0	0	0.055	0.113	0.650	0.177	0.726
FGFR4	PDGFA	9606.ENSP00000292408	9606.ENSP00000346508	0	0	0	0	0.042	0	0.650	0.285	0.739
FGFR4	VEGFB	9606.ENSP00000292408	9606.ENSP00000311127	0	0	0	0	0	0.180	0.650	0.191	0.747
FGFR4	IGF1	9606.ENSP00000292408	9606.ENSP00000376637	0	0	0	0	0	0	0.650	0.321	0.752
FGFR4	IGF2	9606.ENSP00000292408	9606.ENSP00000391826	0	0	0	0	0.061	0	0.650	0.323	0.758
FGFR4	SHC1	9606.ENSP00000292408	9606.ENSP00000401303	0	0	0	0	0.055	0.192	0.650	0.248	0.772
FGFR4	PIK3R1	9606.ENSP00000292408	9606.ENSP00000428056	0	0	0	0	0	0.295	0.650	0.249	0.798
FGFR4	SOS1	9606.ENSP00000292408	9606.ENSP00000384675	0	0	0	0	0	0.095	0.900	0.266	0.927
FGFR4	HRAS	9606.ENSP00000292408	9606.ENSP00000407586	0	0	0	0	0.042	0.099	0.900	0.425	0.943
FGFR4	NRAS	9606.ENSP00000292408	9606.ENSP00000358548	0	0	0	0	0	0.099	0.900	0.441	0.945
FGFR4	INS	9606.ENSP00000292408	9606.ENSP00000380432	0	0	0	0	0.066	0.141	0.900	0.405	0.946
FGFR4	GRB2	9606.ENSP00000292408	9606.ENSP00000376345	0	0	0	0	0.055	0.218	0.900	0.403	0.950
FLT1	NGFR	9606.ENSP00000282397	9606.ENSP00000172229	0	0	0	0	0.056	0	0	0.527	0.534
FLT1	MAPK1	9606.ENSP00000282397	9606.ENSP00000215832	0	0	0	0.588	0	0.077	0	0.442	0.462
FLT1	PIK3R2	9606.ENSP00000282397	9606.ENSP00000222254	0	0	0	0	0	0.153	0.650	0.218	0.748
FLT1	HGF	9606.ENSP00000282397	9606.ENSP00000222390	0	0	0	0	0.044	0	0.650	0.748	0.908
FLT1	FLT3	9606.ENSP00000282397	9606.ENSP00000241453	0	0	0	0.708	0.067	0	0	0.506	0.519
FLT1	PLCG1	9606.ENSP00000282397	9606.ENSP00000244007	0	0	0	0	0	0.598	0	0.341	0.724
FLT1	KRAS	9606.ENSP00000282397	9606.ENSP00000256078	0	0	0	0	0	0.092	0	0.492	0.519
FLT1	PDGFRA	9606.ENSP00000282397	9606.ENSP00000257290	0	0	0	0.741	0.072	0	0	0.438	0.456
FLT1	PDGFRB	9606.ENSP00000282397	9606.ENSP00000261799	0	0	0	0.692	0.067	0.048	0	0.535	0.550
FLT1	FLT4	9606.ENSP00000282397	9606.ENSP00000261937	0	0	0	0.885	0.101	0.097	0	0.910	0.920
FLT1	PIK3R3	9606.ENSP00000282397	9606.ENSP00000262741	0	0	0	0	0	0.153	0.650	0.189	0.738
FLT1	KDR	9606.ENSP00000282397	9606.ENSP00000263923	0	0	0.070	0.906	0.329	0.510	0	0.984	0.994
FLT1	PIK3CA	9606.ENSP00000282397	9606.ENSP00000263967	0	0	0	0	0	0.098	0.650	0.672	0.887
FLT1	SHC2	9606.ENSP00000282397	9606.ENSP00000264554	0	0	0	0	0.055	0.486	0.650	0.191	0.844
FLT1	IGF1R	9606.ENSP00000282397	9606.ENSP00000497069	0	0	0	0.575	0.042	0.074	0	0.398	0.419
FLT1	RELA	9606.ENSP00000282397	9606.ENSP00000384273	0	0	0	0	0	0	0	0.480	0.480
FLT1	TEK	9606.ENSP00000282397	9606.ENSP00000369375	0	0	0	0.595	0.219	0	0	0.381	0.496
FLT1	RAF1	9606.ENSP00000282397	9606.ENSP00000401888	0	0	0	0.568	0.087	0.074	0	0.462	0.505
FLT1	NTF4	9606.ENSP00000282397	9606.ENSP00000469455	0	0	0	0	0	0	0.650	0.150	0.689
FLT1	SHC4	9606.ENSP00000282397	9606.ENSP00000329668	0	0	0	0	0.055	0.105	0.650	0.123	0.705
FLT1	NTF3	9606.ENSP00000282397	9606.ENSP00000397297	0	0	0	0	0	0	0.650	0.199	0.707
FLT1	FLT3LG	9606.ENSP00000282397	9606.ENSP00000469613	0	0	0	0	0.052	0	0.650	0.222	0.719
FLT1	SHC3	9606.ENSP00000282397	9606.ENSP00000364995	0	0	0	0	0.056	0.162	0.650	0.137	0.729
FLT1	PIK3CD	9606.ENSP00000282397	9606.ENSP00000366563	0	0	0	0	0	0.098	0.650	0.234	0.737
FLT1	NGF	9606.ENSP00000282397	9606.ENSP00000358525	0	0	0	0	0	0	0.650	0.339	0.758
FLT1	PTPN11	9606.ENSP00000282397	9606.ENSP00000489597	0	0	0	0	0.060	0.541	0	0.520	0.775
FLT1	TGFA	9606.ENSP00000282397	9606.ENSP00000404131	0	0	0	0	0	0	0.650	0.461	0.803
FLT1	INS	9606.ENSP00000282397	9606.ENSP00000380432	0	0	0	0	0.087	0	0.650	0.437	0.804
FLT1	SHC1	9606.ENSP00000282397	9606.ENSP00000401303	0	0	0	0	0.055	0.327	0.650	0.320	0.828
FLT1	IGF2	9606.ENSP00000282397	9606.ENSP00000391826	0	0	0	0	0	0	0.650	0.589	0.850
FLT1	PDGFA	9606.ENSP00000282397	9606.ENSP00000346508	0	0	0	0	0.062	0	0.650	0.653	0.876
FLT1	KITLG	9606.ENSP00000282397	9606.ENSP00000495951	0	0	0	0	0.044	0.076	0.650	0.649	0.877
FLT1	PDGFD	9606.ENSP00000282397	9606.ENSP00000376865	0	0	0	0	0.056	0	0.650	0.679	0.884
FLT1	IGF1	9606.ENSP00000282397	9606.ENSP00000376637	0	0	0	0	0.060	0	0.650	0.718	0.899
FLT1	PIK3CB	9606.ENSP00000282397	9606.ENSP00000501150	0	0	0	0	0	0.098	0.650	0.732	0.908
FLT1	PIK3R1	9606.ENSP00000282397	9606.ENSP00000428056	0	0	0	0	0	0.670	0.650	0.281	0.909
FLT1	PDGFB	9606.ENSP00000282397	9606.ENSP00000330382	0	0	0	0	0.106	0	0.650	0.739	0.911
FLT1	GRB2	9606.ENSP00000282397	9606.ENSP00000376345	0	0	0	0	0.055	0.126	0.650	0.735	0.913
FLT1	PDGFC	9606.ENSP00000282397	9606.ENSP00000422464	0	0	0	0	0	0	0.650	0.972	0.989
FLT1	VEGFC	9606.ENSP00000282397	9606.ENSP00000480043	0	0	0	0	0.043	0.048	0.650	0.998	0.999
FLT1	VEGFB	9606.ENSP00000282397	9606.ENSP00000311127	0	0	0	0	0	0.955	0.700	0.999	0.999
FLT1	PGF	9606.ENSP00000282397	9606.ENSP00000451040	0	0	0	0	0.074	0.977	0.700	0.999	0.999
FLT1	VEGFD	9606.ENSP00000282397	9606.ENSP00000297904	0	0	0	0	0.050	0.070	0.650	0.998	0.999
FLT3	PIK3R2	9606.ENSP00000241453	9606.ENSP00000222254	0	0	0	0	0	0.153	0.900	0.163	0.922
FLT3	HGF	9606.ENSP00000241453	9606.ENSP00000222390	0	0	0	0	0.067	0	0.650	0.356	0.771
FLT3	PLCG1	9606.ENSP00000241453	9606.ENSP00000244007	0	0	0	0	0	0.094	0	0.411	0.444
FLT3	PDGFRA	9606.ENSP00000241453	9606.ENSP00000257290	0	0	0	0.765	0	0	0	0.454	0.454
FLT3	MAPK8	9606.ENSP00000241453	9606.ENSP00000378974	0	0	0	0.565	0.042	0.099	0	0.424	0.459
FLT3	IGF1R	9606.ENSP00000241453	9606.ENSP00000497069	0	0	0	0.592	0	0.074	0	0.485	0.502
FLT3	MET	9606.ENSP00000241453	9606.ENSP00000317272	0	0	0	0.581	0	0.092	0	0.478	0.506
FLT3	SOS1	9606.ENSP00000241453	9606.ENSP00000384675	0	0	0	0	0	0.071	0.400	0.228	0.532
FLT3	NTRK1	9606.ENSP00000241453	9606.ENSP00000431418	0	0	0	0.613	0	0.074	0	0.531	0.547
FLT3	NF1	9606.ENSP00000241453	9606.ENSP00000351015	0	0	0	0	0.044	0	0	0.577	0.578
FLT3	NTF4	9606.ENSP00000241453	9606.ENSP00000469455	0	0	0	0	0	0	0.650	0.079	0.664
FLT3	NTF3	9606.ENSP00000241453	9606.ENSP00000397297	0	0	0	0	0	0	0.650	0.092	0.668
FLT3	SHC4	9606.ENSP00000241453	9606.ENSP00000329668	0	0	0	0	0.055	0.105	0.650	0.071	0.688
FLT3	SHC2	9606.ENSP00000241453	9606.ENSP00000264554	0	0	0	0	0.055	0.105	0.650	0.087	0.693
FLT3	SHC3	9606.ENSP00000241453	9606.ENSP00000364995	0	0	0	0	0.055	0.162	0.650	0.071	0.708
FLT3	PDGFD	9606.ENSP00000241453	9606.ENSP00000376865	0	0	0	0	0.055	0	0.650	0.191	0.709
FLT3	NGF	9606.ENSP00000241453	9606.ENSP00000358525	0	0	0	0	0	0	0.650	0.206	0.710
FLT3	IGF2	9606.ENSP00000241453	9606.ENSP00000391826	0	0	0	0	0	0	0.650	0.231	0.719
FLT3	GAB2	9606.ENSP00000241453	9606.ENSP00000354952	0	0	0	0	0.067	0	0.400	0.546	0.723
FLT3	PDGFC	9606.ENSP00000241453	9606.ENSP00000422464	0	0	0	0	0	0	0.650	0.241	0.723
FLT3	PDGFA	9606.ENSP00000241453	9606.ENSP00000346508	0	0	0	0	0	0	0.650	0.242	0.723
FLT3	TGFA	9606.ENSP00000241453	9606.ENSP00000404131	0	0	0	0	0	0	0.650	0.270	0.733
FLT3	PGF	9606.ENSP00000241453	9606.ENSP00000451040	0	0	0	0	0	0	0.650	0.304	0.745
FLT3	PDGFB	9606.ENSP00000241453	9606.ENSP00000330382	0	0	0	0	0.095	0	0.650	0.269	0.748
FLT3	IGF1	9606.ENSP00000241453	9606.ENSP00000376637	0	0	0	0	0.047	0	0.650	0.316	0.751
FLT3	INS	9606.ENSP00000241453	9606.ENSP00000380432	0	0	0	0	0.074	0	0.650	0.328	0.763
FLT3	VEGFB	9606.ENSP00000241453	9606.ENSP00000311127	0	0	0	0	0	0.180	0.650	0.269	0.772
FLT3	HRAS	9606.ENSP00000241453	9606.ENSP00000407586	0	0	0	0	0.060	0.092	0.500	0.547	0.781
FLT3	SHC1	9606.ENSP00000241453	9606.ENSP00000401303	0	0	0	0	0.055	0.162	0.650	0.319	0.786
FLT3	VEGFD	9606.ENSP00000241453	9606.ENSP00000297904	0	0	0	0	0.044	0.066	0.650	0.547	0.839
FLT3	VEGFC	9606.ENSP00000241453	9606.ENSP00000480043	0	0	0	0	0.043	0.045	0.650	0.566	0.842
FLT3	KRAS	9606.ENSP00000241453	9606.ENSP00000256078	0	0	0	0	0.060	0.092	0.500	0.721	0.865
FLT3	PTPN11	9606.ENSP00000241453	9606.ENSP00000489597	0	0	0	0	0.060	0.389	0.400	0.717	0.889
FLT3	NRAS	9606.ENSP00000241453	9606.ENSP00000358548	0	0	0	0	0.060	0.092	0.500	0.793	0.900
FLT3	PIK3R3	9606.ENSP00000241453	9606.ENSP00000262741	0	0	0	0	0	0.153	0.900	0.135	0.920
FLT3	PIK3CB	9606.ENSP00000241453	9606.ENSP00000501150	0	0	0	0	0	0.098	0.900	0.290	0.930
FLT3	PIK3CD	9606.ENSP00000241453	9606.ENSP00000366563	0	0	0	0	0.062	0.098	0.900	0.380	0.940
FLT3	PIK3R1	9606.ENSP00000241453	9606.ENSP00000428056	0	0	0	0	0.062	0.374	0.900	0.353	0.956
FLT3	PIK3CA	9606.ENSP00000241453	9606.ENSP00000263967	0	0	0	0	0	0.098	0.900	0.572	0.958
FLT3	GRB2	9606.ENSP00000241453	9606.ENSP00000376345	0	0	0	0	0.055	0.354	0.900	0.608	0.972
FLT3	KITLG	9606.ENSP00000241453	9606.ENSP00000495951	0	0	0	0	0	0.076	0.650	0.953	0.983
FLT3	FLT3LG	9606.ENSP00000241453	9606.ENSP00000469613	0	0	0	0	0.052	0.900	0.900	0.998	0.999
FLT3LG	NGFR	9606.ENSP00000469613	9606.ENSP00000172229	0	0	0	0	0.044	0	0.650	0.194	0.706
FLT3LG	PLA2G3	9606.ENSP00000469613	9606.ENSP00000215885	0	0	0	0	0.298	0.313	0	0	0.497
FLT3LG	KRAS	9606.ENSP00000469613	9606.ENSP00000256078	0	0	0	0	0.069	0.124	0.500	0.182	0.622
FLT3LG	PDGFRA	9606.ENSP00000469613	9606.ENSP00000257290	0	0	0	0	0.052	0	0.650	0.220	0.718
FLT3LG	PDGFRB	9606.ENSP00000469613	9606.ENSP00000261799	0	0	0	0	0.052	0	0.650	0.231	0.722
FLT3LG	FLT4	9606.ENSP00000469613	9606.ENSP00000261937	0	0	0	0	0.074	0	0.650	0.103	0.684
FLT3LG	MAPK3	9606.ENSP00000469613	9606.ENSP00000263025	0	0	0	0	0.098	0.274	0	0.272	0.481
FLT3LG	KDR	9606.ENSP00000469613	9606.ENSP00000263923	0	0	0	0	0.052	0	0.650	0.311	0.751
FLT3LG	PIK3CA	9606.ENSP00000469613	9606.ENSP00000263967	0	0	0	0	0	0	0.400	0.091	0.431
FLT3LG	NTRK2	9606.ENSP00000469613	9606.ENSP00000277120	0	0	0	0	0.059	0.052	0.650	0	0.660
FLT3LG	KIT	9606.ENSP00000469613	9606.ENSP00000288135	0	0	0	0	0.063	0	0.650	0.860	0.950
FLT3LG	INSR	9606.ENSP00000469613	9606.ENSP00000303830	0	0	0	0	0.059	0.052	0.650	0	0.660
FLT3LG	MET	9606.ENSP00000469613	9606.ENSP00000317272	0	0	0	0	0.059	0.052	0.650	0.115	0.686
FLT3LG	GAB2	9606.ENSP00000469613	9606.ENSP00000354952	0	0	0	0	0	0	0.400	0.180	0.486
FLT3LG	NRAS	9606.ENSP00000469613	9606.ENSP00000358548	0	0	0	0	0.069	0.124	0.500	0.248	0.652
FLT3LG	TEK	9606.ENSP00000469613	9606.ENSP00000369375	0	0	0	0	0.052	0	0.650	0.251	0.729
FLT3LG	GRB2	9606.ENSP00000469613	9606.ENSP00000376345	0	0	0	0	0.085	0	0.400	0.167	0.502
FLT3LG	MAPK8	9606.ENSP00000469613	9606.ENSP00000378974	0	0	0	0	0.086	0.453	0	0.098	0.509
FLT3LG	SOS1	9606.ENSP00000469613	9606.ENSP00000384675	0	0	0	0	0	0.071	0.400	0.057	0.428
FLT3LG	MAPK9	9606.ENSP00000469613	9606.ENSP00000394560	0	0	0	0	0.085	0.453	0	0.065	0.491
FLT3LG	TGFA	9606.ENSP00000469613	9606.ENSP00000404131	0	0	0	0	0	0	0	0.480	0.480
FLT3LG	HRAS	9606.ENSP00000469613	9606.ENSP00000407586	0	0	0	0	0.071	0.124	0.500	0.069	0.571
FLT3LG	PIK3R1	9606.ENSP00000469613	9606.ENSP00000428056	0	0	0	0	0.048	0	0.400	0.080	0.428
FLT3LG	NTRK1	9606.ENSP00000469613	9606.ENSP00000431418	0	0	0	0	0.059	0.052	0.650	0.754	0.912
FLT3LG	PTPN11	9606.ENSP00000469613	9606.ENSP00000489597	0	0	0	0	0.088	0.054	0.400	0.288	0.582
FLT3LG	IGF1R	9606.ENSP00000469613	9606.ENSP00000497069	0	0	0	0	0.059	0.052	0.650	0.097	0.680
FLT3LG	KITLG	9606.ENSP00000469613	9606.ENSP00000495951	0	0	0	0	0	0.409	0	0.972	0.982
FLT4	PIK3R2	9606.ENSP00000261937	9606.ENSP00000222254	0	0	0	0	0.042	0.185	0.650	0.165	0.741
FLT4	HGF	9606.ENSP00000261937	9606.ENSP00000222390	0	0	0	0	0.044	0	0.650	0.688	0.886
FLT4	KRAS	9606.ENSP00000261937	9606.ENSP00000256078	0	0	0	0	0	0.092	0	0.411	0.442
FLT4	MET	9606.ENSP00000261937	9606.ENSP00000317272	0	0	0	0.567	0	0.092	0	0.442	0.472
FLT4	IGF1R	9606.ENSP00000261937	9606.ENSP00000497069	0	0	0	0.573	0	0.074	0	0.532	0.548
FLT4	NTF3	9606.ENSP00000261937	9606.ENSP00000397297	0	0	0	0	0.049	0	0.650	0.158	0.695
FLT4	NTF4	9606.ENSP00000261937	9606.ENSP00000469455	0	0	0	0	0	0	0.650	0.176	0.699
FLT4	SHC2	9606.ENSP00000261937	9606.ENSP00000264554	0	0	0	0	0.075	0.105	0.650	0.112	0.708
FLT4	SHC3	9606.ENSP00000261937	9606.ENSP00000364995	0	0	0	0	0.055	0.162	0.650	0.071	0.708
FLT4	NGF	9606.ENSP00000261937	9606.ENSP00000358525	0	0	0	0	0	0	0.650	0.228	0.718
FLT4	PIK3R3	9606.ENSP00000261937	9606.ENSP00000262741	0	0	0	0	0	0.153	0.650	0.131	0.720
FLT4	PIK3CD	9606.ENSP00000261937	9606.ENSP00000366563	0	0	0	0	0.042	0.098	0.650	0.203	0.726
FLT4	PDGFD	9606.ENSP00000261937	9606.ENSP00000376865	0	0	0	0	0	0	0.650	0.276	0.735
FLT4	PIK3CB	9606.ENSP00000261937	9606.ENSP00000501150	0	0	0	0	0	0.098	0.650	0.229	0.735
FLT4	IGF2	9606.ENSP00000261937	9606.ENSP00000391826	0	0	0	0	0.049	0	0.650	0.289	0.742
FLT4	INS	9606.ENSP00000261937	9606.ENSP00000380432	0	0	0	0	0.083	0	0.650	0.304	0.757
FLT4	TGFA	9606.ENSP00000261937	9606.ENSP00000404131	0	0	0	0	0	0	0.650	0.388	0.776
FLT4	IGF1	9606.ENSP00000261937	9606.ENSP00000376637	0	0	0	0	0	0	0.650	0.394	0.778
FLT4	PIK3CA	9606.ENSP00000261937	9606.ENSP00000263967	0	0	0	0	0	0.098	0.650	0.446	0.810
FLT4	SHC4	9606.ENSP00000261937	9606.ENSP00000329668	0	0	0	0	0.055	0.105	0.650	0.458	0.818
FLT4	KITLG	9606.ENSP00000261937	9606.ENSP00000495951	0	0	0	0	0	0.076	0.650	0.563	0.846
FLT4	PDGFA	9606.ENSP00000261937	9606.ENSP00000346508	0	0	0	0	0.048	0	0.650	0.594	0.852
FLT4	PIK3R1	9606.ENSP00000261937	9606.ENSP00000428056	0	0	0	0	0	0.185	0.650	0.527	0.853
FLT4	PDGFB	9606.ENSP00000261937	9606.ENSP00000330382	0	0	0	0	0.096	0	0.650	0.643	0.877
FLT4	SHC1	9606.ENSP00000261937	9606.ENSP00000401303	0	0	0	0	0.057	0.672	0.650	0.791	0.974
FLT4	GRB2	9606.ENSP00000261937	9606.ENSP00000376345	0	0	0	0	0.055	0.383	0.650	0.910	0.979
FLT4	PDGFC	9606.ENSP00000261937	9606.ENSP00000422464	0	0	0	0	0	0	0.650	0.977	0.991
FLT4	KDR	9606.ENSP00000261937	9606.ENSP00000263923	0	0	0.056	0.906	0.164	0.639	0	0.983	0.994
FLT4	PGF	9606.ENSP00000261937	9606.ENSP00000451040	0	0	0	0	0.058	0	0.650	0.997	0.998
FLT4	VEGFC	9606.ENSP00000261937	9606.ENSP00000480043	0	0	0	0	0.043	0.945	0.700	0.999	0.999
FLT4	VEGFB	9606.ENSP00000261937	9606.ENSP00000311127	0	0	0	0	0	0.180	0.650	0.998	0.999
FLT4	VEGFD	9606.ENSP00000261937	9606.ENSP00000297904	0	0	0	0	0.043	0.636	0.700	0.999	0.999
FOXO4	MAPK1	9606.ENSP00000363377	9606.ENSP00000215832	0	0	0	0	0.049	0.057	0.900	0.238	0.922
FOXO4	MAPK3	9606.ENSP00000363377	9606.ENSP00000263025	0	0	0	0	0.086	0.057	0.900	0.325	0.934
FOXO4	PIK3CA	9606.ENSP00000363377	9606.ENSP00000263967	0	0	0	0	0.060	0.184	0	0.320	0.433
FOXO4	STK4	9606.ENSP00000363377	9606.ENSP00000361892	0	0	0	0	0.043	0	0.900	0.178	0.914
FOXO4	SHC1	9606.ENSP00000363377	9606.ENSP00000401303	0	0	0	0	0	0	0	0.419	0.419
FOXO4	IGF1R	9606.ENSP00000363377	9606.ENSP00000497069	0	0	0	0	0	0.135	0	0.394	0.453
FOXO4	PIK3CB	9606.ENSP00000363377	9606.ENSP00000501150	0	0	0	0	0.049	0.184	0	0.382	0.478
FOXO4	IGF1	9606.ENSP00000363377	9606.ENSP00000376637	0	0	0	0	0	0	0	0.687	0.687
FOXO4	INS	9606.ENSP00000363377	9606.ENSP00000380432	0	0	0	0	0.055	0	0.400	0.697	0.813
FOXO4	MAPK9	9606.ENSP00000363377	9606.ENSP00000394560	0	0	0	0	0.049	0.099	0.900	0.226	0.924
FOXO4	IKBKB	9606.ENSP00000363377	9606.ENSP00000430684	0	0	0	0	0.049	0.094	0.900	0.280	0.929
FOXO4	MAPK8	9606.ENSP00000363377	9606.ENSP00000378974	0	0	0	0	0	0.099	0.900	0.370	0.938
GAB1	SOS2	9606.ENSP00000262995	9606.ENSP00000216373	0	0	0	0	0.074	0	0.900	0.782	0.978
GAB1	PIK3R2	9606.ENSP00000262995	9606.ENSP00000222254	0	0	0	0	0	0.199	0.900	0.150	0.926
GAB1	HGF	9606.ENSP00000262995	9606.ENSP00000222390	0	0	0	0	0.042	0.119	0.400	0.753	0.858
GAB1	PLCG1	9606.ENSP00000262995	9606.ENSP00000244007	0	0	0	0	0	0.597	0	0.565	0.817
GAB1	RAP1B	9606.ENSP00000262995	9606.ENSP00000250559	0	0	0	0	0	0.076	0.500	0.061	0.528
GAB1	PDGFRA	9606.ENSP00000262995	9606.ENSP00000257290	0	0	0	0	0	0.058	0.900	0.138	0.911
GAB1	PDGFRB	9606.ENSP00000262995	9606.ENSP00000261799	0	0	0	0	0	0.146	0.900	0.198	0.925
GAB1	PIK3R3	9606.ENSP00000262995	9606.ENSP00000262741	0	0	0	0	0.067	0.199	0.900	0.113	0.924
GAB1	NTF3	9606.ENSP00000262995	9606.ENSP00000397297	0	0	0.419	0	0	0	0	0.134	0.475
GAB1	NTF4	9606.ENSP00000262995	9606.ENSP00000469455	0	0	0	0	0	0	0.500	0.067	0.513
GAB1	RAC1	9606.ENSP00000262995	9606.ENSP00000348461	0	0	0	0	0.042	0.156	0.400	0.127	0.520
GAB1	TGFA	9606.ENSP00000262995	9606.ENSP00000404131	0	0	0	0	0.047	0	0.400	0.227	0.520
GAB1	RAP1A	9606.ENSP00000262995	9606.ENSP00000358723	0	0	0	0	0.042	0.076	0.500	0.061	0.528
GAB1	NTRK1	9606.ENSP00000262995	9606.ENSP00000431418	0	0	0	0	0	0.186	0	0.580	0.644
GAB1	NTRK2	9606.ENSP00000262995	9606.ENSP00000277120	0	0	0	0	0.061	0.208	0.500	0.193	0.660
GAB1	RASA1	9606.ENSP00000262995	9606.ENSP00000274376	0	0	0	0	0.060	0.365	0	0.557	0.712
GAB1	SHC4	9606.ENSP00000262995	9606.ENSP00000329668	0	0	0	0	0	0.049	0.900	0.088	0.905
GAB1	SHC2	9606.ENSP00000262995	9606.ENSP00000264554	0	0	0	0	0	0.049	0.900	0.134	0.910
GAB1	KIT	9606.ENSP00000262995	9606.ENSP00000288135	0	0	0	0	0.054	0.058	0.900	0.152	0.914
GAB1	KDR	9606.ENSP00000262995	9606.ENSP00000263923	0	0	0	0	0.056	0.058	0.900	0.208	0.920
GAB1	PIK3CA	9606.ENSP00000262995	9606.ENSP00000263967	0	0	0	0	0.060	0.041	0.900	0.224	0.920
GAB1	PIK3CB	9606.ENSP00000262995	9606.ENSP00000501150	0	0	0	0	0.074	0.041	0.900	0.228	0.922
GAB1	PIK3CD	9606.ENSP00000262995	9606.ENSP00000366563	0	0	0	0	0	0.041	0.900	0.282	0.925
GAB1	SHC3	9606.ENSP00000262995	9606.ENSP00000364995	0	0	0	0	0	0.177	0.900	0.247	0.932
GAB1	IGF1R	9606.ENSP00000262995	9606.ENSP00000497069	0	0	0	0	0.043	0.180	0.900	0.278	0.935
GAB1	INSR	9606.ENSP00000262995	9606.ENSP00000303830	0	0	0	0	0.049	0.092	0.900	0.418	0.943
GAB1	GAB2	9606.ENSP00000262995	9606.ENSP00000354952	0	0	0	0.841	0.060	0.230	0.900	0.437	0.953
GAB1	MET	9606.ENSP00000262995	9606.ENSP00000317272	0	0	0	0	0.042	0.686	0.900	0.710	0.990
GAB1	SOS1	9606.ENSP00000262995	9606.ENSP00000384675	0	0	0	0	0.067	0.453	0.900	0.859	0.991
GAB1	PIK3R1	9606.ENSP00000262995	9606.ENSP00000428056	0	0	0	0	0.049	0.880	0.900	0.309	0.991
GAB1	SHC1	9606.ENSP00000262995	9606.ENSP00000401303	0	0	0	0	0	0.605	0.900	0.900	0.995
GAB1	GRB2	9606.ENSP00000262995	9606.ENSP00000376345	0	0	0	0	0	0.994	0.900	0.992	0.999
GAB1	PTPN11	9606.ENSP00000262995	9606.ENSP00000489597	0	0	0	0	0	0.996	0.900	0.991	0.999
GAB2	MAPK1	9606.ENSP00000354952	9606.ENSP00000215832	0	0	0	0	0.049	0.510	0	0.223	0.606
GAB2	SOS2	9606.ENSP00000354952	9606.ENSP00000216373	0	0	0	0	0.059	0	0.900	0.915	0.991
GAB2	PIK3R2	9606.ENSP00000354952	9606.ENSP00000222254	0	0	0	0	0	0.322	0.900	0.637	0.973
GAB2	PLCG1	9606.ENSP00000354952	9606.ENSP00000244007	0	0	0	0	0	0.292	0	0.321	0.498
GAB2	KRAS	9606.ENSP00000354952	9606.ENSP00000256078	0	0	0	0	0.043	0.166	0.500	0.235	0.653
GAB2	PDGFRA	9606.ENSP00000354952	9606.ENSP00000257290	0	0	0	0	0	0	0.900	0.149	0.911
GAB2	PDGFRB	9606.ENSP00000354952	9606.ENSP00000261799	0	0	0	0	0	0	0.900	0.239	0.920
GAB2	PIK3R3	9606.ENSP00000354952	9606.ENSP00000262741	0	0	0	0	0	0	0.900	0.138	0.910
GAB2	MAPK3	9606.ENSP00000354952	9606.ENSP00000263025	0	0	0	0	0.062	0.510	0	0.303	0.651
GAB2	PIK3CA	9606.ENSP00000354952	9606.ENSP00000263967	0	0	0	0	0.050	0	0.900	0.301	0.927
GAB2	SHC2	9606.ENSP00000354952	9606.ENSP00000264554	0	0	0	0	0.043	0	0	0.463	0.464
GAB2	ZAP70	9606.ENSP00000354952	9606.ENSP00000264972	0	0	0	0	0	0.292	0	0.250	0.446
GAB2	KIT	9606.ENSP00000354952	9606.ENSP00000288135	0	0	0	0	0.059	0	0.900	0.336	0.932
GAB2	INSR	9606.ENSP00000354952	9606.ENSP00000303830	0	0	0	0	0.060	0	0.900	0.079	0.905
GAB2	MET	9606.ENSP00000354952	9606.ENSP00000317272	0	0	0	0	0	0.292	0	0.228	0.430
GAB2	LAT	9606.ENSP00000354952	9606.ENSP00000378845	0	0	0	0	0.042	0.292	0	0.189	0.401
GAB2	KITLG	9606.ENSP00000354952	9606.ENSP00000495951	0	0	0	0	0	0	0.400	0.194	0.495
GAB2	PIK3CD	9606.ENSP00000354952	9606.ENSP00000366563	0	0	0	0	0.059	0	0.900	0.167	0.914
GAB2	PLCG2	9606.ENSP00000354952	9606.ENSP00000482457	0	0	0	0	0.063	0.292	0.900	0.399	0.954
GAB2	PIK3CB	9606.ENSP00000354952	9606.ENSP00000501150	0	0	0	0	0.049	0.292	0.900	0.558	0.966
GAB2	SOS1	9606.ENSP00000354952	9606.ENSP00000384675	0	0	0	0	0.049	0	0.900	0.922	0.991
GAB2	PIK3R1	9606.ENSP00000354952	9606.ENSP00000428056	0	0	0	0	0.067	0.871	0.900	0.780	0.996
GAB2	SHC1	9606.ENSP00000354952	9606.ENSP00000401303	0	0	0	0	0	0.735	0.800	0.954	0.997
GAB2	PTPN11	9606.ENSP00000354952	9606.ENSP00000489597	0	0	0	0	0	0.893	0.900	0.995	0.999
GAB2	GRB2	9606.ENSP00000354952	9606.ENSP00000376345	0	0	0	0	0.055	0.991	0.900	0.996	0.999
GNB1	MAPK1	9606.ENSP00000367872	9606.ENSP00000215832	0	0	0	0	0.242	0.162	0.650	0.239	0.808
GNB1	PIK3R2	9606.ENSP00000367872	9606.ENSP00000222254	0	0	0	0	0.049	0	0.650	0	0.652
GNB1	GNB3	9606.ENSP00000367872	9606.ENSP00000229264	0	0	0.049	0.982	0	0.591	0.540	0.510	0.900
GNB1	GNB4	9606.ENSP00000367872	9606.ENSP00000232564	0	0	0.048	0.985	0.044	0.229	0.540	0.453	0.791
GNB1	PLCG1	9606.ENSP00000367872	9606.ENSP00000244007	0	0	0	0	0.059	0	0.650	0.095	0.676
GNB1	RRAS	9606.ENSP00000367872	9606.ENSP00000246792	0	0	0	0	0.066	0.095	0.650	0.090	0.695
GNB1	GNG13	9606.ENSP00000367872	9606.ENSP00000248150	0	0	0	0	0.058	0.995	0.900	0.887	0.999
GNB1	GNG11	9606.ENSP00000367872	9606.ENSP00000248564	0	0	0	0	0.055	0.995	0.540	0.428	0.998
GNB1	GNGT1	9606.ENSP00000367872	9606.ENSP00000248572	0	0	0	0	0.055	0.999	0.900	0.932	0.999
GNB1	RAC2	9606.ENSP00000367872	9606.ENSP00000249071	0	0	0	0	0.116	0.096	0.650	0.137	0.726
GNB1	KRAS	9606.ENSP00000367872	9606.ENSP00000256078	0	0	0	0	0.078	0.095	0.650	0.242	0.749
GNB1	RRAS2	9606.ENSP00000367872	9606.ENSP00000256196	0	0	0	0	0.077	0.095	0.650	0.147	0.717
GNB1	GNB5	9606.ENSP00000367872	9606.ENSP00000261837	0	0	0.065	0.949	0.057	0.427	0.540	0.424	0.842
GNB1	PIK3R3	9606.ENSP00000367872	9606.ENSP00000262741	0	0	0	0	0	0	0.650	0.072	0.661
GNB1	MAPK3	9606.ENSP00000367872	9606.ENSP00000263025	0	0	0	0	0.145	0.162	0.650	0.464	0.847
GNB1	PRKCG	9606.ENSP00000367872	9606.ENSP00000263431	0	0	0	0	0.111	0	0.650	0.210	0.733
GNB1	PIK3CA	9606.ENSP00000367872	9606.ENSP00000263967	0	0	0	0	0.056	0.292	0.650	0.387	0.837
GNB1	RASGRF2	9606.ENSP00000367872	9606.ENSP00000265080	0	0	0	0	0	0	0.650	0.092	0.668
GNB1	PAK1	9606.ENSP00000367872	9606.ENSP00000278568	0	0	0	0	0.069	0.389	0.500	0.124	0.717
GNB1	MRAS	9606.ENSP00000367872	9606.ENSP00000289104	0	0	0	0	0.059	0.095	0.650	0.090	0.692
GNB1	GNG3	9606.ENSP00000367872	9606.ENSP00000294117	0	0	0	0	0.057	0.995	0.540	0.736	0.999
GNB1	GNG8	9606.ENSP00000367872	9606.ENSP00000300873	0	0	0	0	0.055	0.995	0.540	0.264	0.998
GNB1	RAC3	9606.ENSP00000367872	9606.ENSP00000304283	0	0	0	0	0.091	0.096	0.650	0.112	0.710
GNB1	GNB2	9606.ENSP00000367872	9606.ENSP00000305260	0	0	0.048	0.985	0.202	0.445	0.540	0.737	0.939
GNB1	PRKACA	9606.ENSP00000367872	9606.ENSP00000309591	0	0	0	0	0.151	0	0.650	0.196	0.740
GNB1	GNG2	9606.ENSP00000367872	9606.ENSP00000334448	0	0	0	0	0.060	0.999	0.540	0.954	0.999
GNB1	HTR7	9606.ENSP00000367872	9606.ENSP00000337949	0	0	0	0	0	0.926	0.900	0	0.992
GNB1	RAC1	9606.ENSP00000367872	9606.ENSP00000348461	0	0	0	0	0.278	0.096	0	0.191	0.426
GNB1	NRAS	9606.ENSP00000367872	9606.ENSP00000358548	0	0	0	0	0.097	0.095	0.650	0.242	0.754
GNB1	RAP1A	9606.ENSP00000367872	9606.ENSP00000358723	0	0	0	0	0.124	0.331	0	0.164	0.468
GNB1	GNG5	9606.ENSP00000367872	9606.ENSP00000359675	0	0	0	0	0.073	0.995	0.540	0.558	0.999
GNB1	PRKACB	9606.ENSP00000367872	9606.ENSP00000359719	0	0	0	0	0.127	0	0.650	0.232	0.745
GNB1	GNG12	9606.ENSP00000367872	9606.ENSP00000360021	0	0	0	0	0.057	0.995	0.540	0.783	0.999
GNB1	GNG10	9606.ENSP00000367872	9606.ENSP00000363411	0	0	0	0	0.055	0.995	0.540	0.742	0.999
GNB1	PRKACG	9606.ENSP00000367872	9606.ENSP00000366488	0	0	0	0	0.120	0	0.650	0.190	0.729
GNB1	PIK3CD	9606.ENSP00000367872	9606.ENSP00000366563	0	0	0	0	0.055	0	0.650	0.051	0.658
GNB1	SHC1	9606.ENSP00000367872	9606.ENSP00000401303	0	0	0	0	0.124	0	0.500	0.046	0.545
GNB1	SOS1	9606.ENSP00000367872	9606.ENSP00000384675	0	0	0	0	0.049	0	0.540	0.128	0.585
GNB1	RASGRF1	9606.ENSP00000367872	9606.ENSP00000405963	0	0	0	0	0	0	0.650	0.056	0.655
GNB1	MAPK9	9606.ENSP00000367872	9606.ENSP00000394560	0	0	0	0	0.060	0	0.650	0	0.656
GNB1	MAPK8	9606.ENSP00000367872	9606.ENSP00000378974	0	0	0	0	0.049	0	0.650	0.064	0.661
GNB1	PLCG2	9606.ENSP00000367872	9606.ENSP00000482457	0	0	0	0	0.049	0	0.650	0.117	0.680
GNB1	HRAS	9606.ENSP00000367872	9606.ENSP00000407586	0	0	0	0	0.070	0.095	0.650	0.148	0.715
GNB1	PRKCA	9606.ENSP00000367872	9606.ENSP00000408695	0	0	0	0	0.118	0	0.650	0.215	0.736
GNB1	PIK3CB	9606.ENSP00000367872	9606.ENSP00000501150	0	0	0	0	0.042	0.292	0.650	0.051	0.744
GNB1	PIK3R1	9606.ENSP00000367872	9606.ENSP00000428056	0	0	0	0	0.056	0.292	0.650	0.107	0.763
GNB1	PRKCB	9606.ENSP00000367872	9606.ENSP00000496129	0	0	0	0	0.124	0.292	0.650	0.172	0.796
GNB1	RHOA	9606.ENSP00000367872	9606.ENSP00000400175	0	0	0	0	0.255	0.096	0.500	0.670	0.874
GNB1	GNG4	9606.ENSP00000367872	9606.ENSP00000398629	0	0	0	0	0.055	0.997	0.540	0.693	0.999
GNB1	GNGT2	9606.ENSP00000367872	9606.ENSP00000421710	0	0	0	0	0.057	0.995	0.900	0.692	0.999
GNB1	GNG7	9606.ENSP00000367872	9606.ENSP00000371594	0	0	0	0	0.055	0.995	0.900	0.629	0.999
GNB2	MAPK1	9606.ENSP00000305260	9606.ENSP00000215832	0	0	0	0	0.123	0.162	0.650	0.116	0.742
GNB2	PIK3R2	9606.ENSP00000305260	9606.ENSP00000222254	0	0	0	0	0.067	0	0.650	0	0.659
GNB2	GNB3	9606.ENSP00000305260	9606.ENSP00000229264	0	0	0.050	0.981	0	0	0.540	0.451	0.739
GNB2	GNB4	9606.ENSP00000305260	9606.ENSP00000232564	0	0	0.048	0.984	0.049	0	0.540	0.433	0.732
GNB2	PLCG1	9606.ENSP00000305260	9606.ENSP00000244007	0	0	0	0	0.050	0	0.650	0.079	0.667
GNB2	RRAS	9606.ENSP00000305260	9606.ENSP00000246792	0	0	0	0	0.100	0.095	0.650	0.103	0.710
GNB2	GNG13	9606.ENSP00000305260	9606.ENSP00000248150	0	0	0	0	0.058	0.296	0.540	0.257	0.743
GNB2	GNG11	9606.ENSP00000305260	9606.ENSP00000248564	0	0	0	0	0.055	0.316	0.540	0.430	0.808
GNB2	GNGT1	9606.ENSP00000305260	9606.ENSP00000248572	0	0	0	0	0.055	0.995	0.540	0.495	0.998
GNB2	RAC2	9606.ENSP00000305260	9606.ENSP00000249071	0	0	0	0	0.114	0.096	0.650	0.112	0.717
GNB2	KRAS	9606.ENSP00000305260	9606.ENSP00000256078	0	0	0	0	0.064	0.208	0.650	0.090	0.732
GNB2	RRAS2	9606.ENSP00000305260	9606.ENSP00000256196	0	0	0	0	0.073	0.095	0.650	0.115	0.705
GNB2	GNB5	9606.ENSP00000305260	9606.ENSP00000261837	0	0	0.066	0.947	0.057	0	0.540	0.413	0.730
GNB2	PIK3R3	9606.ENSP00000305260	9606.ENSP00000262741	0	0	0	0	0	0	0.650	0	0.650
GNB2	MAPK3	9606.ENSP00000305260	9606.ENSP00000263025	0	0	0	0	0.294	0.162	0.650	0.174	0.806
GNB2	PRKCG	9606.ENSP00000305260	9606.ENSP00000263431	0	0	0	0	0.111	0	0.650	0.117	0.701
GNB2	PIK3CA	9606.ENSP00000305260	9606.ENSP00000263967	0	0	0	0	0.044	0	0.650	0.112	0.677
GNB2	RASGRF2	9606.ENSP00000305260	9606.ENSP00000265080	0	0	0	0	0	0	0.650	0.056	0.655
GNB2	PAK1	9606.ENSP00000305260	9606.ENSP00000278568	0	0	0	0	0.062	0.173	0.500	0.124	0.615
GNB2	MRAS	9606.ENSP00000305260	9606.ENSP00000289104	0	0	0	0	0.059	0.095	0.650	0.090	0.692
GNB2	GNG3	9606.ENSP00000305260	9606.ENSP00000294117	0	0	0	0	0.057	0.995	0.540	0.867	0.999
GNB2	GNG8	9606.ENSP00000305260	9606.ENSP00000300873	0	0	0	0	0.055	0.995	0.540	0.263	0.998
GNB2	RAC3	9606.ENSP00000305260	9606.ENSP00000304283	0	0	0	0	0.111	0.096	0.650	0.112	0.717
GNB2	NTF4	9606.ENSP00000305260	9606.ENSP00000469455	0	0	0	0	0	0	0	0.423	0.422
GNB2	SOS1	9606.ENSP00000305260	9606.ENSP00000384675	0	0	0	0	0	0	0.540	0.045	0.541
GNB2	SHC1	9606.ENSP00000305260	9606.ENSP00000401303	0	0	0	0	0.135	0	0.500	0.112	0.583
GNB2	RHOA	9606.ENSP00000305260	9606.ENSP00000400175	0	0	0	0	0.161	0.096	0.500	0.110	0.618
GNB2	MAPK8	9606.ENSP00000305260	9606.ENSP00000378974	0	0	0	0	0.047	0	0.650	0	0.652
GNB2	MAPK9	9606.ENSP00000305260	9606.ENSP00000394560	0	0	0	0	0.054	0	0.650	0	0.654
GNB2	RASGRF1	9606.ENSP00000305260	9606.ENSP00000405963	0	0	0	0	0	0	0.650	0.056	0.655
GNB2	PIK3CD	9606.ENSP00000305260	9606.ENSP00000366563	0	0	0	0	0.049	0	0.650	0.051	0.656
GNB2	PIK3R1	9606.ENSP00000305260	9606.ENSP00000428056	0	0	0	0	0.044	0	0.650	0.068	0.660
GNB2	PLCG2	9606.ENSP00000305260	9606.ENSP00000482457	0	0	0	0	0.063	0	0.650	0.079	0.671
GNB2	PIK3CB	9606.ENSP00000305260	9606.ENSP00000501150	0	0	0	0	0	0	0.650	0.117	0.677
GNB2	NRAS	9606.ENSP00000305260	9606.ENSP00000358548	0	0	0	0	0.075	0.095	0.650	0.090	0.697
GNB2	PRKCB	9606.ENSP00000305260	9606.ENSP00000496129	0	0	0	0	0.128	0	0.650	0.107	0.704
GNB2	HRAS	9606.ENSP00000305260	9606.ENSP00000407586	0	0	0	0	0.101	0.095	0.650	0.108	0.712
GNB2	PRKACG	9606.ENSP00000305260	9606.ENSP00000366488	0	0	0	0	0.120	0	0.650	0.153	0.716
GNB2	PRKACB	9606.ENSP00000305260	9606.ENSP00000359719	0	0	0	0	0.120	0	0.650	0.191	0.729
GNB2	PRKACA	9606.ENSP00000305260	9606.ENSP00000309591	0	0	0	0	0.314	0	0.650	0.136	0.774
GNB2	PRKCA	9606.ENSP00000305260	9606.ENSP00000408695	0	0	0	0	0.118	0	0.650	0.376	0.790
GNB2	HTR7	9606.ENSP00000305260	9606.ENSP00000337949	0	0	0	0	0	0.292	0.900	0	0.926
GNB2	GNG12	9606.ENSP00000305260	9606.ENSP00000360021	0	0	0	0	0.055	0.995	0.540	0.452	0.998
GNB2	GNG10	9606.ENSP00000305260	9606.ENSP00000363411	0	0	0	0	0.072	0.995	0.540	0.450	0.998
GNB2	GNG5	9606.ENSP00000305260	9606.ENSP00000359675	0	0	0	0	0.158	0.995	0.540	0.575	0.999
GNB2	GNG4	9606.ENSP00000305260	9606.ENSP00000398629	0	0	0	0	0.055	0.997	0.540	0.463	0.999
GNB2	GNGT2	9606.ENSP00000305260	9606.ENSP00000421710	0	0	0	0	0.057	0.995	0.540	0.652	0.999
GNB2	GNG7	9606.ENSP00000305260	9606.ENSP00000371594	0	0	0	0	0.055	0.995	0.540	0.705	0.999
GNB2	GNG2	9606.ENSP00000305260	9606.ENSP00000334448	0	0	0	0	0.055	0.997	0.540	0.895	0.999
GNB3	MAPK1	9606.ENSP00000229264	9606.ENSP00000215832	0	0	0	0	0.106	0.162	0.650	0.116	0.737
GNB3	PIK3R2	9606.ENSP00000229264	9606.ENSP00000222254	0	0	0	0	0	0	0.650	0.058	0.656
GNB3	PLA2G1B	9606.ENSP00000229264	9606.ENSP00000312286	0	0	0	0	0	0	0	0.428	0.428
GNB3	SHC1	9606.ENSP00000229264	9606.ENSP00000401303	0	0	0	0	0.103	0	0.500	0.046	0.535
GNB3	SOS1	9606.ENSP00000229264	9606.ENSP00000384675	0	0	0	0	0	0	0.540	0.045	0.541
GNB3	RHOA	9606.ENSP00000229264	9606.ENSP00000400175	0	0	0	0	0.108	0.096	0.500	0.090	0.584
GNB3	PAK1	9606.ENSP00000229264	9606.ENSP00000278568	0	0	0	0	0.055	0.173	0.500	0.124	0.611
GNB3	MAPK9	9606.ENSP00000229264	9606.ENSP00000394560	0	0	0	0	0	0	0.650	0	0.650
GNB3	RASGRF2	9606.ENSP00000229264	9606.ENSP00000265080	0	0	0	0	0	0	0.650	0.051	0.653
GNB3	PIK3CD	9606.ENSP00000229264	9606.ENSP00000366563	0	0	0	0	0	0	0.650	0.051	0.653
GNB3	PIK3CB	9606.ENSP00000229264	9606.ENSP00000501150	0	0	0	0	0	0	0.650	0.051	0.653
GNB3	MAPK8	9606.ENSP00000229264	9606.ENSP00000378974	0	0	0	0	0	0	0.650	0.055	0.655
GNB3	RASGRF1	9606.ENSP00000229264	9606.ENSP00000405963	0	0	0	0	0	0	0.650	0.061	0.657
GNB3	PIK3R3	9606.ENSP00000229264	9606.ENSP00000262741	0	0	0	0	0	0	0.650	0.069	0.660
GNB3	PLCG2	9606.ENSP00000229264	9606.ENSP00000482457	0	0	0	0	0	0	0.650	0.079	0.663
GNB3	PIK3CA	9606.ENSP00000229264	9606.ENSP00000263967	0	0	0	0	0	0	0.650	0.094	0.669
GNB3	PIK3R1	9606.ENSP00000229264	9606.ENSP00000428056	0	0	0	0	0	0	0.650	0.101	0.672
GNB3	PLCG1	9606.ENSP00000229264	9606.ENSP00000244007	0	0	0	0	0.067	0	0.650	0.079	0.672
GNB3	PRKCB	9606.ENSP00000229264	9606.ENSP00000496129	0	0	0	0	0.111	0	0.650	0.078	0.688
GNB3	RRAS2	9606.ENSP00000229264	9606.ENSP00000256196	0	0	0	0	0.059	0.095	0.650	0.090	0.692
GNB3	NRAS	9606.ENSP00000229264	9606.ENSP00000358548	0	0	0	0	0.059	0.095	0.650	0.090	0.692
GNB3	RRAS	9606.ENSP00000229264	9606.ENSP00000246792	0	0	0	0	0.059	0.095	0.650	0.090	0.692
GNB3	MRAS	9606.ENSP00000229264	9606.ENSP00000289104	0	0	0	0	0.059	0.095	0.650	0.090	0.692
GNB3	HRAS	9606.ENSP00000229264	9606.ENSP00000407586	0	0	0	0	0.059	0.095	0.650	0.090	0.692
GNB3	KRAS	9606.ENSP00000229264	9606.ENSP00000256078	0	0	0	0	0.059	0.095	0.650	0.106	0.697
GNB3	RAC2	9606.ENSP00000229264	9606.ENSP00000249071	0	0	0	0	0.060	0.096	0.650	0.112	0.700
GNB3	PRKCG	9606.ENSP00000229264	9606.ENSP00000263431	0	0	0	0	0.130	0	0.650	0.111	0.705
GNB3	RAC3	9606.ENSP00000229264	9606.ENSP00000304283	0	0	0	0	0.114	0.096	0.650	0.112	0.718
GNB3	PRKACA	9606.ENSP00000229264	9606.ENSP00000309591	0	0	0	0	0.120	0	0.650	0.175	0.723
GNB3	GNB4	9606.ENSP00000229264	9606.ENSP00000232564	0	0	0.050	0.981	0	0	0.540	0.424	0.726
GNB3	PRKACG	9606.ENSP00000229264	9606.ENSP00000366488	0	0	0	0	0.122	0	0.650	0.186	0.728
GNB3	PRKACB	9606.ENSP00000229264	9606.ENSP00000359719	0	0	0	0	0.120	0	0.650	0.196	0.730
GNB3	GNB5	9606.ENSP00000229264	9606.ENSP00000261837	0	0	0.067	0.946	0.057	0	0.540	0.417	0.732
GNB3	MAPK3	9606.ENSP00000229264	9606.ENSP00000263025	0	0	0	0	0.106	0.162	0.650	0.136	0.743
GNB3	PRKCA	9606.ENSP00000229264	9606.ENSP00000408695	0	0	0	0	0.111	0	0.650	0.463	0.818
GNB3	GNG8	9606.ENSP00000229264	9606.ENSP00000300873	0	0	0	0	0.055	0.502	0.540	0.309	0.830
GNB3	HTR7	9606.ENSP00000229264	9606.ENSP00000337949	0	0	0	0	0	0.292	0.900	0.117	0.932
GNB3	GNG3	9606.ENSP00000229264	9606.ENSP00000294117	0	0	0	0	0.076	0.995	0.540	0.398	0.998
GNB3	GNG5	9606.ENSP00000229264	9606.ENSP00000359675	0	0	0	0	0.055	0.995	0.540	0.419	0.998
GNB3	GNG11	9606.ENSP00000229264	9606.ENSP00000248564	0	0	0	0	0.055	0.995	0.540	0.385	0.998
GNB3	GNG12	9606.ENSP00000229264	9606.ENSP00000360021	0	0	0	0	0.055	0.995	0.540	0.306	0.998
GNB3	GNG10	9606.ENSP00000229264	9606.ENSP00000363411	0	0	0	0	0.055	0.995	0.540	0.417	0.998
GNB3	GNGT1	9606.ENSP00000229264	9606.ENSP00000248572	0	0	0	0	0.055	0.995	0.540	0.882	0.999
GNB3	GNG13	9606.ENSP00000229264	9606.ENSP00000248150	0	0	0	0	0.099	0.995	0.900	0.917	0.999
GNB3	GNG4	9606.ENSP00000229264	9606.ENSP00000398629	0	0	0	0	0.057	0.996	0.540	0.719	0.999
GNB3	GNGT2	9606.ENSP00000229264	9606.ENSP00000421710	0	0	0	0	0.056	0.995	0.540	0.786	0.999
GNB3	GNG2	9606.ENSP00000229264	9606.ENSP00000334448	0	0	0	0	0.055	0.996	0.540	0.626	0.999
GNB3	GNG7	9606.ENSP00000229264	9606.ENSP00000371594	0	0	0	0	0.055	0.995	0.540	0.613	0.999
GNB4	MAPK1	9606.ENSP00000232564	9606.ENSP00000215832	0	0	0	0	0.106	0.162	0.650	0.160	0.750
GNB4	PIK3R2	9606.ENSP00000232564	9606.ENSP00000222254	0	0	0	0	0	0	0.650	0	0.650
GNB4	SHC1	9606.ENSP00000232564	9606.ENSP00000401303	0	0	0	0	0.104	0	0.500	0.046	0.535
GNB4	SOS1	9606.ENSP00000232564	9606.ENSP00000384675	0	0	0	0	0	0	0.540	0.045	0.541
GNB4	PAK1	9606.ENSP00000232564	9606.ENSP00000278568	0	0	0	0	0.055	0.173	0.500	0.124	0.612
GNB4	RHOA	9606.ENSP00000232564	9606.ENSP00000400175	0	0	0	0	0.109	0.210	0.500	0.090	0.637
GNB4	MAPK9	9606.ENSP00000232564	9606.ENSP00000394560	0	0	0	0	0	0	0.650	0	0.650
GNB4	MAPK8	9606.ENSP00000232564	9606.ENSP00000378974	0	0	0	0	0	0	0.650	0	0.650
GNB4	PIK3CD	9606.ENSP00000232564	9606.ENSP00000366563	0	0	0	0	0.044	0	0.650	0.051	0.654
GNB4	RASGRF1	9606.ENSP00000232564	9606.ENSP00000405963	0	0	0	0	0	0	0.650	0.056	0.655
GNB4	PIK3CB	9606.ENSP00000232564	9606.ENSP00000501150	0	0	0	0	0.049	0	0.650	0.051	0.656
GNB4	PLCG1	9606.ENSP00000232564	9606.ENSP00000244007	0	0	0	0	0	0	0.650	0.079	0.663
GNB4	PLCG2	9606.ENSP00000232564	9606.ENSP00000482457	0	0	0	0	0	0	0.650	0.079	0.663
GNB4	RASGRF2	9606.ENSP00000232564	9606.ENSP00000265080	0	0	0	0	0	0	0.650	0.117	0.677
GNB4	RRAS	9606.ENSP00000232564	9606.ENSP00000246792	0	0	0	0	0.059	0.095	0.650	0.090	0.692
GNB4	HRAS	9606.ENSP00000232564	9606.ENSP00000407586	0	0	0	0	0.059	0.095	0.650	0.090	0.692
GNB4	PIK3R3	9606.ENSP00000232564	9606.ENSP00000262741	0	0	0	0	0	0	0.650	0.160	0.693
GNB4	MRAS	9606.ENSP00000232564	9606.ENSP00000289104	0	0	0	0	0.067	0.095	0.650	0.090	0.695
GNB4	KRAS	9606.ENSP00000232564	9606.ENSP00000256078	0	0	0	0	0.059	0.095	0.650	0.117	0.702
GNB4	RRAS2	9606.ENSP00000232564	9606.ENSP00000256196	0	0	0	0	0.059	0.095	0.650	0.127	0.705
GNB4	PRKCB	9606.ENSP00000232564	9606.ENSP00000496129	0	0	0	0	0.117	0	0.650	0.123	0.705
GNB4	NRAS	9606.ENSP00000232564	9606.ENSP00000358548	0	0	0	0	0.074	0.095	0.650	0.127	0.710
GNB4	PRKACG	9606.ENSP00000232564	9606.ENSP00000366488	0	0	0	0	0.120	0	0.650	0.136	0.710
GNB4	PRKCG	9606.ENSP00000232564	9606.ENSP00000263431	0	0	0	0	0.111	0	0.650	0.145	0.710
GNB4	PRKACB	9606.ENSP00000232564	9606.ENSP00000359719	0	0	0	0	0.120	0	0.650	0.136	0.710
GNB4	PRKCA	9606.ENSP00000232564	9606.ENSP00000408695	0	0	0	0	0.111	0	0.650	0.149	0.712
GNB4	PRKACA	9606.ENSP00000232564	9606.ENSP00000309591	0	0	0	0	0.126	0	0.650	0.136	0.712
GNB4	GNB5	9606.ENSP00000232564	9606.ENSP00000261837	0	0	0.066	0.948	0.057	0	0.540	0.401	0.724
GNB4	RAC3	9606.ENSP00000232564	9606.ENSP00000304283	0	0	0	0	0.074	0.175	0.650	0.112	0.730
GNB4	RAC2	9606.ENSP00000232564	9606.ENSP00000249071	0	0	0	0	0.074	0.189	0.650	0.137	0.743
GNB4	PIK3R1	9606.ENSP00000232564	9606.ENSP00000428056	0	0	0	0	0.044	0	0.650	0.432	0.793
GNB4	PIK3CA	9606.ENSP00000232564	9606.ENSP00000263967	0	0	0	0	0.076	0	0.650	0.459	0.810
GNB4	MAPK3	9606.ENSP00000232564	9606.ENSP00000263025	0	0	0	0	0.106	0.162	0.650	0.464	0.840
GNB4	HTR7	9606.ENSP00000232564	9606.ENSP00000337949	0	0	0	0	0.042	0.292	0.900	0.121	0.932
GNB4	GNG8	9606.ENSP00000232564	9606.ENSP00000300873	0	0	0	0	0.055	0.995	0.540	0.399	0.998
GNB4	GNG3	9606.ENSP00000232564	9606.ENSP00000294117	0	0	0	0	0.057	0.995	0.540	0.489	0.998
GNB4	GNG4	9606.ENSP00000232564	9606.ENSP00000398629	0	0	0	0	0.055	0.997	0.540	0.834	0.999
GNB4	GNG13	9606.ENSP00000232564	9606.ENSP00000248150	0	0	0	0	0.058	0.995	0.540	0.832	0.999
GNB4	GNGT1	9606.ENSP00000232564	9606.ENSP00000248572	0	0	0	0	0.055	0.995	0.540	0.807	0.999
GNB4	GNG11	9606.ENSP00000232564	9606.ENSP00000248564	0	0	0	0	0.074	0.995	0.540	0.691	0.999
GNB4	GNG5	9606.ENSP00000232564	9606.ENSP00000359675	0	0	0	0	0.057	0.995	0.540	0.596	0.999
GNB4	GNG2	9606.ENSP00000232564	9606.ENSP00000334448	0	0	0	0	0.062	0.997	0.540	0.736	0.999
GNB4	GNG10	9606.ENSP00000232564	9606.ENSP00000363411	0	0	0	0	0.056	0.995	0.540	0.669	0.999
GNB4	GNG7	9606.ENSP00000232564	9606.ENSP00000371594	0	0	0	0	0.055	0.995	0.540	0.629	0.999
GNB4	GNGT2	9606.ENSP00000232564	9606.ENSP00000421710	0	0	0	0	0.062	0.995	0.540	0.812	0.999
GNB4	GNG12	9606.ENSP00000232564	9606.ENSP00000360021	0	0	0	0	0.056	0.995	0.540	0.683	0.999
GNB5	MAPK1	9606.ENSP00000261837	9606.ENSP00000215832	0	0	0	0	0.117	0.162	0.650	0.163	0.754
GNB5	PIK3R2	9606.ENSP00000261837	9606.ENSP00000222254	0	0	0	0	0	0	0.650	0.081	0.664
GNB5	PLCG1	9606.ENSP00000261837	9606.ENSP00000244007	0	0	0	0	0	0	0.650	0.079	0.663
GNB5	RRAS	9606.ENSP00000261837	9606.ENSP00000246792	0	0	0	0	0.059	0.095	0.650	0.100	0.696
GNB5	GNG13	9606.ENSP00000261837	9606.ENSP00000248150	0	0	0	0	0.058	0.663	0.540	0.286	0.881
GNB5	GNG11	9606.ENSP00000261837	9606.ENSP00000248564	0	0	0	0	0.093	0.308	0.540	0.371	0.794
GNB5	GNGT1	9606.ENSP00000261837	9606.ENSP00000248572	0	0	0	0	0.055	0.308	0.540	0.423	0.803
GNB5	RAC2	9606.ENSP00000261837	9606.ENSP00000249071	0	0	0	0	0.060	0.096	0.650	0.200	0.730
GNB5	KRAS	9606.ENSP00000261837	9606.ENSP00000256078	0	0	0	0	0.060	0.095	0.650	0.159	0.716
GNB5	RRAS2	9606.ENSP00000261837	9606.ENSP00000256196	0	0	0	0	0.073	0.095	0.650	0.090	0.697
GNB5	SHC1	9606.ENSP00000261837	9606.ENSP00000401303	0	0	0	0	0.100	0	0.500	0.046	0.533
GNB5	SOS1	9606.ENSP00000261837	9606.ENSP00000384675	0	0	0	0	0	0	0.540	0.169	0.601
GNB5	RHOA	9606.ENSP00000261837	9606.ENSP00000400175	0	0	0	0	0.108	0.096	0.500	0.152	0.612
GNB5	PAK1	9606.ENSP00000261837	9606.ENSP00000278568	0	0	0	0	0.057	0.173	0.500	0.124	0.613
GNB5	PIK3CD	9606.ENSP00000261837	9606.ENSP00000366563	0	0	0	0	0.042	0	0.650	0.051	0.654
GNB5	MAPK8	9606.ENSP00000261837	9606.ENSP00000378974	0	0	0	0	0.059	0	0.650	0	0.656
GNB5	RASGRF2	9606.ENSP00000261837	9606.ENSP00000265080	0	0	0	0	0.052	0	0.650	0.047	0.656
GNB5	MAPK9	9606.ENSP00000261837	9606.ENSP00000394560	0	0	0	0	0.060	0	0.650	0	0.656
GNB5	PIK3CB	9606.ENSP00000261837	9606.ENSP00000501150	0	0	0	0	0.054	0	0.650	0.051	0.658
GNB5	PIK3CA	9606.ENSP00000261837	9606.ENSP00000263967	0	0	0	0	0.056	0	0.650	0.051	0.659
GNB5	PLCG2	9606.ENSP00000261837	9606.ENSP00000482457	0	0	0	0	0	0	0.650	0.079	0.663
GNB5	RASGRF1	9606.ENSP00000261837	9606.ENSP00000405963	0	0	0	0	0.076	0	0.650	0.047	0.665
GNB5	PIK3R3	9606.ENSP00000261837	9606.ENSP00000262741	0	0	0	0	0	0	0.650	0.107	0.674
GNB5	PIK3R1	9606.ENSP00000261837	9606.ENSP00000428056	0	0	0	0	0	0	0.650	0.116	0.677
GNB5	MRAS	9606.ENSP00000261837	9606.ENSP00000289104	0	0	0	0	0.059	0.095	0.650	0.090	0.692
GNB5	PRKCG	9606.ENSP00000261837	9606.ENSP00000263431	0	0	0	0	0.130	0	0.650	0.069	0.692
GNB5	RAC3	9606.ENSP00000261837	9606.ENSP00000304283	0	0	0	0	0.060	0.096	0.650	0.112	0.700
GNB5	HRAS	9606.ENSP00000261837	9606.ENSP00000407586	0	0	0	0	0.059	0.095	0.650	0.143	0.710
GNB5	PRKCB	9606.ENSP00000261837	9606.ENSP00000496129	0	0	0	0	0.128	0	0.650	0.152	0.718
GNB5	NRAS	9606.ENSP00000261837	9606.ENSP00000358548	0	0	0	0	0.074	0.095	0.650	0.153	0.718
GNB5	PRKACG	9606.ENSP00000261837	9606.ENSP00000366488	0	0	0	0	0.120	0	0.650	0.181	0.725
GNB5	PRKACA	9606.ENSP00000261837	9606.ENSP00000309591	0	0	0	0	0.120	0	0.650	0.181	0.726
GNB5	PRKACB	9606.ENSP00000261837	9606.ENSP00000359719	0	0	0	0	0.135	0	0.650	0.197	0.735
GNB5	MAPK3	9606.ENSP00000261837	9606.ENSP00000263025	0	0	0	0	0.106	0.162	0.650	0.149	0.747
GNB5	PRKCA	9606.ENSP00000261837	9606.ENSP00000408695	0	0	0	0	0.118	0	0.650	0.258	0.751
GNB5	GNG10	9606.ENSP00000261837	9606.ENSP00000363411	0	0	0	0	0.055	0.296	0.540	0.345	0.772
GNB5	GNG12	9606.ENSP00000261837	9606.ENSP00000360021	0	0	0	0	0.055	0.296	0.540	0.387	0.787
GNB5	GNG8	9606.ENSP00000261837	9606.ENSP00000300873	0	0	0	0	0.055	0.367	0.540	0.387	0.809
GNB5	GNGT2	9606.ENSP00000261837	9606.ENSP00000421710	0	0	0	0	0.074	0.296	0.540	0.623	0.872
GNB5	HTR7	9606.ENSP00000261837	9606.ENSP00000337949	0	0	0	0	0	0.292	0.900	0	0.926
GNB5	GNG5	9606.ENSP00000261837	9606.ENSP00000359675	0	0	0	0	0.055	0.995	0.540	0.389	0.998
GNB5	GNG3	9606.ENSP00000261837	9606.ENSP00000294117	0	0	0	0	0.098	0.995	0.540	0.490	0.998
GNB5	GNG7	9606.ENSP00000261837	9606.ENSP00000371594	0	0	0	0	0.057	0.995	0.540	0.639	0.999
GNB5	GNG2	9606.ENSP00000261837	9606.ENSP00000334448	0	0	0	0	0.055	0.996	0.540	0.678	0.999
GNB5	GNG4	9606.ENSP00000261837	9606.ENSP00000398629	0	0	0	0	0.061	0.996	0.540	0.627	0.999
GNG10	MAPK1	9606.ENSP00000363411	9606.ENSP00000215832	0	0	0	0	0.055	0	0.650	0.064	0.664
GNG10	PIK3R2	9606.ENSP00000363411	9606.ENSP00000222254	0	0	0	0	0	0	0.650	0	0.650
GNG10	PLCG1	9606.ENSP00000363411	9606.ENSP00000244007	0	0	0	0	0	0	0.650	0	0.650
GNG10	RRAS	9606.ENSP00000363411	9606.ENSP00000246792	0	0	0	0	0	0	0.650	0	0.650
GNG10	GNG13	9606.ENSP00000363411	9606.ENSP00000248150	0	0	0	0	0	0	0.540	0.751	0.880
GNG10	GNG11	9606.ENSP00000363411	9606.ENSP00000248564	0	0	0	0	0.064	0	0.540	0.982	0.991
GNG10	GNGT1	9606.ENSP00000363411	9606.ENSP00000248572	0	0	0	0	0	0	0.540	0.290	0.659
GNG10	RAC2	9606.ENSP00000363411	9606.ENSP00000249071	0	0	0	0	0.049	0	0.650	0	0.652
GNG10	KRAS	9606.ENSP00000363411	9606.ENSP00000256078	0	0	0	0	0.049	0	0.650	0.048	0.655
GNG10	RRAS2	9606.ENSP00000363411	9606.ENSP00000256196	0	0	0	0	0	0	0.650	0	0.650
GNG10	PIK3R3	9606.ENSP00000363411	9606.ENSP00000262741	0	0	0	0	0	0	0.650	0	0.650
GNG10	MAPK3	9606.ENSP00000363411	9606.ENSP00000263025	0	0	0	0	0.050	0	0.650	0.046	0.655
GNG10	PRKCG	9606.ENSP00000363411	9606.ENSP00000263431	0	0	0	0	0.058	0	0.650	0.202	0.714
GNG10	PIK3CA	9606.ENSP00000363411	9606.ENSP00000263967	0	0	0	0	0	0	0.650	0	0.650
GNG10	RASGRF2	9606.ENSP00000363411	9606.ENSP00000265080	0	0	0	0	0	0	0.650	0.225	0.717
GNG10	PAK1	9606.ENSP00000363411	9606.ENSP00000278568	0	0	0	0	0	0	0.500	0	0.499
GNG10	MRAS	9606.ENSP00000363411	9606.ENSP00000289104	0	0	0	0	0	0	0.650	0	0.650
GNG10	GNG3	9606.ENSP00000363411	9606.ENSP00000294117	0	0	0	0.918	0	0	0.540	0.111	0.573
GNG10	GNG8	9606.ENSP00000363411	9606.ENSP00000300873	0	0	0	0.908	0	0	0.540	0.069	0.553
GNG10	RAC3	9606.ENSP00000363411	9606.ENSP00000304283	0	0	0	0	0	0	0.650	0	0.650
GNG10	PRKACA	9606.ENSP00000363411	9606.ENSP00000309591	0	0	0	0	0	0	0.650	0	0.650
GNG10	GNG2	9606.ENSP00000363411	9606.ENSP00000334448	0	0	0.060	0.926	0.067	0	0.540	0.071	0.575
GNG10	HTR7	9606.ENSP00000363411	9606.ENSP00000337949	0	0	0	0	0	0.120	0.900	0.167	0.920
GNG10	NRAS	9606.ENSP00000363411	9606.ENSP00000358548	0	0	0	0	0.044	0	0.650	0.048	0.653
GNG10	GNG5	9606.ENSP00000363411	9606.ENSP00000359675	0	0	0.055	0.944	0.072	0	0.540	0.371	0.712
GNG10	PRKACB	9606.ENSP00000363411	9606.ENSP00000359719	0	0	0	0	0	0	0.650	0.083	0.665
GNG10	GNG12	9606.ENSP00000363411	9606.ENSP00000360021	0	0	0	0.928	0.068	0	0.540	0.414	0.726
GNG10	SHC1	9606.ENSP00000363411	9606.ENSP00000401303	0	0	0	0	0	0	0.500	0	0.499
GNG10	RHOA	9606.ENSP00000363411	9606.ENSP00000400175	0	0	0	0	0.062	0	0.500	0.068	0.524
GNG10	GNG7	9606.ENSP00000363411	9606.ENSP00000371594	0	0	0	0.940	0	0	0.540	0.063	0.550
GNG10	GNG4	9606.ENSP00000363411	9606.ENSP00000398629	0	0	0	0.908	0	0	0.540	0.124	0.579
GNG10	SOS1	9606.ENSP00000363411	9606.ENSP00000384675	0	0	0	0	0	0	0.540	0.198	0.615
GNG10	PIK3CD	9606.ENSP00000363411	9606.ENSP00000366563	0	0	0	0	0.043	0	0.650	0	0.650
GNG10	PLCG2	9606.ENSP00000363411	9606.ENSP00000482457	0	0	0	0	0	0	0.650	0	0.650
GNG10	PRKACG	9606.ENSP00000363411	9606.ENSP00000366488	0	0	0	0	0	0	0.650	0	0.650
GNG10	PIK3R1	9606.ENSP00000363411	9606.ENSP00000428056	0	0	0	0	0	0	0.650	0	0.650
GNG10	HRAS	9606.ENSP00000363411	9606.ENSP00000407586	0	0	0	0	0	0	0.650	0.048	0.652
GNG10	MAPK9	9606.ENSP00000363411	9606.ENSP00000394560	0	0	0	0	0.055	0	0.650	0.065	0.664
GNG10	PRKCA	9606.ENSP00000363411	9606.ENSP00000408695	0	0	0	0	0.058	0	0.650	0.072	0.667
GNG10	PRKCB	9606.ENSP00000363411	9606.ENSP00000496129	0	0	0	0	0.060	0	0.650	0.072	0.668
GNG10	MAPK8	9606.ENSP00000363411	9606.ENSP00000378974	0	0	0	0	0.054	0	0.650	0.080	0.668
GNG10	PIK3CB	9606.ENSP00000363411	9606.ENSP00000501150	0	0	0	0	0.055	0	0.650	0.105	0.678
GNG10	RASGRF1	9606.ENSP00000363411	9606.ENSP00000405963	0	0	0	0	0	0	0.650	0.157	0.692
GNG10	GNGT2	9606.ENSP00000363411	9606.ENSP00000421710	0	0	0	0	0	0	0.540	0.435	0.728
GNG11	MAPK1	9606.ENSP00000248564	9606.ENSP00000215832	0	0	0	0	0.055	0	0.650	0	0.655
GNG11	PIK3R2	9606.ENSP00000248564	9606.ENSP00000222254	0	0	0	0	0	0	0.650	0.050	0.653
GNG11	PLCG1	9606.ENSP00000248564	9606.ENSP00000244007	0	0	0	0	0	0	0.650	0.064	0.658
GNG11	RRAS	9606.ENSP00000248564	9606.ENSP00000246792	0	0	0	0	0.098	0	0.650	0.102	0.691
GNG11	GNG13	9606.ENSP00000248564	9606.ENSP00000248150	0	0	0	0	0	0	0.540	0.509	0.764
GNG11	PAK1	9606.ENSP00000248564	9606.ENSP00000278568	0	0	0	0	0	0	0.500	0.048	0.503
GNG11	SHC1	9606.ENSP00000248564	9606.ENSP00000401303	0	0	0	0	0.062	0	0.500	0	0.510
GNG11	RHOA	9606.ENSP00000248564	9606.ENSP00000400175	0	0	0	0	0.048	0	0.500	0.057	0.511
GNG11	SOS1	9606.ENSP00000248564	9606.ENSP00000384675	0	0	0	0	0	0	0.540	0	0.540
GNG11	GNGT1	9606.ENSP00000248564	9606.ENSP00000248572	0	0	0	0.968	0	0	0.540	0.055	0.546
GNG11	GNGT2	9606.ENSP00000248564	9606.ENSP00000421710	0	0	0	0.952	0.111	0	0.540	0.059	0.581
GNG11	GNG7	9606.ENSP00000248564	9606.ENSP00000371594	0	0	0	0.874	0.049	0.092	0.540	0.108	0.598
GNG11	PRKACA	9606.ENSP00000248564	9606.ENSP00000309591	0	0	0	0	0	0	0.650	0	0.650
GNG11	PRKACG	9606.ENSP00000248564	9606.ENSP00000366488	0	0	0	0	0	0	0.650	0	0.650
GNG11	RASGRF2	9606.ENSP00000248564	9606.ENSP00000265080	0	0	0	0	0	0	0.650	0.051	0.653
GNG11	RASGRF1	9606.ENSP00000248564	9606.ENSP00000405963	0	0	0	0	0	0	0.650	0.051	0.653
GNG11	MAPK8	9606.ENSP00000248564	9606.ENSP00000378974	0	0	0	0	0.054	0	0.650	0	0.654
GNG11	RAC3	9606.ENSP00000248564	9606.ENSP00000304283	0	0	0	0	0.054	0	0.650	0	0.654
GNG11	MAPK9	9606.ENSP00000248564	9606.ENSP00000394560	0	0	0	0	0.054	0	0.650	0	0.654
GNG11	PIK3CD	9606.ENSP00000248564	9606.ENSP00000366563	0	0	0	0	0.042	0	0.650	0.064	0.658
GNG11	MRAS	9606.ENSP00000248564	9606.ENSP00000289104	0	0	0	0	0.055	0	0.650	0.052	0.659
GNG11	HRAS	9606.ENSP00000248564	9606.ENSP00000407586	0	0	0	0	0.068	0	0.650	0	0.659
GNG11	PLCG2	9606.ENSP00000248564	9606.ENSP00000482457	0	0	0	0	0.044	0	0.650	0.064	0.659
GNG11	MAPK3	9606.ENSP00000248564	9606.ENSP00000263025	0	0	0	0	0.055	0	0.650	0.064	0.663
GNG11	PRKACB	9606.ENSP00000248564	9606.ENSP00000359719	0	0	0	0	0	0	0.650	0.077	0.663
GNG11	RRAS2	9606.ENSP00000248564	9606.ENSP00000256196	0	0	0	0	0.057	0	0.650	0.067	0.665
GNG11	PIK3CA	9606.ENSP00000248564	9606.ENSP00000263967	0	0	0	0	0	0	0.650	0.091	0.668
GNG11	NRAS	9606.ENSP00000248564	9606.ENSP00000358548	0	0	0	0	0.068	0	0.650	0.078	0.672
GNG11	KRAS	9606.ENSP00000248564	9606.ENSP00000256078	0	0	0	0	0.068	0	0.650	0.082	0.674
GNG11	PRKCB	9606.ENSP00000248564	9606.ENSP00000496129	0	0	0	0	0.060	0	0.650	0.091	0.675
GNG11	PRKCG	9606.ENSP00000248564	9606.ENSP00000263431	0	0	0	0	0.058	0	0.650	0.098	0.676
GNG11	RAC2	9606.ENSP00000248564	9606.ENSP00000249071	0	0	0	0	0.066	0	0.650	0.108	0.683
GNG11	PIK3CB	9606.ENSP00000248564	9606.ENSP00000501150	0	0	0	0	0	0	0.650	0.150	0.690
GNG11	PRKCA	9606.ENSP00000248564	9606.ENSP00000408695	0	0	0	0	0.065	0	0.650	0.148	0.697
GNG11	PIK3R1	9606.ENSP00000248564	9606.ENSP00000428056	0	0	0	0	0	0	0.650	0.175	0.699
GNG11	GNG8	9606.ENSP00000248564	9606.ENSP00000300873	0	0	0	0	0.049	0	0.540	0.370	0.700
GNG11	PIK3R3	9606.ENSP00000248564	9606.ENSP00000262741	0	0	0	0	0	0	0.650	0.202	0.708
GNG11	GNG12	9606.ENSP00000248564	9606.ENSP00000360021	0	0	0	0.884	0.084	0.098	0.540	0.441	0.759
GNG11	GNG3	9606.ENSP00000248564	9606.ENSP00000294117	0	0	0	0	0	0	0.540	0.601	0.809
GNG11	GNG5	9606.ENSP00000248564	9606.ENSP00000359675	0	0	0	0	0.047	0	0.540	0.655	0.836
GNG11	GNG2	9606.ENSP00000248564	9606.ENSP00000334448	0	0	0	0	0.054	0.098	0.540	0.635	0.837
GNG11	HTR7	9606.ENSP00000248564	9606.ENSP00000337949	0	0	0	0	0	0.120	0.900	0.146	0.918
GNG11	GNG4	9606.ENSP00000248564	9606.ENSP00000398629	0	0	0	0	0	0.092	0.540	0.971	0.986
GNG12	MAPK1	9606.ENSP00000360021	9606.ENSP00000215832	0	0	0	0	0.053	0	0.650	0.207	0.714
GNG12	PIK3R2	9606.ENSP00000360021	9606.ENSP00000222254	0	0	0	0	0.042	0	0.650	0	0.650
GNG12	PLCG1	9606.ENSP00000360021	9606.ENSP00000244007	0	0	0	0	0.042	0	0.650	0.116	0.677
GNG12	RRAS	9606.ENSP00000360021	9606.ENSP00000246792	0	0	0	0	0.068	0	0.650	0.379	0.779
GNG12	GNG13	9606.ENSP00000360021	9606.ENSP00000248150	0	0	0	0	0	0	0.540	0.766	0.887
GNG12	GNGT1	9606.ENSP00000360021	9606.ENSP00000248572	0	0	0	0.852	0	0.095	0.540	0.118	0.600
GNG12	RAC2	9606.ENSP00000360021	9606.ENSP00000249071	0	0	0	0	0.042	0	0.650	0.093	0.669
GNG12	KRAS	9606.ENSP00000360021	9606.ENSP00000256078	0	0	0	0	0.042	0	0.650	0.094	0.669
GNG12	RRAS2	9606.ENSP00000360021	9606.ENSP00000256196	0	0	0	0	0.075	0	0.650	0.295	0.751
GNG12	PIK3R3	9606.ENSP00000360021	9606.ENSP00000262741	0	0	0	0	0.049	0	0.650	0.185	0.705
GNG12	MAPK3	9606.ENSP00000360021	9606.ENSP00000263025	0	0	0	0	0.055	0	0.650	0.124	0.685
GNG12	PRKCG	9606.ENSP00000360021	9606.ENSP00000263431	0	0	0	0	0.058	0	0.650	0.117	0.683
GNG12	PIK3CA	9606.ENSP00000360021	9606.ENSP00000263967	0	0	0	0	0	0	0.650	0.084	0.665
GNG12	RASGRF2	9606.ENSP00000360021	9606.ENSP00000265080	0	0	0	0	0	0	0.650	0	0.650
GNG12	PAK1	9606.ENSP00000360021	9606.ENSP00000278568	0	0	0	0	0.049	0	0.900	0	0.900
GNG12	RASA2	9606.ENSP00000360021	9606.ENSP00000286364	0	0	0	0	0.044	0	0.900	0	0.900
GNG12	MRAS	9606.ENSP00000360021	9606.ENSP00000289104	0	0	0	0	0.047	0	0.650	0.159	0.695
GNG12	GNG3	9606.ENSP00000360021	9606.ENSP00000294117	0	0	0.053	0.942	0	0.126	0.540	0.091	0.607
GNG12	GNG8	9606.ENSP00000360021	9606.ENSP00000300873	0	0	0	0.940	0	0	0.540	0.053	0.545
GNG12	RAC3	9606.ENSP00000360021	9606.ENSP00000304283	0	0	0	0	0	0	0.650	0.056	0.655
GNG12	PRKACA	9606.ENSP00000360021	9606.ENSP00000309591	0	0	0	0	0.042	0	0.650	0.051	0.654
GNG12	PAK2	9606.ENSP00000360021	9606.ENSP00000314067	0	0	0	0	0.047	0	0.900	0	0.900
GNG12	GNG2	9606.ENSP00000360021	9606.ENSP00000334448	0	0	0	0.952	0.042	0.098	0.540	0.057	0.575
GNG12	HTR7	9606.ENSP00000360021	9606.ENSP00000337949	0	0	0	0	0	0.120	0.900	0.101	0.913
GNG12	PAK3	9606.ENSP00000360021	9606.ENSP00000353864	0	0	0	0	0	0	0.900	0.113	0.907
GNG12	NRAS	9606.ENSP00000360021	9606.ENSP00000358548	0	0	0	0	0.049	0	0.650	0.211	0.714
GNG12	GNG5	9606.ENSP00000360021	9606.ENSP00000359675	0	0	0	0.930	0.044	0	0.540	0.292	0.661
GNG12	PRKACB	9606.ENSP00000360021	9606.ENSP00000359719	0	0	0	0	0.042	0	0.650	0.097	0.670
GNG12	RHOA	9606.ENSP00000360021	9606.ENSP00000400175	0	0	0	0	0.049	0	0.500	0.080	0.524
GNG12	SHC1	9606.ENSP00000360021	9606.ENSP00000401303	0	0	0	0	0.074	0	0.500	0.072	0.532
GNG12	GNG7	9606.ENSP00000360021	9606.ENSP00000371594	0	0	0.052	0.972	0	0	0.540	0.050	0.549
GNG12	SOS1	9606.ENSP00000360021	9606.ENSP00000384675	0	0	0	0	0	0	0.540	0.100	0.568
GNG12	GNG4	9606.ENSP00000360021	9606.ENSP00000398629	0	0	0	0.945	0	0.094	0.540	0.061	0.574
GNG12	PIK3CD	9606.ENSP00000360021	9606.ENSP00000366563	0	0	0	0	0.042	0	0.650	0	0.650
GNG12	RASGRF1	9606.ENSP00000360021	9606.ENSP00000405963	0	0	0	0	0	0	0.650	0	0.650
GNG12	PRKACG	9606.ENSP00000360021	9606.ENSP00000366488	0	0	0	0	0	0	0.650	0.051	0.653
GNG12	MAPK9	9606.ENSP00000360021	9606.ENSP00000394560	0	0	0	0	0.062	0	0.650	0.057	0.663
GNG12	PLCG2	9606.ENSP00000360021	9606.ENSP00000482457	0	0	0	0	0.042	0	0.650	0.090	0.668
GNG12	PIK3R1	9606.ENSP00000360021	9606.ENSP00000428056	0	0	0	0	0.047	0	0.650	0.092	0.670
GNG12	PIK3CB	9606.ENSP00000360021	9606.ENSP00000501150	0	0	0	0	0.060	0	0.650	0.081	0.671
GNG12	HRAS	9606.ENSP00000360021	9606.ENSP00000407586	0	0	0	0	0	0	0.650	0.103	0.672
GNG12	MAPK8	9606.ENSP00000360021	9606.ENSP00000378974	0	0	0	0	0.062	0	0.650	0.101	0.679
GNG12	PRKCA	9606.ENSP00000360021	9606.ENSP00000408695	0	0	0	0	0.063	0	0.650	0.143	0.694
GNG12	PRKCB	9606.ENSP00000360021	9606.ENSP00000496129	0	0	0	0	0.058	0	0.650	0.172	0.703
GNG12	GNGT2	9606.ENSP00000360021	9606.ENSP00000421710	0	0	0	0.879	0.087	0	0.540	0.401	0.726
GNG12	PAK6	9606.ENSP00000360021	9606.ENSP00000453858	0	0	0	0	0	0	0.900	0	0.900
GNG12	PAK5	9606.ENSP00000360021	9606.ENSP00000367686	0	0	0	0	0	0	0.900	0.047	0.900
GNG12	PAK4	9606.ENSP00000360021	9606.ENSP00000469413	0	0	0	0	0.042	0	0.900	0.047	0.900
GNG13	MAPK1	9606.ENSP00000248150	9606.ENSP00000215832	0	0	0	0	0.048	0	0.650	0	0.652
GNG13	PIK3R2	9606.ENSP00000248150	9606.ENSP00000222254	0	0	0	0	0	0	0.650	0	0.650
GNG13	PLCG1	9606.ENSP00000248150	9606.ENSP00000244007	0	0	0	0	0	0	0.650	0	0.650
GNG13	RRAS	9606.ENSP00000248150	9606.ENSP00000246792	0	0	0	0	0	0	0.650	0	0.650
GNG13	SHC1	9606.ENSP00000248150	9606.ENSP00000401303	0	0	0	0	0	0	0.500	0	0.499
GNG13	RHOA	9606.ENSP00000248150	9606.ENSP00000400175	0	0	0	0	0	0	0.500	0	0.499
GNG13	PAK1	9606.ENSP00000248150	9606.ENSP00000278568	0	0	0	0	0	0	0.500	0	0.499
GNG13	SOS1	9606.ENSP00000248150	9606.ENSP00000384675	0	0	0	0	0.049	0	0.540	0	0.543
GNG13	HRAS	9606.ENSP00000248150	9606.ENSP00000407586	0	0	0	0	0	0	0.650	0	0.650
GNG13	PLCG2	9606.ENSP00000248150	9606.ENSP00000482457	0	0	0	0	0.042	0	0.650	0	0.650
GNG13	PIK3CA	9606.ENSP00000248150	9606.ENSP00000263967	0	0	0	0	0	0	0.650	0	0.650
GNG13	PIK3CD	9606.ENSP00000248150	9606.ENSP00000366563	0	0	0	0	0	0	0.650	0	0.650
GNG13	NRAS	9606.ENSP00000248150	9606.ENSP00000358548	0	0	0	0	0	0	0.650	0	0.650
GNG13	RRAS2	9606.ENSP00000248150	9606.ENSP00000256196	0	0	0	0	0	0	0.650	0	0.650
GNG13	KRAS	9606.ENSP00000248150	9606.ENSP00000256078	0	0	0	0	0	0	0.650	0	0.650
GNG13	MRAS	9606.ENSP00000248150	9606.ENSP00000289104	0	0	0	0	0	0	0.650	0	0.650
GNG13	RASGRF2	9606.ENSP00000248150	9606.ENSP00000265080	0	0	0	0	0	0	0.650	0	0.650
GNG13	PIK3R1	9606.ENSP00000248150	9606.ENSP00000428056	0	0	0	0	0	0	0.650	0	0.650
GNG13	MAPK3	9606.ENSP00000248150	9606.ENSP00000263025	0	0	0	0	0.048	0	0.650	0	0.652
GNG13	MAPK8	9606.ENSP00000248150	9606.ENSP00000378974	0	0	0	0	0.054	0	0.650	0	0.654
GNG13	PIK3R3	9606.ENSP00000248150	9606.ENSP00000262741	0	0	0	0	0	0	0.650	0.059	0.656
GNG13	PIK3CB	9606.ENSP00000248150	9606.ENSP00000501150	0	0	0	0	0	0	0.650	0.069	0.660
GNG13	MAPK9	9606.ENSP00000248150	9606.ENSP00000394560	0	0	0	0	0.071	0	0.650	0	0.661
GNG13	RAC2	9606.ENSP00000248150	9606.ENSP00000249071	0	0	0	0	0	0	0.650	0.073	0.661
GNG13	PRKCB	9606.ENSP00000248150	9606.ENSP00000496129	0	0	0	0	0.066	0	0.650	0.051	0.662
GNG13	RAC3	9606.ENSP00000248150	9606.ENSP00000304283	0	0	0	0	0.086	0	0.650	0.057	0.671
GNG13	PRKACB	9606.ENSP00000248150	9606.ENSP00000359719	0	0	0	0	0	0	0.650	0.102	0.672
GNG13	PRKACA	9606.ENSP00000248150	9606.ENSP00000309591	0	0	0	0	0.042	0	0.650	0.102	0.672
GNG13	PRKACG	9606.ENSP00000248150	9606.ENSP00000366488	0	0	0	0	0	0	0.650	0.102	0.672
GNG13	RASGRF1	9606.ENSP00000248150	9606.ENSP00000405963	0	0	0	0	0.109	0	0.650	0	0.674
GNG13	GNG5	9606.ENSP00000248150	9606.ENSP00000359675	0	0	0	0	0	0	0.540	0.396	0.710
GNG13	PRKCG	9606.ENSP00000248150	9606.ENSP00000263431	0	0	0	0	0.198	0	0.650	0.169	0.746
GNG13	GNG8	9606.ENSP00000248150	9606.ENSP00000300873	0	0	0	0	0	0	0.540	0.492	0.756
GNG13	PRKCA	9606.ENSP00000248150	9606.ENSP00000408695	0	0	0	0	0.066	0	0.650	0.331	0.762
GNG13	GNG2	9606.ENSP00000248150	9606.ENSP00000334448	0	0	0	0	0	0	0.540	0.687	0.849
GNG13	GNG4	9606.ENSP00000248150	9606.ENSP00000398629	0	0	0	0	0	0	0.540	0.716	0.863
GNG13	GNGT1	9606.ENSP00000248150	9606.ENSP00000248572	0	0	0	0	0	0	0.540	0.768	0.888
GNG13	GNGT2	9606.ENSP00000248150	9606.ENSP00000421710	0	0	0	0	0.044	0	0.540	0.780	0.894
GNG13	HTR7	9606.ENSP00000248150	9606.ENSP00000337949	0	0	0	0	0	0.120	0.900	0.108	0.914
GNG13	GNG7	9606.ENSP00000248150	9606.ENSP00000371594	0	0	0	0	0.068	0	0.900	0.476	0.946
GNG13	GNG3	9606.ENSP00000248150	9606.ENSP00000294117	0	0	0	0	0.159	0	0.540	0.873	0.946
GNG2	MAPK1	9606.ENSP00000334448	9606.ENSP00000215832	0	0	0	0	0.065	0	0.650	0.148	0.697
GNG2	PIK3R2	9606.ENSP00000334448	9606.ENSP00000222254	0	0	0	0	0	0	0.650	0	0.650
GNG2	PLCG1	9606.ENSP00000334448	9606.ENSP00000244007	0	0	0	0	0.045	0	0.650	0.086	0.668
GNG2	RRAS	9606.ENSP00000334448	9606.ENSP00000246792	0	0	0	0	0.056	0	0.650	0.109	0.679
GNG2	GNGT1	9606.ENSP00000334448	9606.ENSP00000248572	0	0	0	0.854	0	0.092	0.540	0.136	0.607
GNG2	RAC2	9606.ENSP00000334448	9606.ENSP00000249071	0	0	0	0	0.083	0	0.650	0.105	0.687
GNG2	KRAS	9606.ENSP00000334448	9606.ENSP00000256078	0	0	0	0	0.043	0	0.650	0.091	0.668
GNG2	RRAS2	9606.ENSP00000334448	9606.ENSP00000256196	0	0	0	0	0.057	0	0.650	0.047	0.658
GNG2	PIK3R3	9606.ENSP00000334448	9606.ENSP00000262741	0	0	0	0	0	0	0.650	0.160	0.693
GNG2	MAPK3	9606.ENSP00000334448	9606.ENSP00000263025	0	0	0	0	0.048	0	0.650	0.143	0.689
GNG2	PRKCG	9606.ENSP00000334448	9606.ENSP00000263431	0	0	0	0	0.058	0	0.650	0.209	0.716
GNG2	PIK3CA	9606.ENSP00000334448	9606.ENSP00000263967	0	0	0	0	0.049	0	0.650	0.333	0.758
GNG2	RASGRF2	9606.ENSP00000334448	9606.ENSP00000265080	0	0	0	0	0.045	0	0.650	0.086	0.667
GNG2	PAK1	9606.ENSP00000334448	9606.ENSP00000278568	0	0	0	0	0.076	0	0.500	0.043	0.519
GNG2	MRAS	9606.ENSP00000334448	9606.ENSP00000289104	0	0	0	0	0.061	0	0.650	0.094	0.676
GNG2	GNG3	9606.ENSP00000334448	9606.ENSP00000294117	0	0	0.051	0.970	0.044	0.098	0.540	0.338	0.705
GNG2	GNG8	9606.ENSP00000334448	9606.ENSP00000300873	0	0	0	0.967	0	0	0.540	0.048	0.543
GNG2	RAC3	9606.ENSP00000334448	9606.ENSP00000304283	0	0	0	0	0	0	0.650	0	0.650
GNG2	PRKACA	9606.ENSP00000334448	9606.ENSP00000309591	0	0	0	0	0.043	0	0.650	0.056	0.656
GNG2	SHC1	9606.ENSP00000334448	9606.ENSP00000401303	0	0	0	0	0	0	0.500	0.056	0.507
GNG2	GNG4	9606.ENSP00000334448	9606.ENSP00000398629	0	0	0.049	0.972	0	0	0.540	0.060	0.553
GNG2	GNG5	9606.ENSP00000334448	9606.ENSP00000359675	0	0	0.065	0.925	0	0	0.540	0.081	0.570
GNG2	GNG7	9606.ENSP00000334448	9606.ENSP00000371594	0	0	0	0.957	0.042	0.091	0.540	0.062	0.573
GNG2	SOS1	9606.ENSP00000334448	9606.ENSP00000384675	0	0	0	0	0	0	0.540	0.139	0.587
GNG2	GNGT2	9606.ENSP00000334448	9606.ENSP00000421710	0	0	0	0.860	0.059	0	0.540	0.197	0.622
GNG2	PRKACG	9606.ENSP00000334448	9606.ENSP00000366488	0	0	0	0	0	0	0.650	0	0.650
GNG2	NRAS	9606.ENSP00000334448	9606.ENSP00000358548	0	0	0	0	0.044	0	0.650	0	0.651
GNG2	MAPK9	9606.ENSP00000334448	9606.ENSP00000394560	0	0	0	0	0.054	0	0.650	0.046	0.656
GNG2	PIK3CD	9606.ENSP00000334448	9606.ENSP00000366563	0	0	0	0	0.070	0	0.650	0	0.660
GNG2	HRAS	9606.ENSP00000334448	9606.ENSP00000407586	0	0	0	0	0	0	0.650	0.069	0.660
GNG2	RASGRF1	9606.ENSP00000334448	9606.ENSP00000405963	0	0	0	0	0	0	0.650	0.086	0.666
GNG2	PLCG2	9606.ENSP00000334448	9606.ENSP00000482457	0	0	0	0	0.044	0	0.650	0.100	0.672
GNG2	MAPK8	9606.ENSP00000334448	9606.ENSP00000378974	0	0	0	0	0.055	0	0.650	0.090	0.673
GNG2	PIK3CB	9606.ENSP00000334448	9606.ENSP00000501150	0	0	0	0	0.053	0	0.650	0.138	0.689
GNG2	PIK3R1	9606.ENSP00000334448	9606.ENSP00000428056	0	0	0	0	0.061	0	0.650	0.138	0.691
GNG2	RHOA	9606.ENSP00000334448	9606.ENSP00000400175	0	0	0	0	0.043	0	0.500	0.425	0.700
GNG2	PRKCA	9606.ENSP00000334448	9606.ENSP00000408695	0	0	0	0	0.070	0	0.650	0.165	0.704
GNG2	PRKACB	9606.ENSP00000334448	9606.ENSP00000359719	0	0	0	0	0.062	0	0.650	0.174	0.705
GNG2	PRKCB	9606.ENSP00000334448	9606.ENSP00000496129	0	0	0	0	0.200	0	0.650	0.076	0.719
GNG2	HTR7	9606.ENSP00000334448	9606.ENSP00000337949	0	0	0	0	0	0.831	0.900	0.076	0.983
GNG3	MAPK1	9606.ENSP00000294117	9606.ENSP00000215832	0	0	0	0	0.048	0	0.650	0	0.652
GNG3	PIK3R2	9606.ENSP00000294117	9606.ENSP00000222254	0	0	0	0	0	0	0.650	0	0.650
GNG3	PLCG1	9606.ENSP00000294117	9606.ENSP00000244007	0	0	0	0	0	0	0.650	0.078	0.663
GNG3	RRAS	9606.ENSP00000294117	9606.ENSP00000246792	0	0	0	0	0.060	0	0.650	0.105	0.679
GNG3	GNGT1	9606.ENSP00000294117	9606.ENSP00000248572	0	0	0	0	0	0	0.540	0.481	0.751
GNG3	RAC2	9606.ENSP00000294117	9606.ENSP00000249071	0	0	0	0	0.067	0	0.650	0	0.659
GNG3	KRAS	9606.ENSP00000294117	9606.ENSP00000256078	0	0	0	0	0.049	0	0.650	0	0.652
GNG3	RRAS2	9606.ENSP00000294117	9606.ENSP00000256196	0	0	0	0	0.060	0	0.650	0.066	0.665
GNG3	PIK3R3	9606.ENSP00000294117	9606.ENSP00000262741	0	0	0	0	0	0	0.650	0	0.650
GNG3	MAPK3	9606.ENSP00000294117	9606.ENSP00000263025	0	0	0	0	0.048	0	0.650	0	0.652
GNG3	PRKCG	9606.ENSP00000294117	9606.ENSP00000263431	0	0	0	0	0.193	0	0.650	0.193	0.752
GNG3	PIK3CA	9606.ENSP00000294117	9606.ENSP00000263967	0	0	0	0	0	0	0.650	0	0.650
GNG3	RASGRF2	9606.ENSP00000294117	9606.ENSP00000265080	0	0	0	0	0.081	0	0.650	0	0.664
GNG3	PAK1	9606.ENSP00000294117	9606.ENSP00000278568	0	0	0	0	0.111	0	0.500	0.075	0.553
GNG3	MRAS	9606.ENSP00000294117	9606.ENSP00000289104	0	0	0	0	0.090	0	0.650	0.050	0.671
GNG3	RHOA	9606.ENSP00000294117	9606.ENSP00000400175	0	0	0	0	0.067	0	0.500	0.058	0.522
GNG3	SHC1	9606.ENSP00000294117	9606.ENSP00000401303	0	0	0	0	0.102	0	0.500	0	0.531
GNG3	SOS1	9606.ENSP00000294117	9606.ENSP00000384675	0	0	0	0	0.055	0	0.540	0	0.546
GNG3	GNG5	9606.ENSP00000294117	9606.ENSP00000359675	0	0	0	0.910	0	0	0.540	0.083	0.560
GNG3	GNG8	9606.ENSP00000294117	9606.ENSP00000300873	0	0	0.049	0.951	0.059	0	0.540	0.060	0.561
GNG3	GNG4	9606.ENSP00000294117	9606.ENSP00000398629	0	0	0.055	0.959	0.063	0.094	0.540	0.060	0.589
GNG3	GNGT2	9606.ENSP00000294117	9606.ENSP00000421710	0	0	0	0.855	0	0	0.540	0.211	0.621
GNG3	PIK3CB	9606.ENSP00000294117	9606.ENSP00000501150	0	0	0	0	0	0	0.650	0	0.650
GNG3	PIK3CD	9606.ENSP00000294117	9606.ENSP00000366563	0	0	0	0	0	0	0.650	0	0.650
GNG3	NRAS	9606.ENSP00000294117	9606.ENSP00000358548	0	0	0	0	0.049	0	0.650	0	0.652
GNG3	PIK3R1	9606.ENSP00000294117	9606.ENSP00000428056	0	0	0	0	0	0	0.650	0.051	0.653
GNG3	MAPK8	9606.ENSP00000294117	9606.ENSP00000378974	0	0	0	0	0.054	0	0.650	0	0.654
GNG3	MAPK9	9606.ENSP00000294117	9606.ENSP00000394560	0	0	0	0	0.054	0	0.650	0	0.654
GNG3	PLCG2	9606.ENSP00000294117	9606.ENSP00000482457	0	0	0	0	0	0	0.650	0.063	0.658
GNG3	PRKACG	9606.ENSP00000294117	9606.ENSP00000366488	0	0	0	0	0	0	0.650	0.063	0.658
GNG3	RAC3	9606.ENSP00000294117	9606.ENSP00000304283	0	0	0	0	0.067	0	0.650	0	0.659
GNG3	PRKACA	9606.ENSP00000294117	9606.ENSP00000309591	0	0	0	0	0	0	0.650	0.069	0.660
GNG3	HRAS	9606.ENSP00000294117	9606.ENSP00000407586	0	0	0	0	0.055	0	0.650	0.067	0.664
GNG3	PRKACB	9606.ENSP00000294117	9606.ENSP00000359719	0	0	0	0	0.074	0	0.650	0.081	0.676
GNG3	PRKCA	9606.ENSP00000294117	9606.ENSP00000408695	0	0	0	0	0.074	0	0.650	0.086	0.678
GNG3	RASGRF1	9606.ENSP00000294117	9606.ENSP00000405963	0	0	0	0	0.127	0	0.650	0	0.681
GNG3	PRKCB	9606.ENSP00000294117	9606.ENSP00000496129	0	0	0	0	0.103	0	0.650	0.127	0.702
GNG3	GNG7	9606.ENSP00000294117	9606.ENSP00000371594	0	0	0	0.947	0.082	0.109	0.540	0.324	0.711
GNG3	HTR7	9606.ENSP00000294117	9606.ENSP00000337949	0	0	0	0	0.054	0.120	0.900	0.085	0.913
GNG4	MAPK1	9606.ENSP00000398629	9606.ENSP00000215832	0	0	0	0	0.048	0	0.650	0.115	0.679
GNG4	PIK3R2	9606.ENSP00000398629	9606.ENSP00000222254	0	0	0	0	0	0	0.650	0.403	0.782
GNG4	PLCG1	9606.ENSP00000398629	9606.ENSP00000244007	0	0	0	0	0.042	0	0.650	0.074	0.662
GNG4	RRAS	9606.ENSP00000398629	9606.ENSP00000246792	0	0	0	0	0.056	0	0.650	0.057	0.661
GNG4	GNGT1	9606.ENSP00000398629	9606.ENSP00000248572	0	0	0	0	0.042	0.092	0.540	0.846	0.930
GNG4	RAC2	9606.ENSP00000398629	9606.ENSP00000249071	0	0	0	0	0	0	0.650	0	0.650
GNG4	KRAS	9606.ENSP00000398629	9606.ENSP00000256078	0	0	0	0	0.042	0	0.650	0.108	0.674
GNG4	RRAS2	9606.ENSP00000398629	9606.ENSP00000256196	0	0	0	0	0.056	0	0.650	0.047	0.657
GNG4	PIK3R3	9606.ENSP00000398629	9606.ENSP00000262741	0	0	0	0	0	0	0.650	0.101	0.671
GNG4	MAPK3	9606.ENSP00000398629	9606.ENSP00000263025	0	0	0	0	0.048	0	0.650	0.102	0.674
GNG4	PRKCG	9606.ENSP00000398629	9606.ENSP00000263431	0	0	0	0	0.082	0	0.650	0.119	0.692
GNG4	PIK3CA	9606.ENSP00000398629	9606.ENSP00000263967	0	0	0	0	0	0	0.650	0.068	0.659
GNG4	RASGRF2	9606.ENSP00000398629	9606.ENSP00000265080	0	0	0	0	0	0	0.650	0.086	0.666
GNG4	PAK1	9606.ENSP00000398629	9606.ENSP00000278568	0	0	0	0	0.074	0	0.500	0.043	0.518
GNG4	MRAS	9606.ENSP00000398629	9606.ENSP00000289104	0	0	0	0	0.056	0	0.650	0.066	0.664
GNG4	GNG8	9606.ENSP00000398629	9606.ENSP00000300873	0	0	0	0.959	0.043	0	0.540	0.053	0.546
GNG4	RAC3	9606.ENSP00000398629	9606.ENSP00000304283	0	0	0	0	0.054	0	0.650	0	0.654
GNG4	PRKACA	9606.ENSP00000398629	9606.ENSP00000309591	0	0	0	0	0	0	0.650	0	0.650
GNG4	HTR7	9606.ENSP00000398629	9606.ENSP00000337949	0	0	0	0	0	0.190	0.900	0.091	0.919
GNG4	NRAS	9606.ENSP00000398629	9606.ENSP00000358548	0	0	0	0	0.050	0	0.650	0	0.653
GNG4	GNG5	9606.ENSP00000398629	9606.ENSP00000359675	0	0	0	0.911	0	0	0.540	0.089	0.563
GNG4	PRKACB	9606.ENSP00000398629	9606.ENSP00000359719	0	0	0	0	0	0	0.650	0.280	0.737
GNG4	PRKACG	9606.ENSP00000398629	9606.ENSP00000366488	0	0	0	0	0	0	0.650	0	0.650
GNG4	PIK3CD	9606.ENSP00000398629	9606.ENSP00000366563	0	0	0	0	0	0	0.650	0.374	0.771
GNG4	GNG7	9606.ENSP00000398629	9606.ENSP00000371594	0	0	0	0.949	0	0.091	0.540	0.283	0.674
GNG4	MAPK8	9606.ENSP00000398629	9606.ENSP00000378974	0	0	0	0	0.060	0	0.650	0.385	0.780
GNG4	SOS1	9606.ENSP00000398629	9606.ENSP00000384675	0	0	0	0	0	0	0.540	0.057	0.547
GNG4	MAPK9	9606.ENSP00000398629	9606.ENSP00000394560	0	0	0	0	0.054	0	0.650	0.081	0.669
GNG4	SHC1	9606.ENSP00000398629	9606.ENSP00000401303	0	0	0	0	0	0	0.500	0	0.499
GNG4	RHOA	9606.ENSP00000398629	9606.ENSP00000400175	0	0	0	0	0	0	0.500	0	0.499
GNG4	PLCG2	9606.ENSP00000398629	9606.ENSP00000482457	0	0	0	0	0	0	0.650	0.057	0.655
GNG4	HRAS	9606.ENSP00000398629	9606.ENSP00000407586	0	0	0	0	0	0	0.650	0.055	0.655
GNG4	PIK3R1	9606.ENSP00000398629	9606.ENSP00000428056	0	0	0	0	0	0	0.650	0.088	0.667
GNG4	RASGRF1	9606.ENSP00000398629	9606.ENSP00000405963	0	0	0	0	0	0	0.650	0.128	0.682
GNG4	PRKCA	9606.ENSP00000398629	9606.ENSP00000408695	0	0	0	0	0.074	0	0.650	0.115	0.688
GNG4	PIK3CB	9606.ENSP00000398629	9606.ENSP00000501150	0	0	0	0	0	0	0.650	0.338	0.758
GNG4	PRKCB	9606.ENSP00000398629	9606.ENSP00000496129	0	0	0	0	0.060	0	0.650	0.401	0.785
GNG4	GNGT2	9606.ENSP00000398629	9606.ENSP00000421710	0	0	0	0	0	0	0.540	0.876	0.940
GNG5	MAPK1	9606.ENSP00000359675	9606.ENSP00000215832	0	0	0	0	0.054	0	0.650	0.107	0.678
GNG5	PIK3R2	9606.ENSP00000359675	9606.ENSP00000222254	0	0	0	0	0.047	0	0.650	0	0.652
GNG5	PLCG1	9606.ENSP00000359675	9606.ENSP00000244007	0	0	0	0	0.042	0	0.650	0	0.650
GNG5	RRAS	9606.ENSP00000359675	9606.ENSP00000246792	0	0	0	0	0.049	0	0.650	0	0.652
GNG5	GNGT1	9606.ENSP00000359675	9606.ENSP00000248572	0	0	0	0	0	0	0.540	0.424	0.724
GNG5	RAC2	9606.ENSP00000359675	9606.ENSP00000249071	0	0	0	0	0.094	0	0.650	0.132	0.700
GNG5	KRAS	9606.ENSP00000359675	9606.ENSP00000256078	0	0	0	0	0.042	0.143	0.650	0.060	0.693
GNG5	RRAS2	9606.ENSP00000359675	9606.ENSP00000256196	0	0	0	0	0.042	0	0.650	0	0.650
GNG5	PIK3R3	9606.ENSP00000359675	9606.ENSP00000262741	0	0	0	0	0	0	0.650	0.065	0.659
GNG5	MAPK3	9606.ENSP00000359675	9606.ENSP00000263025	0	0	0	0	0.066	0	0.650	0.052	0.663
GNG5	PRKCG	9606.ENSP00000359675	9606.ENSP00000263431	0	0	0	0	0.058	0	0.650	0.175	0.704
GNG5	PIK3CA	9606.ENSP00000359675	9606.ENSP00000263967	0	0	0	0	0	0	0.650	0.069	0.660
GNG5	RASGRF2	9606.ENSP00000359675	9606.ENSP00000265080	0	0	0	0	0	0	0.650	0.095	0.669
GNG5	PAK1	9606.ENSP00000359675	9606.ENSP00000278568	0	0	0	0	0.047	0	0.500	0.057	0.511
GNG5	MRAS	9606.ENSP00000359675	9606.ENSP00000289104	0	0	0	0	0	0	0.650	0	0.650
GNG5	GNG8	9606.ENSP00000359675	9606.ENSP00000300873	0	0	0	0.905	0	0	0.540	0.070	0.553
GNG5	RAC3	9606.ENSP00000359675	9606.ENSP00000304283	0	0	0	0	0.087	0	0.650	0.132	0.698
GNG5	PRKACA	9606.ENSP00000359675	9606.ENSP00000309591	0	0	0	0	0.049	0	0.650	0	0.652
GNG5	HTR7	9606.ENSP00000359675	9606.ENSP00000337949	0	0	0	0	0	0.120	0.900	0.146	0.918
GNG5	NRAS	9606.ENSP00000359675	9606.ENSP00000358548	0	0	0	0	0.073	0	0.650	0	0.661
GNG5	SHC1	9606.ENSP00000359675	9606.ENSP00000401303	0	0	0	0	0.053	0	0.500	0	0.506
GNG5	SOS1	9606.ENSP00000359675	9606.ENSP00000384675	0	0	0	0	0.042	0	0.540	0	0.540
GNG5	GNG7	9606.ENSP00000359675	9606.ENSP00000371594	0	0	0	0.941	0	0	0.540	0.065	0.551
GNG5	PRKACG	9606.ENSP00000359675	9606.ENSP00000366488	0	0	0	0	0	0	0.650	0	0.650
GNG5	RASGRF1	9606.ENSP00000359675	9606.ENSP00000405963	0	0	0	0	0	0	0.650	0	0.650
GNG5	PLCG2	9606.ENSP00000359675	9606.ENSP00000482457	0	0	0	0	0.042	0	0.650	0	0.650
GNG5	PIK3CD	9606.ENSP00000359675	9606.ENSP00000366563	0	0	0	0	0.042	0	0.650	0	0.650
GNG5	PIK3R1	9606.ENSP00000359675	9606.ENSP00000428056	0	0	0	0	0.049	0	0.650	0	0.652
GNG5	HRAS	9606.ENSP00000359675	9606.ENSP00000407586	0	0	0	0	0.042	0	0.650	0.058	0.656
GNG5	PRKACB	9606.ENSP00000359675	9606.ENSP00000359719	0	0	0	0	0.042	0	0.650	0.064	0.658
GNG5	MAPK9	9606.ENSP00000359675	9606.ENSP00000394560	0	0	0	0	0.075	0	0.650	0	0.662
GNG5	MAPK8	9606.ENSP00000359675	9606.ENSP00000378974	0	0	0	0	0.084	0	0.650	0	0.666
GNG5	PIK3CB	9606.ENSP00000359675	9606.ENSP00000501150	0	0	0	0	0.042	0	0.650	0.091	0.668
GNG5	RHOA	9606.ENSP00000359675	9606.ENSP00000400175	0	0	0	0	0.086	0	0.500	0.389	0.696
GNG5	PRKCA	9606.ENSP00000359675	9606.ENSP00000408695	0	0	0	0	0.058	0	0.650	0.201	0.714
GNG5	PRKCB	9606.ENSP00000359675	9606.ENSP00000496129	0	0	0	0	0.058	0	0.650	0.255	0.733
GNG5	GNGT2	9606.ENSP00000359675	9606.ENSP00000421710	0	0	0	0	0	0	0.540	0.446	0.734
GNG7	MAPK1	9606.ENSP00000371594	9606.ENSP00000215832	0	0	0	0	0.048	0	0.650	0.082	0.667
GNG7	PIK3R2	9606.ENSP00000371594	9606.ENSP00000222254	0	0	0	0	0.049	0	0.650	0.052	0.656
GNG7	PLCG1	9606.ENSP00000371594	9606.ENSP00000244007	0	0	0	0	0.042	0	0.650	0.052	0.654
GNG7	RRAS	9606.ENSP00000371594	9606.ENSP00000246792	0	0	0	0	0	0	0.650	0.115	0.677
GNG7	GNGT1	9606.ENSP00000371594	9606.ENSP00000248572	0	0	0	0	0	0.092	0.540	0.461	0.755
GNG7	RAC2	9606.ENSP00000371594	9606.ENSP00000249071	0	0	0	0	0.042	0	0.650	0.056	0.655
GNG7	KRAS	9606.ENSP00000371594	9606.ENSP00000256078	0	0	0	0	0	0	0.650	0.101	0.671
GNG7	RRAS2	9606.ENSP00000371594	9606.ENSP00000256196	0	0	0	0	0	0	0.650	0.115	0.677
GNG7	PIK3R3	9606.ENSP00000371594	9606.ENSP00000262741	0	0	0	0	0	0	0.650	0.158	0.692
GNG7	MAPK3	9606.ENSP00000371594	9606.ENSP00000263025	0	0	0	0	0.055	0	0.650	0.083	0.670
GNG7	PRKCG	9606.ENSP00000371594	9606.ENSP00000263431	0	0	0	0	0.096	0	0.650	0.140	0.704
GNG7	PIK3CA	9606.ENSP00000371594	9606.ENSP00000263967	0	0	0	0	0	0	0.650	0	0.650
GNG7	RASGRF2	9606.ENSP00000371594	9606.ENSP00000265080	0	0	0	0	0	0	0.650	0	0.650
GNG7	PAK1	9606.ENSP00000371594	9606.ENSP00000278568	0	0	0	0	0	0	0.500	0	0.499
GNG7	MRAS	9606.ENSP00000371594	9606.ENSP00000289104	0	0	0	0	0.042	0	0.650	0.126	0.681
GNG7	GNG8	9606.ENSP00000371594	9606.ENSP00000300873	0	0	0	0.941	0.056	0	0.540	0.064	0.558
GNG7	RAC3	9606.ENSP00000371594	9606.ENSP00000304283	0	0	0	0	0	0	0.650	0.056	0.655
GNG7	PRKACA	9606.ENSP00000371594	9606.ENSP00000309591	0	0	0	0	0.049	0	0.650	0.051	0.656
GNG7	HTR7	9606.ENSP00000371594	9606.ENSP00000337949	0	0	0	0	0	0.120	0.900	0.083	0.912
GNG7	NRAS	9606.ENSP00000371594	9606.ENSP00000358548	0	0	0	0	0	0	0.650	0.065	0.658
GNG7	PRKACB	9606.ENSP00000371594	9606.ENSP00000359719	0	0	0	0	0	0	0.650	0.076	0.663
GNG7	PRKACG	9606.ENSP00000371594	9606.ENSP00000366488	0	0	0	0	0	0	0.650	0.051	0.653
GNG7	PIK3CD	9606.ENSP00000371594	9606.ENSP00000366563	0	0	0	0	0.060	0	0.650	0	0.656
GNG7	RHOA	9606.ENSP00000371594	9606.ENSP00000400175	0	0	0	0	0	0	0.500	0	0.499
GNG7	SHC1	9606.ENSP00000371594	9606.ENSP00000401303	0	0	0	0	0	0	0.500	0	0.499
GNG7	SOS1	9606.ENSP00000371594	9606.ENSP00000384675	0	0	0	0	0	0	0.540	0.101	0.568
GNG7	GNGT2	9606.ENSP00000371594	9606.ENSP00000421710	0	0	0	0.882	0.086	0	0.540	0.161	0.616
GNG7	PIK3CB	9606.ENSP00000371594	9606.ENSP00000501150	0	0	0	0	0	0	0.650	0	0.650
GNG7	PIK3R1	9606.ENSP00000371594	9606.ENSP00000428056	0	0	0	0	0	0	0.650	0.052	0.654
GNG7	MAPK9	9606.ENSP00000371594	9606.ENSP00000394560	0	0	0	0	0.055	0	0.650	0.057	0.660
GNG7	HRAS	9606.ENSP00000371594	9606.ENSP00000407586	0	0	0	0	0	0	0.650	0.081	0.664
GNG7	MAPK8	9606.ENSP00000371594	9606.ENSP00000378974	0	0	0	0	0.055	0	0.650	0.072	0.666
GNG7	RASGRF1	9606.ENSP00000371594	9606.ENSP00000405963	0	0	0	0	0.080	0	0.650	0.060	0.670
GNG7	PRKCA	9606.ENSP00000371594	9606.ENSP00000408695	0	0	0	0	0.058	0	0.650	0.158	0.698
GNG7	PLCG2	9606.ENSP00000371594	9606.ENSP00000482457	0	0	0	0	0.107	0	0.650	0.129	0.704
GNG7	PRKCB	9606.ENSP00000371594	9606.ENSP00000496129	0	0	0	0	0.106	0	0.650	0.158	0.713
GNG8	MAPK1	9606.ENSP00000300873	9606.ENSP00000215832	0	0	0	0	0.048	0	0.650	0	0.652
GNG8	PIK3R2	9606.ENSP00000300873	9606.ENSP00000222254	0	0	0	0	0	0	0.650	0	0.650
GNG8	PLCG1	9606.ENSP00000300873	9606.ENSP00000244007	0	0	0	0	0	0	0.650	0	0.650
GNG8	RRAS	9606.ENSP00000300873	9606.ENSP00000246792	0	0	0	0	0.044	0	0.650	0.063	0.659
GNG8	GNGT1	9606.ENSP00000300873	9606.ENSP00000248572	0	0	0	0	0	0	0.540	0.285	0.657
GNG8	RAC2	9606.ENSP00000300873	9606.ENSP00000249071	0	0	0	0	0	0	0.650	0.055	0.655
GNG8	KRAS	9606.ENSP00000300873	9606.ENSP00000256078	0	0	0	0	0	0	0.650	0	0.650
GNG8	RRAS2	9606.ENSP00000300873	9606.ENSP00000256196	0	0	0	0	0	0	0.650	0	0.650
GNG8	PIK3R3	9606.ENSP00000300873	9606.ENSP00000262741	0	0	0	0	0	0	0.650	0	0.650
GNG8	MAPK3	9606.ENSP00000300873	9606.ENSP00000263025	0	0	0	0	0.048	0	0.650	0.059	0.659
GNG8	PRKCG	9606.ENSP00000300873	9606.ENSP00000263431	0	0	0	0	0.058	0	0.650	0.077	0.669
GNG8	PIK3CA	9606.ENSP00000300873	9606.ENSP00000263967	0	0	0	0	0	0	0.650	0.052	0.654
GNG8	RASGRF2	9606.ENSP00000300873	9606.ENSP00000265080	0	0	0	0	0	0	0.650	0.128	0.681
GNG8	PAK1	9606.ENSP00000300873	9606.ENSP00000278568	0	0	0	0	0	0	0.500	0	0.499
GNG8	MRAS	9606.ENSP00000300873	9606.ENSP00000289104	0	0	0	0	0	0	0.650	0.149	0.689
GNG8	RHOA	9606.ENSP00000300873	9606.ENSP00000400175	0	0	0	0	0	0	0.500	0	0.499
GNG8	SHC1	9606.ENSP00000300873	9606.ENSP00000401303	0	0	0	0	0	0	0.500	0	0.499
GNG8	SOS1	9606.ENSP00000300873	9606.ENSP00000384675	0	0	0	0	0	0	0.540	0.047	0.542
GNG8	PRKACA	9606.ENSP00000300873	9606.ENSP00000309591	0	0	0	0	0	0	0.650	0	0.650
GNG8	PIK3CB	9606.ENSP00000300873	9606.ENSP00000501150	0	0	0	0	0	0	0.650	0	0.650
GNG8	PRKACB	9606.ENSP00000300873	9606.ENSP00000359719	0	0	0	0	0	0	0.650	0	0.650
GNG8	PIK3R1	9606.ENSP00000300873	9606.ENSP00000428056	0	0	0	0	0	0	0.650	0	0.650
GNG8	PRKACG	9606.ENSP00000300873	9606.ENSP00000366488	0	0	0	0	0	0	0.650	0	0.650
GNG8	NRAS	9606.ENSP00000300873	9606.ENSP00000358548	0	0	0	0	0	0	0.650	0	0.650
GNG8	HRAS	9606.ENSP00000300873	9606.ENSP00000407586	0	0	0	0	0	0	0.650	0	0.650
GNG8	MAPK9	9606.ENSP00000300873	9606.ENSP00000394560	0	0	0	0	0.054	0	0.650	0	0.654
GNG8	RAC3	9606.ENSP00000300873	9606.ENSP00000304283	0	0	0	0	0	0	0.650	0.055	0.655
GNG8	PLCG2	9606.ENSP00000300873	9606.ENSP00000482457	0	0	0	0	0	0	0.650	0.058	0.656
GNG8	MAPK8	9606.ENSP00000300873	9606.ENSP00000378974	0	0	0	0	0.054	0	0.650	0.049	0.657
GNG8	PIK3CD	9606.ENSP00000300873	9606.ENSP00000366563	0	0	0	0	0.047	0	0.650	0.069	0.662
GNG8	PRKCA	9606.ENSP00000300873	9606.ENSP00000408695	0	0	0	0	0.058	0	0.650	0.093	0.674
GNG8	PRKCB	9606.ENSP00000300873	9606.ENSP00000496129	0	0	0	0	0.058	0	0.650	0.112	0.681
GNG8	RASGRF1	9606.ENSP00000300873	9606.ENSP00000405963	0	0	0	0	0	0	0.650	0.160	0.693
GNG8	GNGT2	9606.ENSP00000300873	9606.ENSP00000421710	0	0	0	0	0.044	0	0.540	0.507	0.764
GNG8	HTR7	9606.ENSP00000300873	9606.ENSP00000337949	0	0	0	0	0	0.120	0.900	0.081	0.912
GNGT1	MAPK1	9606.ENSP00000248572	9606.ENSP00000215832	0	0	0	0	0.055	0	0.650	0	0.655
GNGT1	PIK3R2	9606.ENSP00000248572	9606.ENSP00000222254	0	0	0	0	0	0	0.650	0.050	0.653
GNGT1	PLCG1	9606.ENSP00000248572	9606.ENSP00000244007	0	0	0	0	0	0	0.650	0.064	0.658
GNGT1	RRAS	9606.ENSP00000248572	9606.ENSP00000246792	0	0	0	0	0.055	0	0.650	0.089	0.672
GNGT1	SHC1	9606.ENSP00000248572	9606.ENSP00000401303	0	0	0	0	0	0	0.500	0	0.499
GNGT1	RHOA	9606.ENSP00000248572	9606.ENSP00000400175	0	0	0	0	0	0	0.500	0	0.499
GNGT1	PAK1	9606.ENSP00000248572	9606.ENSP00000278568	0	0	0	0	0	0	0.500	0.048	0.503
GNGT1	SOS1	9606.ENSP00000248572	9606.ENSP00000384675	0	0	0	0	0	0	0.540	0.069	0.553
GNGT1	GNGT2	9606.ENSP00000248572	9606.ENSP00000421710	0	0	0.058	0.950	0.111	0	0.540	0.085	0.600
GNGT1	RASGRF1	9606.ENSP00000248572	9606.ENSP00000405963	0	0	0	0	0	0	0.650	0.051	0.653
GNGT1	RAC3	9606.ENSP00000248572	9606.ENSP00000304283	0	0	0	0	0.054	0	0.650	0	0.654
GNGT1	RAC2	9606.ENSP00000248572	9606.ENSP00000249071	0	0	0	0	0.054	0	0.650	0	0.654
GNGT1	MAPK8	9606.ENSP00000248572	9606.ENSP00000378974	0	0	0	0	0.054	0	0.650	0	0.654
GNGT1	MAPK9	9606.ENSP00000248572	9606.ENSP00000394560	0	0	0	0	0.054	0	0.650	0	0.654
GNGT1	MAPK3	9606.ENSP00000248572	9606.ENSP00000263025	0	0	0	0	0.055	0	0.650	0	0.655
GNGT1	PRKACB	9606.ENSP00000248572	9606.ENSP00000359719	0	0	0	0	0	0	0.650	0.062	0.657
GNGT1	PRKACA	9606.ENSP00000248572	9606.ENSP00000309591	0	0	0	0	0	0	0.650	0.063	0.658
GNGT1	PIK3CD	9606.ENSP00000248572	9606.ENSP00000366563	0	0	0	0	0	0	0.650	0.064	0.658
GNGT1	PLCG2	9606.ENSP00000248572	9606.ENSP00000482457	0	0	0	0	0	0	0.650	0.064	0.658
GNGT1	PRKCG	9606.ENSP00000248572	9606.ENSP00000263431	0	0	0	0	0.058	0	0.650	0.049	0.659
GNGT1	MRAS	9606.ENSP00000248572	9606.ENSP00000289104	0	0	0	0	0.055	0	0.650	0.052	0.659
GNGT1	PIK3R3	9606.ENSP00000248572	9606.ENSP00000262741	0	0	0	0	0	0	0.650	0.067	0.659
GNGT1	PRKACG	9606.ENSP00000248572	9606.ENSP00000366488	0	0	0	0	0.048	0	0.650	0.063	0.660
GNGT1	NRAS	9606.ENSP00000248572	9606.ENSP00000358548	0	0	0	0	0.071	0	0.650	0	0.661
GNGT1	KRAS	9606.ENSP00000248572	9606.ENSP00000256078	0	0	0	0	0.074	0	0.650	0	0.662
GNGT1	RRAS2	9606.ENSP00000248572	9606.ENSP00000256196	0	0	0	0	0.055	0	0.650	0.067	0.664
GNGT1	PIK3CA	9606.ENSP00000248572	9606.ENSP00000263967	0	0	0	0	0	0	0.650	0.082	0.665
GNGT1	PIK3CB	9606.ENSP00000248572	9606.ENSP00000501150	0	0	0	0	0	0	0.650	0.090	0.667
GNGT1	RASGRF2	9606.ENSP00000248572	9606.ENSP00000265080	0	0	0	0	0	0	0.650	0.100	0.671
GNGT1	PRKCB	9606.ENSP00000248572	9606.ENSP00000496129	0	0	0	0	0.058	0	0.650	0.088	0.673
GNGT1	PIK3R1	9606.ENSP00000248572	9606.ENSP00000428056	0	0	0	0	0	0	0.650	0.153	0.691
GNGT1	PRKCA	9606.ENSP00000248572	9606.ENSP00000408695	0	0	0	0	0.058	0	0.650	0.176	0.704
GNGT1	HRAS	9606.ENSP00000248572	9606.ENSP00000407586	0	0	0	0	0.082	0	0.650	0.241	0.734
GNGT1	HTR7	9606.ENSP00000248572	9606.ENSP00000337949	0	0	0	0	0	0.120	0.900	0.133	0.917
GNGT2	MAPK1	9606.ENSP00000421710	9606.ENSP00000215832	0	0	0	0	0.048	0	0.650	0	0.652
GNGT2	PIK3R2	9606.ENSP00000421710	9606.ENSP00000222254	0	0	0	0	0	0	0.650	0	0.650
GNGT2	PLCG1	9606.ENSP00000421710	9606.ENSP00000244007	0	0	0	0	0	0	0.650	0	0.650
GNGT2	RRAS	9606.ENSP00000421710	9606.ENSP00000246792	0	0	0	0	0.058	0	0.650	0.091	0.674
GNGT2	RAC2	9606.ENSP00000421710	9606.ENSP00000249071	0	0	0	0	0.109	0	0.650	0.077	0.687
GNGT2	KRAS	9606.ENSP00000421710	9606.ENSP00000256078	0	0	0	0	0	0	0.650	0.060	0.656
GNGT2	RRAS2	9606.ENSP00000421710	9606.ENSP00000256196	0	0	0	0	0	0	0.650	0.061	0.657
GNGT2	PIK3R3	9606.ENSP00000421710	9606.ENSP00000262741	0	0	0	0	0	0	0.650	0.049	0.652
GNGT2	MAPK3	9606.ENSP00000421710	9606.ENSP00000263025	0	0	0	0	0.048	0	0.650	0.070	0.663
GNGT2	PRKCG	9606.ENSP00000421710	9606.ENSP00000263431	0	0	0	0	0.058	0	0.650	0.107	0.680
GNGT2	PIK3CA	9606.ENSP00000421710	9606.ENSP00000263967	0	0	0	0	0	0	0.650	0.060	0.656
GNGT2	RASGRF2	9606.ENSP00000421710	9606.ENSP00000265080	0	0	0	0	0.043	0	0.650	0.086	0.667
GNGT2	PAK1	9606.ENSP00000421710	9606.ENSP00000278568	0	0	0	0	0	0	0.500	0	0.499
GNGT2	MRAS	9606.ENSP00000421710	9606.ENSP00000289104	0	0	0	0	0.047	0	0.650	0.193	0.707
GNGT2	RAC3	9606.ENSP00000421710	9606.ENSP00000304283	0	0	0	0	0	0	0.650	0	0.650
GNGT2	PRKACA	9606.ENSP00000421710	9606.ENSP00000309591	0	0	0	0	0	0	0.650	0	0.650
GNGT2	HTR7	9606.ENSP00000421710	9606.ENSP00000337949	0	0	0	0	0.070	0.120	0.900	0.083	0.914
GNGT2	NRAS	9606.ENSP00000421710	9606.ENSP00000358548	0	0	0	0	0	0	0.650	0	0.650
GNGT2	PRKACB	9606.ENSP00000421710	9606.ENSP00000359719	0	0	0	0	0.043	0	0.650	0	0.650
GNGT2	PRKACG	9606.ENSP00000421710	9606.ENSP00000366488	0	0	0	0	0	0	0.650	0	0.650
GNGT2	PIK3CD	9606.ENSP00000421710	9606.ENSP00000366563	0	0	0	0	0.074	0	0.650	0.081	0.676
GNGT2	MAPK8	9606.ENSP00000421710	9606.ENSP00000378974	0	0	0	0	0.054	0	0.650	0	0.654
GNGT2	SOS1	9606.ENSP00000421710	9606.ENSP00000384675	0	0	0	0	0	0	0.540	0	0.540
GNGT2	MAPK9	9606.ENSP00000421710	9606.ENSP00000394560	0	0	0	0	0.054	0	0.650	0	0.654
GNGT2	RHOA	9606.ENSP00000421710	9606.ENSP00000400175	0	0	0	0	0	0	0.500	0.063	0.511
GNGT2	SHC1	9606.ENSP00000421710	9606.ENSP00000401303	0	0	0	0	0	0	0.500	0	0.499
GNGT2	RASGRF1	9606.ENSP00000421710	9606.ENSP00000405963	0	0	0	0	0.042	0	0.650	0.113	0.676
GNGT2	HRAS	9606.ENSP00000421710	9606.ENSP00000407586	0	0	0	0	0	0	0.650	0	0.650
GNGT2	PRKCA	9606.ENSP00000421710	9606.ENSP00000408695	0	0	0	0	0.058	0	0.650	0.167	0.701
GNGT2	PIK3R1	9606.ENSP00000421710	9606.ENSP00000428056	0	0	0	0	0.042	0	0.650	0	0.650
GNGT2	PLCG2	9606.ENSP00000421710	9606.ENSP00000482457	0	0	0	0	0.064	0	0.650	0	0.658
GNGT2	PIK3CB	9606.ENSP00000421710	9606.ENSP00000501150	0	0	0	0	0	0	0.650	0.091	0.668
GNGT2	PRKCB	9606.ENSP00000421710	9606.ENSP00000496129	0	0	0	0	0.084	0	0.650	0.095	0.684
GRB2	RALA	9606.ENSP00000376345	9606.ENSP00000005257	0	0	0	0	0.093	0.091	0	0.456	0.513
GRB2	NGFR	9606.ENSP00000376345	9606.ENSP00000172229	0	0	0	0	0	0.095	0.650	0.311	0.762
GRB2	MAPK1	9606.ENSP00000376345	9606.ENSP00000215832	0	0	0	0	0.093	0	0.400	0.866	0.920
GRB2	SOS2	9606.ENSP00000376345	9606.ENSP00000216373	0	0	0	0	0.102	0.963	0.900	0.998	0.999
GRB2	PIK3R2	9606.ENSP00000376345	9606.ENSP00000222254	0	0	0	0.627	0.042	0.605	0.400	0.182	0.789
GRB2	HGF	9606.ENSP00000376345	9606.ENSP00000222390	0	0	0	0	0.050	0.053	0.400	0.735	0.838
GRB2	NFKB1	9606.ENSP00000376345	9606.ENSP00000226574	0	0	0	0	0.099	0.076	0	0.564	0.605
GRB2	PLCG1	9606.ENSP00000376345	9606.ENSP00000244007	0	0	0	0.672	0.042	0.858	0.900	0.982	0.999
GRB2	RRAS	9606.ENSP00000376345	9606.ENSP00000246792	0	0	0	0	0.069	0.164	0	0.536	0.608
GRB2	RAC2	9606.ENSP00000376345	9606.ENSP00000249071	0	0	0	0	0.100	0.057	0	0.579	0.611
GRB2	RAP1B	9606.ENSP00000376345	9606.ENSP00000250559	0	0	0	0	0.101	0.073	0.500	0.251	0.646
GRB2	KRAS	9606.ENSP00000376345	9606.ENSP00000256078	0	0	0	0	0.093	0.450	0.500	0.758	0.931
GRB2	PDGFRA	9606.ENSP00000376345	9606.ENSP00000257290	0	0	0	0	0.055	0.618	0.900	0.365	0.974
GRB2	PDGFRB	9606.ENSP00000376345	9606.ENSP00000261799	0	0	0	0	0.055	0.792	0.900	0.955	0.999
GRB2	PIK3R3	9606.ENSP00000376345	9606.ENSP00000262741	0	0	0	0.613	0	0.338	0.400	0.202	0.655
GRB2	MAP2K2	9606.ENSP00000376345	9606.ENSP00000262948	0	0	0	0	0.085	0	0	0.680	0.695
GRB2	MAPK3	9606.ENSP00000376345	9606.ENSP00000263025	0	0	0	0	0.075	0	0.400	0.782	0.868
GRB2	PLD2	9606.ENSP00000376345	9606.ENSP00000263088	0	0	0	0	0.069	0.510	0	0.587	0.795
GRB2	KDR	9606.ENSP00000376345	9606.ENSP00000263923	0	0	0	0	0.055	0.553	0.650	0.824	0.970
GRB2	PIK3CA	9606.ENSP00000376345	9606.ENSP00000263967	0	0	0	0	0	0.676	0.400	0.642	0.924
GRB2	SHC2	9606.ENSP00000376345	9606.ENSP00000264554	0	0	0	0.619	0.074	0.334	0.900	0.395	0.957
GRB2	ZAP70	9606.ENSP00000376345	9606.ENSP00000264972	0	0	0	0.615	0.066	0.540	0	0.984	0.992
GRB2	RASGRF2	9606.ENSP00000376345	9606.ENSP00000265080	0	0	0	0	0.069	0.514	0	0.323	0.667
GRB2	RALB	9606.ENSP00000376345	9606.ENSP00000272519	0	0	0	0	0.111	0.091	0	0.419	0.489
GRB2	RAB5A	9606.ENSP00000376345	9606.ENSP00000273047	0	0	0	0	0.064	0	0	0.597	0.606
GRB2	RASA1	9606.ENSP00000376345	9606.ENSP00000274376	0	0	0	0.659	0.042	0.324	0	0.490	0.641
GRB2	NTRK2	9606.ENSP00000376345	9606.ENSP00000277120	0	0	0	0	0	0.183	0.900	0.657	0.969
GRB2	PAK1	9606.ENSP00000376345	9606.ENSP00000278568	0	0	0	0	0.060	0.292	0.400	0.774	0.897
GRB2	KIT	9606.ENSP00000376345	9606.ENSP00000288135	0	0	0	0	0.074	0.849	0.900	0.887	0.998
GRB2	MAP2K1	9606.ENSP00000376345	9606.ENSP00000302486	0	0	0	0	0.108	0	0	0.800	0.814
GRB2	INSR	9606.ENSP00000376345	9606.ENSP00000303830	0	0	0	0	0.060	0.453	0.900	0.747	0.985
GRB2	PRKACA	9606.ENSP00000376345	9606.ENSP00000309591	0	0	0	0	0.060	0	0	0.556	0.564
GRB2	RASGRP1	9606.ENSP00000376345	9606.ENSP00000310244	0	0	0	0	0.063	0.299	0	0.788	0.849
GRB2	PAK2	9606.ENSP00000376345	9606.ENSP00000314067	0	0	0	0	0.127	0.236	0.400	0.205	0.639
GRB2	MET	9606.ENSP00000376345	9606.ENSP00000317272	0	0	0	0	0	0.831	0.900	0.980	0.999
GRB2	SHC4	9606.ENSP00000376345	9606.ENSP00000329668	0	0	0	0	0.074	0.539	0.900	0.341	0.968
GRB2	PDGFB	9606.ENSP00000376345	9606.ENSP00000330382	0	0	0	0	0	0	0.400	0.243	0.526
GRB2	RASGRP2	9606.ENSP00000376345	9606.ENSP00000338864	0	0	0	0	0.075	0.299	0	0.220	0.451
GRB2	PDGFA	9606.ENSP00000376345	9606.ENSP00000346508	0	0	0	0	0.062	0	0.400	0.243	0.537
GRB2	RAC1	9606.ENSP00000376345	9606.ENSP00000348461	0	0	0	0	0.099	0.218	0.400	0.319	0.674
GRB2	NF1	9606.ENSP00000376345	9606.ENSP00000351015	0	0	0	0	0.049	0	0	0.552	0.556
GRB2	PAK3	9606.ENSP00000376345	9606.ENSP00000353864	0	0	0	0	0	0	0.400	0.096	0.434
GRB2	NGF	9606.ENSP00000376345	9606.ENSP00000358525	0	0	0	0	0	0	0.500	0.419	0.697
GRB2	NRAS	9606.ENSP00000376345	9606.ENSP00000358548	0	0	0	0	0.104	0.209	0.500	0.539	0.815
GRB2	RAP1A	9606.ENSP00000376345	9606.ENSP00000358723	0	0	0	0	0.104	0.073	0.500	0.336	0.687
GRB2	PRKACB	9606.ENSP00000376345	9606.ENSP00000359719	0	0	0	0	0	0	0	0.559	0.559
GRB2	RALGDS	9606.ENSP00000376345	9606.ENSP00000361120	0	0	0	0	0	0	0	0.425	0.425
GRB2	SHC3	9606.ENSP00000376345	9606.ENSP00000364995	0	0	0	0	0.087	0.129	0.900	0.866	0.987
GRB2	PRKACG	9606.ENSP00000376345	9606.ENSP00000366488	0	0	0	0	0	0	0	0.557	0.557
GRB2	PIK3CD	9606.ENSP00000376345	9606.ENSP00000366563	0	0	0	0	0.067	0	0.400	0.363	0.612
GRB2	TEK	9606.ENSP00000376345	9606.ENSP00000369375	0	0	0	0	0.055	0.120	0.650	0.555	0.853
GRB2	MAPK8	9606.ENSP00000376345	9606.ENSP00000378974	0	0	0	0	0.042	0	0	0.447	0.447
GRB2	RASGRP4	9606.ENSP00000376345	9606.ENSP00000479844	0	0	0	0	0.079	0.299	0	0.282	0.496
GRB2	RASGRP3	9606.ENSP00000376345	9606.ENSP00000385886	0	0	0	0	0.063	0.299	0	0.310	0.507
GRB2	KSR1	9606.ENSP00000376345	9606.ENSP00000381958	0	0	0	0	0.042	0.100	0	0.498	0.529
GRB2	NTF4	9606.ENSP00000376345	9606.ENSP00000469455	0	0	0	0	0	0	0.500	0.181	0.572
GRB2	RHOA	9606.ENSP00000376345	9606.ENSP00000400175	0	0	0	0	0.128	0.057	0	0.522	0.573
GRB2	NTF3	9606.ENSP00000376345	9606.ENSP00000397297	0	0	0	0	0	0	0.500	0.186	0.575
GRB2	KITLG	9606.ENSP00000376345	9606.ENSP00000495951	0	0	0	0	0	0	0.400	0.352	0.594
GRB2	MAPK9	9606.ENSP00000376345	9606.ENSP00000394560	0	0	0	0	0.042	0.510	0	0.256	0.620
GRB2	IGF2	9606.ENSP00000376345	9606.ENSP00000391826	0	0	0	0	0	0	0.500	0.348	0.660
GRB2	PRKCA	9606.ENSP00000376345	9606.ENSP00000408695	0	0	0	0	0.081	0.091	0	0.632	0.665
GRB2	RASGRF1	9606.ENSP00000376345	9606.ENSP00000405963	0	0	0	0	0.069	0.514	0	0.420	0.715
GRB2	IGF1	9606.ENSP00000376345	9606.ENSP00000376637	0	0	0	0	0	0	0.500	0.544	0.762
GRB2	TGFA	9606.ENSP00000376345	9606.ENSP00000404131	0	0	0	0	0	0	0.400	0.630	0.768
GRB2	PIK3CB	9606.ENSP00000376345	9606.ENSP00000501150	0	0	0	0	0.064	0.422	0.400	0.389	0.775
GRB2	RAF1	9606.ENSP00000376345	9606.ENSP00000401888	0	0	0	0	0.074	0.100	0	0.776	0.797
GRB2	PLCG2	9606.ENSP00000376345	9606.ENSP00000482457	0	0	0	0.700	0.056	0.268	0.400	0.686	0.852
GRB2	INS	9606.ENSP00000376345	9606.ENSP00000380432	0	0	0	0	0	0	0.500	0.723	0.855
GRB2	HRAS	9606.ENSP00000376345	9606.ENSP00000407586	0	0	0	0	0.086	0.209	0.500	0.850	0.938
GRB2	IGF1R	9606.ENSP00000376345	9606.ENSP00000497069	0	0	0	0	0.060	0.185	0.900	0.830	0.985
GRB2	NTRK1	9606.ENSP00000376345	9606.ENSP00000431418	0	0	0	0	0	0.611	0.900	0.848	0.993
GRB2	PIK3R1	9606.ENSP00000376345	9606.ENSP00000428056	0	0	0	0	0.042	0.921	0.400	0.975	0.998
GRB2	LAT	9606.ENSP00000376345	9606.ENSP00000378845	0	0	0	0	0.044	0.869	0.720	0.995	0.999
GRB2	PTPN11	9606.ENSP00000376345	9606.ENSP00000489597	0	0	0	0.630	0.115	0.994	0.900	0.990	0.999
GRB2	SOS1	9606.ENSP00000376345	9606.ENSP00000384675	0	0	0	0	0.076	0.998	0.900	0.999	0.999
GRB2	SHC1	9606.ENSP00000376345	9606.ENSP00000401303	0	0	0	0	0.099	0.999	0.900	0.999	0.999
GRIN1	KRAS	9606.ENSP00000360608	9606.ENSP00000256078	0	0	0	0	0.057	0.061	0.500	0.107	0.551
GRIN1	PRKCG	9606.ENSP00000360608	9606.ENSP00000263431	0	0	0	0	0.357	0.091	0	0.309	0.561
GRIN1	RASGRF2	9606.ENSP00000360608	9606.ENSP00000265080	0	0	0	0	0.099	0	0.400	0.094	0.467
GRIN1	NTRK2	9606.ENSP00000360608	9606.ENSP00000277120	0	0	0	0	0.218	0.303	0	0.507	0.708
GRIN1	TIAM1	9606.ENSP00000360608	9606.ENSP00000286827	0	0	0	0	0.124	0	0.500	0.163	0.601
GRIN1	PRKACA	9606.ENSP00000360608	9606.ENSP00000309591	0	0	0	0	0.049	0.077	0.650	0.349	0.773
GRIN1	GRIN2A	9606.ENSP00000360608	9606.ENSP00000332549	0	0	0	0.681	0.199	0.996	0.900	0.989	0.999
GRIN1	RAC1	9606.ENSP00000360608	9606.ENSP00000348461	0	0	0	0	0	0.074	0.500	0.111	0.552
GRIN1	NRAS	9606.ENSP00000360608	9606.ENSP00000358548	0	0	0	0	0.057	0.061	0.500	0.107	0.551
GRIN1	PRKACB	9606.ENSP00000360608	9606.ENSP00000359719	0	0	0	0	0.070	0.077	0.650	0.347	0.777
GRIN1	HRAS	9606.ENSP00000360608	9606.ENSP00000407586	0	0	0	0	0.057	0.061	0.500	0.107	0.551
GRIN1	SYNGAP1	9606.ENSP00000360608	9606.ENSP00000496007	0	0	0	0	0.119	0.298	0	0.350	0.563
GRIN1	RASGRF1	9606.ENSP00000360608	9606.ENSP00000405963	0	0	0	0	0.175	0	0.400	0.189	0.564
GRIN1	PRKCA	9606.ENSP00000360608	9606.ENSP00000408695	0	0	0	0	0.109	0.295	0	0.429	0.610
GRIN1	PRKACG	9606.ENSP00000360608	9606.ENSP00000366488	0	0	0	0	0.048	0.077	0.650	0.522	0.833
GRIN1	GRIN2B	9606.ENSP00000360608	9606.ENSP00000477455	0	0	0	0.690	0.262	0.997	0.900	0.988	0.999
GRIN2A	MAPK3	9606.ENSP00000332549	9606.ENSP00000263025	0	0	0	0	0	0.063	0	0.411	0.425
GRIN2A	RASGRF2	9606.ENSP00000332549	9606.ENSP00000265080	0	0	0	0	0.105	0	0	0.781	0.795
GRIN2A	NTRK2	9606.ENSP00000332549	9606.ENSP00000277120	0	0	0	0	0.179	0	0	0.580	0.640
GRIN2A	PRKACA	9606.ENSP00000332549	9606.ENSP00000309591	0	0	0	0	0	0.065	0.900	0.431	0.942
GRIN2A	RASGRF1	9606.ENSP00000332549	9606.ENSP00000405963	0	0	0	0	0.137	0	0	0.419	0.477
GRIN2A	SYNGAP1	9606.ENSP00000332549	9606.ENSP00000496007	0	0	0	0	0.086	0.240	0	0.552	0.662
GRIN2A	PRKCA	9606.ENSP00000332549	9606.ENSP00000408695	0	0	0	0	0	0	0	0.677	0.677
GRIN2A	PRKACB	9606.ENSP00000332549	9606.ENSP00000359719	0	0	0	0	0	0.065	0.900	0.431	0.942
GRIN2A	PRKACG	9606.ENSP00000332549	9606.ENSP00000366488	0	0	0	0	0	0.065	0.900	0.702	0.969
GRIN2A	GRIN2B	9606.ENSP00000332549	9606.ENSP00000477455	0	0	0	0.943	0.204	0.910	0.900	0.983	0.999
GRIN2B	PLCG1	9606.ENSP00000477455	9606.ENSP00000244007	0	0	0	0	0	0.089	0	0.477	0.503
GRIN2B	KRAS	9606.ENSP00000477455	9606.ENSP00000256078	0	0	0	0	0.054	0.071	0.500	0.096	0.549
GRIN2B	MAPK3	9606.ENSP00000477455	9606.ENSP00000263025	0	0	0	0	0	0.073	0	0.655	0.666
GRIN2B	PRKCG	9606.ENSP00000477455	9606.ENSP00000263431	0	0	0	0	0.118	0.089	0	0.348	0.430
GRIN2B	RASGRF2	9606.ENSP00000477455	9606.ENSP00000265080	0	0	0	0	0.093	0	0.400	0.599	0.762
GRIN2B	RASA1	9606.ENSP00000477455	9606.ENSP00000274376	0	0	0	0	0	0.102	0	0.781	0.794
GRIN2B	NTRK2	9606.ENSP00000477455	9606.ENSP00000277120	0	0	0	0	0.183	0	0.500	0.768	0.897
GRIN2B	TIAM1	9606.ENSP00000477455	9606.ENSP00000286827	0	0	0	0	0.067	0	0.500	0.517	0.755
GRIN2B	PRKACA	9606.ENSP00000477455	9606.ENSP00000309591	0	0	0	0	0	0.071	0.900	0.518	0.951
GRIN2B	RAC1	9606.ENSP00000477455	9606.ENSP00000348461	0	0	0	0	0	0.071	0.500	0.166	0.579
GRIN2B	NGF	9606.ENSP00000477455	9606.ENSP00000358525	0	0	0	0	0	0	0	0.472	0.472
GRIN2B	NRAS	9606.ENSP00000477455	9606.ENSP00000358548	0	0	0	0	0.054	0.071	0.500	0.083	0.543
GRIN2B	PRKACB	9606.ENSP00000477455	9606.ENSP00000359719	0	0	0	0	0	0.071	0.900	0.521	0.951
GRIN2B	PRKACG	9606.ENSP00000477455	9606.ENSP00000366488	0	0	0	0	0.056	0.071	0.900	0.744	0.974
GRIN2B	RASGRF1	9606.ENSP00000477455	9606.ENSP00000405963	0	0	0	0	0.123	0.292	0.400	0.935	0.972
GRIN2B	HRAS	9606.ENSP00000477455	9606.ENSP00000407586	0	0	0	0	0.054	0.071	0.500	0.164	0.583
GRIN2B	PRKCA	9606.ENSP00000477455	9606.ENSP00000408695	0	0	0	0	0	0.294	0	0.656	0.747
GRIN2B	PTPN11	9606.ENSP00000477455	9606.ENSP00000489597	0	0	0	0	0	0.089	0	0.411	0.441
GRIN2B	SYNGAP1	9606.ENSP00000477455	9606.ENSP00000496007	0	0	0	0	0.084	0.289	0	0.910	0.936
HGF	NGFR	9606.ENSP00000222390	9606.ENSP00000172229	0	0	0	0	0	0	0.650	0.366	0.768
HGF	PIK3R2	9606.ENSP00000222390	9606.ENSP00000222254	0	0	0	0	0	0	0.400	0.136	0.459
HGF	PDGFA	9606.ENSP00000222390	9606.ENSP00000346508	0	0	0	0	0	0	0	0.419	0.418
HGF	VEGFB	9606.ENSP00000222390	9606.ENSP00000311127	0	0	0	0	0	0	0	0.418	0.418
HGF	MAP2K1	9606.ENSP00000222390	9606.ENSP00000302486	0	0	0	0	0	0.070	0	0.418	0.435
HGF	NFKB1	9606.ENSP00000222390	9606.ENSP00000226574	0	0	0	0	0	0.094	0	0.431	0.462
HGF	PDGFB	9606.ENSP00000222390	9606.ENSP00000330382	0	0	0	0	0	0	0	0.478	0.478
HGF	RHOA	9606.ENSP00000222390	9606.ENSP00000400175	0	0	0	0	0	0.066	0	0.475	0.488
HGF	PIK3R1	9606.ENSP00000222390	9606.ENSP00000428056	0	0	0	0	0	0	0.400	0.203	0.501
HGF	NTF3	9606.ENSP00000222390	9606.ENSP00000397297	0	0	0	0	0	0.098	0	0.471	0.502
HGF	RAF1	9606.ENSP00000222390	9606.ENSP00000401888	0	0	0	0	0	0.238	0	0.377	0.505
HGF	RAP1B	9606.ENSP00000222390	9606.ENSP00000250559	0	0	0	0	0	0.064	0.500	0	0.511
HGF	RAC1	9606.ENSP00000222390	9606.ENSP00000348461	0	0	0	0	0	0.064	0.400	0.207	0.516
HGF	IGF2	9606.ENSP00000222390	9606.ENSP00000391826	0	0	0	0	0.058	0	0	0.513	0.522
HGF	RAP1A	9606.ENSP00000222390	9606.ENSP00000358723	0	0	0	0	0	0.064	0.500	0.090	0.536
HGF	SOS1	9606.ENSP00000222390	9606.ENSP00000384675	0	0	0	0	0	0	0.400	0.301	0.562
HGF	VEGFD	9606.ENSP00000222390	9606.ENSP00000297904	0	0	0	0	0.054	0	0	0.578	0.583
HGF	PTPN11	9606.ENSP00000222390	9606.ENSP00000489597	0	0	0	0	0	0	0.400	0.378	0.610
HGF	MAPK3	9606.ENSP00000222390	9606.ENSP00000263025	0	0	0	0	0	0.060	0	0.605	0.612
HGF	PIK3CA	9606.ENSP00000222390	9606.ENSP00000263967	0	0	0	0	0	0	0.400	0.398	0.623
HGF	HRAS	9606.ENSP00000222390	9606.ENSP00000407586	0	0	0	0	0	0.064	0.500	0.310	0.649
HGF	NRAS	9606.ENSP00000222390	9606.ENSP00000358548	0	0	0	0	0.044	0.064	0.500	0.375	0.683
HGF	TGFA	9606.ENSP00000222390	9606.ENSP00000404131	0	0	0	0	0	0	0	0.701	0.701
HGF	INSR	9606.ENSP00000222390	9606.ENSP00000303830	0	0	0	0	0.042	0.096	0.650	0.185	0.719
HGF	VEGFC	9606.ENSP00000222390	9606.ENSP00000480043	0	0	0	0	0.068	0	0	0.725	0.733
HGF	NTRK2	9606.ENSP00000222390	9606.ENSP00000277120	0	0	0	0	0	0.096	0.650	0.275	0.750
HGF	KITLG	9606.ENSP00000222390	9606.ENSP00000495951	0	0	0	0	0	0	0	0.754	0.754
HGF	NGF	9606.ENSP00000222390	9606.ENSP00000358525	0	0	0	0	0	0.107	0	0.752	0.769
HGF	SHC1	9606.ENSP00000222390	9606.ENSP00000401303	0	0	0	0	0.042	0	0.400	0.651	0.782
HGF	INS	9606.ENSP00000222390	9606.ENSP00000380432	0	0	0	0	0	0	0	0.789	0.789
HGF	PGF	9606.ENSP00000222390	9606.ENSP00000451040	0	0	0	0	0	0	0	0.800	0.800
HGF	PDGFRA	9606.ENSP00000222390	9606.ENSP00000257290	0	0	0	0	0.101	0.192	0.650	0.450	0.841
HGF	KRAS	9606.ENSP00000222390	9606.ENSP00000256078	0	0	0	0	0	0.145	0.500	0.683	0.852
HGF	PDGFRB	9606.ENSP00000222390	9606.ENSP00000261799	0	0	0	0	0.102	0	0.650	0.576	0.855
HGF	IGF1	9606.ENSP00000222390	9606.ENSP00000376637	0	0	0	0	0.061	0	0	0.866	0.869
HGF	TEK	9606.ENSP00000222390	9606.ENSP00000369375	0	0	0	0	0.072	0	0.650	0.713	0.898
HGF	KIT	9606.ENSP00000222390	9606.ENSP00000288135	0	0	0	0	0.059	0	0.650	0.792	0.925
HGF	IGF1R	9606.ENSP00000222390	9606.ENSP00000497069	0	0	0	0	0	0.096	0.650	0.872	0.955
HGF	KDR	9606.ENSP00000222390	9606.ENSP00000263923	0	0	0	0	0.056	0	0.650	0.907	0.966
HGF	NTRK1	9606.ENSP00000222390	9606.ENSP00000431418	0	0	0	0	0.042	0.096	0.650	0.993	0.997
HGF	MET	9606.ENSP00000222390	9606.ENSP00000317272	0	0	0	0	0.042	0.989	0.900	0.999	0.999
HRAS	RALA	9606.ENSP00000407586	9606.ENSP00000005257	0	0	0.062	0.935	0.055	0.446	0.500	0.417	0.831
HRAS	MAPK1	9606.ENSP00000407586	9606.ENSP00000215832	0	0	0	0	0.056	0.098	0.900	0.783	0.979
HRAS	SOS2	9606.ENSP00000407586	9606.ENSP00000216373	0	0	0	0	0.065	0.157	0.900	0.798	0.981
HRAS	PIK3R2	9606.ENSP00000407586	9606.ENSP00000222254	0	0	0	0	0.059	0.065	0.900	0.305	0.930
HRAS	NFKB1	9606.ENSP00000407586	9606.ENSP00000226574	0	0	0	0	0.046	0.102	0.500	0.435	0.725
HRAS	RAP1B	9606.ENSP00000407586	9606.ENSP00000250559	0	0	0.064	0.945	0.055	0.068	0.500	0.081	0.553
HRAS	KRAS	9606.ENSP00000407586	9606.ENSP00000256078	0	0	0.050	0.981	0	0.883	0.900	0.411	0.992
HRAS	PDGFRA	9606.ENSP00000407586	9606.ENSP00000257290	0	0	0	0	0.055	0.092	0.900	0.589	0.960
HRAS	PDGFRB	9606.ENSP00000407586	9606.ENSP00000261799	0	0	0	0	0	0.091	0.900	0.617	0.962
HRAS	PIK3R3	9606.ENSP00000407586	9606.ENSP00000262741	0	0	0	0	0	0.065	0.900	0.232	0.922
HRAS	RASA4	9606.ENSP00000407586	9606.ENSP00000262940	0	0	0	0	0.044	0.267	0.650	0.206	0.779
HRAS	MAP2K2	9606.ENSP00000407586	9606.ENSP00000262948	0	0	0	0	0.062	0.163	0.900	0.641	0.968
HRAS	MAPK3	9606.ENSP00000407586	9606.ENSP00000263025	0	0	0	0	0.061	0.098	0.900	0.829	0.983
HRAS	PRKCG	9606.ENSP00000407586	9606.ENSP00000263431	0	0	0	0	0.059	0	0.900	0.151	0.913
HRAS	KDR	9606.ENSP00000407586	9606.ENSP00000263923	0	0	0	0	0	0.092	0	0.518	0.543
HRAS	PIK3CA	9606.ENSP00000407586	9606.ENSP00000263967	0	0	0	0	0.100	0.758	0.900	0.800	0.995
HRAS	SHC2	9606.ENSP00000407586	9606.ENSP00000264554	0	0	0	0	0.051	0	0.500	0.175	0.574
HRAS	RASGRF2	9606.ENSP00000407586	9606.ENSP00000265080	0	0	0	0	0	0.157	0.900	0.229	0.929
HRAS	RALB	9606.ENSP00000407586	9606.ENSP00000272519	0	0	0.067	0.929	0	0.166	0.500	0.061	0.586
HRAS	RAB5A	9606.ENSP00000407586	9606.ENSP00000273047	0	0	0.102	0.789	0.109	0.316	0	0.118	0.453
HRAS	RASA1	9606.ENSP00000407586	9606.ENSP00000274376	0	0	0	0	0.075	0.982	0.900	0.977	0.999
HRAS	NTRK2	9606.ENSP00000407586	9606.ENSP00000277120	0	0	0	0	0.074	0.110	0.500	0.265	0.656
HRAS	PAK1	9606.ENSP00000407586	9606.ENSP00000278568	0	0	0	0	0.064	0.165	0.400	0.218	0.584
HRAS	RASA2	9606.ENSP00000407586	9606.ENSP00000286364	0	0	0	0	0	0.276	0.900	0.433	0.955
HRAS	TIAM1	9606.ENSP00000407586	9606.ENSP00000286827	0	0	0	0	0.042	0.420	0.900	0.331	0.957
HRAS	KIT	9606.ENSP00000407586	9606.ENSP00000288135	0	0	0	0	0.055	0.071	0.900	0.621	0.962
HRAS	MAP2K1	9606.ENSP00000407586	9606.ENSP00000302486	0	0	0	0	0.062	0.382	0.900	0.832	0.989
HRAS	RGL1	9606.ENSP00000407586	9606.ENSP00000303192	0	0	0	0	0.055	0.758	0.900	0.240	0.980
HRAS	INSR	9606.ENSP00000407586	9606.ENSP00000303830	0	0	0	0	0.074	0.342	0	0.203	0.473
HRAS	PRKACA	9606.ENSP00000407586	9606.ENSP00000309591	0	0	0	0	0.076	0.129	0	0.352	0.433
HRAS	RASGRP1	9606.ENSP00000407586	9606.ENSP00000310244	0	0	0	0	0	0.182	0.900	0.356	0.942
HRAS	RIN1	9606.ENSP00000407586	9606.ENSP00000310406	0	0	0	0	0.064	0.838	0.900	0.595	0.993
HRAS	PAK2	9606.ENSP00000407586	9606.ENSP00000314067	0	0	0	0	0.077	0.165	0.400	0.160	0.559
HRAS	MET	9606.ENSP00000407586	9606.ENSP00000317272	0	0	0	0	0.074	0.368	0.900	0.414	0.961
HRAS	PLAAT3	9606.ENSP00000407586	9606.ENSP00000320337	0	0	0	0	0.056	0.300	0	0.358	0.539
HRAS	PDGFB	9606.ENSP00000407586	9606.ENSP00000330382	0	0	0	0	0.042	0	0.500	0.437	0.707
HRAS	RASA3	9606.ENSP00000407586	9606.ENSP00000335029	0	0	0	0	0	0.095	0.650	0.229	0.734
HRAS	RASGRP2	9606.ENSP00000407586	9606.ENSP00000338864	0	0	0	0	0	0.182	0.900	0.423	0.948
HRAS	RASAL3	9606.ENSP00000407586	9606.ENSP00000341905	0	0	0	0	0	0.099	0.650	0.163	0.713
HRAS	RAPGEF5	9606.ENSP00000407586	9606.ENSP00000343656	0	0	0	0	0	0.096	0.900	0.418	0.942
HRAS	PDGFA	9606.ENSP00000407586	9606.ENSP00000346508	0	0	0	0	0.042	0	0.500	0.206	0.586
HRAS	RASSF1	9606.ENSP00000407586	9606.ENSP00000349547	0	0	0	0	0.056	0.759	0.900	0.719	0.992
HRAS	NF1	9606.ENSP00000407586	9606.ENSP00000351015	0	0	0	0	0.051	0.789	0.900	0.748	0.994
HRAS	PAK3	9606.ENSP00000407586	9606.ENSP00000353864	0	0	0	0	0.064	0.165	0.400	0.100	0.521
HRAS	PLA2G4A	9606.ENSP00000407586	9606.ENSP00000356436	0	0	0	0	0.057	0.045	0	0.390	0.402
HRAS	RASAL2	9606.ENSP00000407586	9606.ENSP00000356621	0	0	0	0	0	0.214	0.650	0.260	0.779
HRAS	SHOC2	9606.ENSP00000407586	9606.ENSP00000358464	0	0	0	0	0.065	0.682	0.900	0.727	0.990
HRAS	NGF	9606.ENSP00000407586	9606.ENSP00000358525	0	0	0	0	0	0	0	0.517	0.517
HRAS	NRAS	9606.ENSP00000407586	9606.ENSP00000358548	0	0	0.050	0.981	0	0.330	0.900	0.059	0.932
HRAS	RAP1A	9606.ENSP00000407586	9606.ENSP00000358723	0	0	0.065	0.944	0	0.068	0.500	0.399	0.703
HRAS	PRKACB	9606.ENSP00000407586	9606.ENSP00000359719	0	0	0	0	0.056	0.129	0	0.356	0.424
HRAS	PLCE1	9606.ENSP00000407586	9606.ENSP00000360431	0	0	0	0	0	0.487	0.900	0.516	0.973
HRAS	RALGDS	9606.ENSP00000407586	9606.ENSP00000361120	0	0	0	0	0.062	0.989	0.900	0.919	0.999
HRAS	SHC3	9606.ENSP00000407586	9606.ENSP00000364995	0	0	0	0	0.056	0	0.500	0.114	0.545
HRAS	PRKACG	9606.ENSP00000407586	9606.ENSP00000366488	0	0	0	0	0.056	0.129	0	0.353	0.421
HRAS	PIK3CD	9606.ENSP00000407586	9606.ENSP00000366563	0	0	0	0	0.056	0.644	0.900	0.239	0.971
HRAS	TEK	9606.ENSP00000407586	9606.ENSP00000369375	0	0	0	0	0	0.071	0.500	0.206	0.599
HRAS	RALBP1	9606.ENSP00000407586	9606.ENSP00000372924	0	0	0	0	0	0.236	0.900	0.160	0.930
HRAS	LAT	9606.ENSP00000407586	9606.ENSP00000378845	0	0	0	0	0	0	0.500	0.119	0.540
HRAS	MAPK8	9606.ENSP00000407586	9606.ENSP00000378974	0	0	0	0	0.103	0.522	0.900	0.694	0.985
HRAS	INS	9606.ENSP00000407586	9606.ENSP00000380432	0	0	0	0	0.045	0	0	0.703	0.704
HRAS	KSR1	9606.ENSP00000407586	9606.ENSP00000381958	0	0	0	0	0.074	0.127	0.500	0.351	0.702
HRAS	RELA	9606.ENSP00000407586	9606.ENSP00000384273	0	0	0	0	0.054	0.078	0.500	0.300	0.654
HRAS	SOS1	9606.ENSP00000407586	9606.ENSP00000384675	0	0	0	0	0.071	0.991	0.900	0.976	0.999
HRAS	RASGRP3	9606.ENSP00000407586	9606.ENSP00000385886	0	0	0	0	0	0.396	0.900	0.453	0.964
HRAS	KSR2	9606.ENSP00000407586	9606.ENSP00000389715	0	0	0	0	0.074	0.127	0.500	0.146	0.608
HRAS	IGF2	9606.ENSP00000407586	9606.ENSP00000391826	0	0	0	0	0	0	0	0.622	0.622
HRAS	MAPK9	9606.ENSP00000407586	9606.ENSP00000394560	0	0	0	0	0.103	0.145	0.900	0.266	0.936
HRAS	NTF3	9606.ENSP00000407586	9606.ENSP00000397297	0	0	0	0	0	0	0.500	0.132	0.547
HRAS	RHOA	9606.ENSP00000407586	9606.ENSP00000400175	0	0	0.098	0.761	0.057	0.095	0	0.472	0.540
HRAS	SHC1	9606.ENSP00000407586	9606.ENSP00000401303	0	0	0	0	0.070	0	0.500	0.724	0.860
HRAS	RAF1	9606.ENSP00000407586	9606.ENSP00000401888	0	0	0	0	0.074	0.999	0.900	0.985	0.999
HRAS	TGFA	9606.ENSP00000407586	9606.ENSP00000404131	0	0	0	0	0	0	0.500	0.433	0.704
HRAS	RASGRF1	9606.ENSP00000407586	9606.ENSP00000405963	0	0	0	0	0	0.323	0.900	0.937	0.995
HRAS	NTF4	9606.ENSP00000407586	9606.ENSP00000469455	0	0	0	0	0	0	0.500	0.069	0.514
HRAS	NTRK1	9606.ENSP00000407586	9606.ENSP00000431418	0	0	0	0	0.074	0.110	0	0.520	0.569
HRAS	KITLG	9606.ENSP00000407586	9606.ENSP00000495951	0	0	0	0	0	0	0.500	0.222	0.594
HRAS	RASA4B	9606.ENSP00000407586	9606.ENSP00000440982	0	0	0	0	0	0.096	0.650	0.043	0.670
HRAS	RASAL1	9606.ENSP00000407586	9606.ENSP00000450244	0	0	0	0	0	0.084	0.650	0.241	0.735
HRAS	SYNGAP1	9606.ENSP00000407586	9606.ENSP00000496007	0	0	0	0	0	0.099	0.650	0.410	0.797
HRAS	PRKCB	9606.ENSP00000407586	9606.ENSP00000496129	0	0	0	0	0.060	0	0.900	0.207	0.919
HRAS	PTPN11	9606.ENSP00000407586	9606.ENSP00000489597	0	0	0	0	0.067	0.153	0.500	0.836	0.926
HRAS	PRKCA	9606.ENSP00000407586	9606.ENSP00000408695	0	0	0	0	0.086	0	0.900	0.373	0.937
HRAS	IGF1R	9606.ENSP00000407586	9606.ENSP00000497069	0	0	0	0	0.074	0.110	0.900	0.463	0.949
HRAS	PIK3CB	9606.ENSP00000407586	9606.ENSP00000501150	0	0	0	0	0.056	0.133	0.900	0.610	0.963
HRAS	RGL2	9606.ENSP00000407586	9606.ENSP00000420211	0	0	0	0	0.055	0.720	0.900	0.339	0.980
HRAS	PIK3R1	9606.ENSP00000407586	9606.ENSP00000428056	0	0	0	0	0	0.688	0.900	0.707	0.990
HRAS	RASGRP4	9606.ENSP00000407586	9606.ENSP00000479844	0	0	0	0	0	0.914	0.900	0.549	0.995
HRAS	RASSF5	9606.ENSP00000407586	9606.ENSP00000462099	0	0	0	0	0	0.971	0.900	0.829	0.999
IGF1	NGFR	9606.ENSP00000376637	9606.ENSP00000172229	0	0	0	0	0.056	0	0.650	0.418	0.790
IGF1	MAPK1	9606.ENSP00000376637	9606.ENSP00000215832	0	0	0	0	0	0	0	0.621	0.621
IGF1	NFKB1	9606.ENSP00000376637	9606.ENSP00000226574	0	0	0	0	0.042	0	0	0.579	0.579
IGF1	KRAS	9606.ENSP00000376637	9606.ENSP00000256078	0	0	0	0	0	0	0	0.698	0.698
IGF1	PDGFRA	9606.ENSP00000376637	9606.ENSP00000257290	0	0	0	0	0.087	0	0.650	0.681	0.889
IGF1	PDGFRB	9606.ENSP00000376637	9606.ENSP00000261799	0	0	0	0	0.086	0	0.650	0.788	0.926
IGF1	MAPK3	9606.ENSP00000376637	9606.ENSP00000263025	0	0	0	0	0	0	0	0.697	0.697
IGF1	KDR	9606.ENSP00000376637	9606.ENSP00000263923	0	0	0	0	0.074	0	0.650	0.758	0.914
IGF1	PIK3CA	9606.ENSP00000376637	9606.ENSP00000263967	0	0	0	0	0.042	0	0	0.512	0.512
IGF1	RAB5A	9606.ENSP00000376637	9606.ENSP00000273047	0	0	0	0	0	0	0	0.478	0.478
IGF1	NTRK2	9606.ENSP00000376637	9606.ENSP00000277120	0	0	0	0	0.062	0.063	0.650	0.686	0.890
IGF1	KIT	9606.ENSP00000376637	9606.ENSP00000288135	0	0	0	0	0.068	0	0.650	0.606	0.860
IGF1	VEGFD	9606.ENSP00000376637	9606.ENSP00000297904	0	0	0	0	0.074	0	0	0.483	0.501
IGF1	MAP2K1	9606.ENSP00000376637	9606.ENSP00000302486	0	0	0	0	0	0	0	0.677	0.677
IGF1	INSR	9606.ENSP00000376637	9606.ENSP00000303830	0	0	0	0	0.049	0.966	0.900	0.995	0.999
IGF1	PRKACA	9606.ENSP00000376637	9606.ENSP00000309591	0	0	0	0	0	0	0	0.549	0.549
IGF1	VEGFB	9606.ENSP00000376637	9606.ENSP00000311127	0	0	0	0	0	0	0	0.429	0.429
IGF1	MET	9606.ENSP00000376637	9606.ENSP00000317272	0	0	0	0	0	0.063	0.650	0.744	0.908
IGF1	PDGFB	9606.ENSP00000376637	9606.ENSP00000330382	0	0	0	0	0	0	0.900	0.513	0.949
IGF1	PDGFA	9606.ENSP00000376637	9606.ENSP00000346508	0	0	0	0	0	0	0.900	0.515	0.949
IGF1	NGF	9606.ENSP00000376637	9606.ENSP00000358525	0	0	0	0	0	0	0	0.840	0.840
IGF1	PRKACB	9606.ENSP00000376637	9606.ENSP00000359719	0	0	0	0	0.056	0	0	0.549	0.556
IGF1	PRKACG	9606.ENSP00000376637	9606.ENSP00000366488	0	0	0	0	0.042	0	0	0.548	0.548
IGF1	TEK	9606.ENSP00000376637	9606.ENSP00000369375	0	0	0	0	0.085	0	0.650	0.640	0.874
IGF1	PRKCA	9606.ENSP00000376637	9606.ENSP00000408695	0	0	0	0	0	0	0	0.400	0.400
IGF1	PRKCB	9606.ENSP00000376637	9606.ENSP00000496129	0	0	0	0	0.044	0	0	0.463	0.464
IGF1	RHOA	9606.ENSP00000376637	9606.ENSP00000400175	0	0	0	0	0	0	0	0.474	0.474
IGF1	MAPK8	9606.ENSP00000376637	9606.ENSP00000378974	0	0	0	0	0.042	0	0	0.479	0.479
IGF1	PIK3R1	9606.ENSP00000376637	9606.ENSP00000428056	0	0	0	0	0.076	0	0	0.507	0.524
IGF1	PGF	9606.ENSP00000376637	9606.ENSP00000451040	0	0	0	0	0	0	0	0.529	0.529
IGF1	PIK3CB	9606.ENSP00000376637	9606.ENSP00000501150	0	0	0	0	0	0	0	0.588	0.588
IGF1	PTPN11	9606.ENSP00000376637	9606.ENSP00000489597	0	0	0	0	0	0	0	0.638	0.638
IGF1	NTF4	9606.ENSP00000376637	9606.ENSP00000469455	0	0	0	0	0.048	0	0	0.642	0.644
IGF1	VEGFC	9606.ENSP00000376637	9606.ENSP00000480043	0	0	0	0	0	0	0	0.661	0.661
IGF1	SOS1	9606.ENSP00000376637	9606.ENSP00000384675	0	0	0	0	0	0	0.500	0.371	0.672
IGF1	NTF3	9606.ENSP00000376637	9606.ENSP00000397297	0	0	0	0	0	0	0	0.730	0.730
IGF1	KITLG	9606.ENSP00000376637	9606.ENSP00000495951	0	0	0	0	0.056	0	0	0.737	0.741
IGF1	SHC1	9606.ENSP00000376637	9606.ENSP00000401303	0	0	0	0	0	0	0.500	0.790	0.890
IGF1	PDGFD	9606.ENSP00000376637	9606.ENSP00000376865	0	0	0	0	0.085	0	0.900	0.313	0.931
IGF1	PDGFC	9606.ENSP00000376637	9606.ENSP00000422464	0	0	0	0	0.045	0	0.900	0.583	0.956
IGF1	TGFA	9606.ENSP00000376637	9606.ENSP00000404131	0	0	0	0	0	0	0.900	0.812	0.980
IGF1	NTRK1	9606.ENSP00000376637	9606.ENSP00000431418	0	0	0	0	0	0.063	0.650	0.972	0.990
IGF1	IGF2	9606.ENSP00000376637	9606.ENSP00000391826	0	0	0	0.824	0.083	0	0.900	0.985	0.998
IGF1	IGF1R	9606.ENSP00000376637	9606.ENSP00000497069	0	0	0	0	0	0.983	0.900	0.999	0.999
IGF1	INS	9606.ENSP00000376637	9606.ENSP00000380432	0	0	0	0	0	0	0.900	0.999	0.999
IGF1R	SOS2	9606.ENSP00000497069	9606.ENSP00000216373	0	0	0	0	0.068	0.084	0	0.374	0.419
IGF1R	PIK3R2	9606.ENSP00000497069	9606.ENSP00000222254	0	0	0	0	0.042	0.397	0.900	0.463	0.964
IGF1R	NFKB1	9606.ENSP00000497069	9606.ENSP00000226574	0	0	0	0	0	0.095	0	0.477	0.506
IGF1R	PLCG1	9606.ENSP00000497069	9606.ENSP00000244007	0	0	0	0	0.060	0.048	0.900	0.229	0.921
IGF1R	KRAS	9606.ENSP00000497069	9606.ENSP00000256078	0	0	0	0	0.075	0.224	0.900	0.655	0.971
IGF1R	PDGFRA	9606.ENSP00000497069	9606.ENSP00000257290	0	0	0	0.584	0	0.074	0	0.524	0.540
IGF1R	PDGFRB	9606.ENSP00000497069	9606.ENSP00000261799	0	0	0	0.582	0	0.074	0	0.600	0.613
IGF1R	PIK3R3	9606.ENSP00000497069	9606.ENSP00000262741	0	0	0	0	0	0.719	0.900	0.696	0.990
IGF1R	MAP2K2	9606.ENSP00000497069	9606.ENSP00000262948	0	0	0	0.571	0	0.161	0	0.487	0.551
IGF1R	KDR	9606.ENSP00000497069	9606.ENSP00000263923	0	0	0	0.574	0	0.074	0	0.537	0.552
IGF1R	PIK3CA	9606.ENSP00000497069	9606.ENSP00000263967	0	0	0	0	0.048	0.098	0.900	0.776	0.978
IGF1R	SHC2	9606.ENSP00000497069	9606.ENSP00000264554	0	0	0	0	0	0.073	0.900	0.173	0.916
IGF1R	RASA1	9606.ENSP00000497069	9606.ENSP00000274376	0	0	0	0	0.049	0.292	0	0.582	0.693
IGF1R	KIT	9606.ENSP00000497069	9606.ENSP00000288135	0	0	0	0.593	0.042	0.074	0	0.547	0.563
IGF1R	VEGFD	9606.ENSP00000497069	9606.ENSP00000297904	0	0	0	0	0	0.070	0.650	0.573	0.849
IGF1R	MAP2K1	9606.ENSP00000497069	9606.ENSP00000302486	0	0	0	0.575	0	0.249	0	0.585	0.675
IGF1R	INSR	9606.ENSP00000497069	9606.ENSP00000303830	0	0	0.057	0.956	0.137	0.927	0.900	0.696	0.997
IGF1R	PRKACA	9606.ENSP00000497069	9606.ENSP00000309591	0	0	0	0.578	0.055	0.088	0.900	0.191	0.921
IGF1R	VEGFB	9606.ENSP00000497069	9606.ENSP00000311127	0	0	0	0	0	0	0.650	0.303	0.745
IGF1R	MET	9606.ENSP00000497069	9606.ENSP00000317272	0	0	0	0.581	0.042	0.192	0	0.560	0.629
IGF1R	SHC4	9606.ENSP00000497069	9606.ENSP00000329668	0	0	0	0	0.042	0.073	0.900	0.455	0.945
IGF1R	PDGFB	9606.ENSP00000497069	9606.ENSP00000330382	0	0	0	0	0	0	0.650	0.505	0.819
IGF1R	PDGFA	9606.ENSP00000497069	9606.ENSP00000346508	0	0	0	0	0.042	0.050	0.650	0.370	0.772
IGF1R	NF1	9606.ENSP00000497069	9606.ENSP00000351015	0	0	0	0	0.062	0.092	0	0.464	0.503
IGF1R	NGF	9606.ENSP00000497069	9606.ENSP00000358525	0	0	0	0	0	0	0.650	0.580	0.846
IGF1R	NRAS	9606.ENSP00000497069	9606.ENSP00000358548	0	0	0	0	0.074	0.110	0.900	0.582	0.960
IGF1R	PRKACB	9606.ENSP00000497069	9606.ENSP00000359719	0	0	0	0.573	0.054	0.088	0.900	0.194	0.921
IGF1R	SHC3	9606.ENSP00000497069	9606.ENSP00000364995	0	0	0	0	0	0.112	0.900	0.473	0.949
IGF1R	PRKACG	9606.ENSP00000497069	9606.ENSP00000366488	0	0	0	0.581	0.054	0.088	0.900	0.190	0.920
IGF1R	PIK3CD	9606.ENSP00000497069	9606.ENSP00000366563	0	0	0	0	0.044	0.167	0.900	0.447	0.950
IGF1R	PDGFD	9606.ENSP00000497069	9606.ENSP00000376865	0	0	0	0	0	0	0.650	0.247	0.725
IGF1R	MAPK8	9606.ENSP00000497069	9606.ENSP00000378974	0	0	0	0	0.049	0.088	0	0.412	0.446
IGF1R	INS	9606.ENSP00000497069	9606.ENSP00000380432	0	0	0	0	0	0.906	0.900	0.998	0.999
IGF1R	RELA	9606.ENSP00000497069	9606.ENSP00000384273	0	0	0	0	0.044	0.306	0	0.278	0.480
IGF1R	SOS1	9606.ENSP00000497069	9606.ENSP00000384675	0	0	0	0	0.049	0.084	0.500	0.409	0.708
IGF1R	IGF2	9606.ENSP00000497069	9606.ENSP00000391826	0	0	0	0	0.044	0.915	0.900	0.999	0.999
IGF1R	NTF3	9606.ENSP00000497069	9606.ENSP00000397297	0	0	0	0	0	0	0.650	0.220	0.715
IGF1R	RHOA	9606.ENSP00000497069	9606.ENSP00000400175	0	0	0	0	0.074	0.110	0	0.408	0.470
IGF1R	SHC1	9606.ENSP00000497069	9606.ENSP00000401303	0	0	0	0	0.042	0.841	0.900	0.992	0.999
IGF1R	TGFA	9606.ENSP00000497069	9606.ENSP00000404131	0	0	0	0	0.049	0	0.650	0.688	0.887
IGF1R	PDGFC	9606.ENSP00000497069	9606.ENSP00000422464	0	0	0	0	0.042	0	0.650	0.499	0.817
IGF1R	PIK3R1	9606.ENSP00000497069	9606.ENSP00000428056	0	0	0	0	0.042	0.803	0.900	0.735	0.994
IGF1R	NTRK1	9606.ENSP00000497069	9606.ENSP00000431418	0	0	0	0.683	0	0.060	0	0.494	0.504
IGF1R	PGF	9606.ENSP00000497069	9606.ENSP00000451040	0	0	0	0	0	0	0.650	0.299	0.744
IGF1R	NTF4	9606.ENSP00000497069	9606.ENSP00000469455	0	0	0	0	0	0	0.650	0.167	0.695
IGF1R	VEGFC	9606.ENSP00000497069	9606.ENSP00000480043	0	0	0	0	0	0.070	0.650	0.381	0.780
IGF1R	PLCG2	9606.ENSP00000497069	9606.ENSP00000482457	0	0	0	0	0	0.048	0.900	0.136	0.910
IGF1R	PTPN11	9606.ENSP00000497069	9606.ENSP00000489597	0	0	0	0	0.064	0.697	0	0.791	0.935
IGF1R	KITLG	9606.ENSP00000497069	9606.ENSP00000495951	0	0	0	0	0.042	0	0.650	0.364	0.768
IGF1R	PIK3CB	9606.ENSP00000497069	9606.ENSP00000501150	0	0	0	0	0.074	0.098	0.900	0.695	0.971
IGF2	NGFR	9606.ENSP00000391826	9606.ENSP00000172229	0	0	0	0	0.073	0	0.650	0.570	0.848
IGF2	MAPK1	9606.ENSP00000391826	9606.ENSP00000215832	0	0	0	0	0	0	0	0.468	0.468
IGF2	KRAS	9606.ENSP00000391826	9606.ENSP00000256078	0	0	0	0	0	0	0	0.507	0.507
IGF2	PDGFRA	9606.ENSP00000391826	9606.ENSP00000257290	0	0	0	0	0.099	0	0.650	0.414	0.799
IGF2	PDGFRB	9606.ENSP00000391826	9606.ENSP00000261799	0	0	0	0	0.086	0	0.650	0.528	0.835
IGF2	MAPK3	9606.ENSP00000391826	9606.ENSP00000263025	0	0	0	0	0	0	0	0.464	0.464
IGF2	KDR	9606.ENSP00000391826	9606.ENSP00000263923	0	0	0	0	0.066	0	0.650	0.614	0.862
IGF2	PIK3CA	9606.ENSP00000391826	9606.ENSP00000263967	0	0	0	0	0	0	0	0.513	0.513
IGF2	NTRK2	9606.ENSP00000391826	9606.ENSP00000277120	0	0	0	0	0.063	0	0.650	0.250	0.732
IGF2	KIT	9606.ENSP00000391826	9606.ENSP00000288135	0	0	0	0	0	0	0.650	0.543	0.833
IGF2	INSR	9606.ENSP00000391826	9606.ENSP00000303830	0	0	0	0	0	0.164	0.650	0.971	0.991
IGF2	MET	9606.ENSP00000391826	9606.ENSP00000317272	0	0	0	0	0.045	0	0.650	0.417	0.788
IGF2	PDGFA	9606.ENSP00000391826	9606.ENSP00000346508	0	0	0	0	0.045	0	0	0.417	0.419
IGF2	RASSF1	9606.ENSP00000391826	9606.ENSP00000349547	0	0	0	0	0	0	0	0.400	0.400
IGF2	NF1	9606.ENSP00000391826	9606.ENSP00000351015	0	0	0	0	0	0	0	0.548	0.548
IGF2	NGF	9606.ENSP00000391826	9606.ENSP00000358525	0	0	0	0	0	0	0	0.685	0.685
IGF2	TEK	9606.ENSP00000391826	9606.ENSP00000369375	0	0	0	0	0.072	0	0.650	0.248	0.734
IGF2	INS	9606.ENSP00000391826	9606.ENSP00000380432	0	0	0	0	0.044	0	0	0.981	0.981
IGF2	SOS1	9606.ENSP00000391826	9606.ENSP00000384675	0	0	0	0	0	0	0.500	0.216	0.591
IGF2	RASGRF1	9606.ENSP00000391826	9606.ENSP00000405963	0	0	0	0	0	0	0	0.510	0.510
IGF2	TGFA	9606.ENSP00000391826	9606.ENSP00000404131	0	0	0	0	0	0	0	0.570	0.570
IGF2	KITLG	9606.ENSP00000391826	9606.ENSP00000495951	0	0	0	0	0	0	0	0.599	0.599
IGF2	NTF3	9606.ENSP00000391826	9606.ENSP00000397297	0	0	0	0	0.083	0	0	0.595	0.613
IGF2	SHC1	9606.ENSP00000391826	9606.ENSP00000401303	0	0	0	0	0.043	0	0.500	0.446	0.711
IGF2	NTRK1	9606.ENSP00000391826	9606.ENSP00000431418	0	0	0	0	0.048	0	0.650	0.793	0.925
IKBKB	NGFR	9606.ENSP00000430684	9606.ENSP00000172229	0	0	0	0	0	0.522	0.500	0.351	0.831
IKBKB	NFKB1	9606.ENSP00000430684	9606.ENSP00000226574	0	0	0	0	0.125	0.885	0.900	0.979	0.999
IKBKB	KRAS	9606.ENSP00000430684	9606.ENSP00000256078	0	0	0	0	0.081	0.110	0	0.382	0.451
IKBKB	ZAP70	9606.ENSP00000430684	9606.ENSP00000264972	0	0	0	0.563	0.074	0	0	0.426	0.446
IKBKB	REL	9606.ENSP00000430684	9606.ENSP00000295025	0	0	0	0	0.058	0.098	0.500	0.909	0.956
IKBKB	MET	9606.ENSP00000430684	9606.ENSP00000317272	0	0	0	0.557	0.057	0.071	0	0.433	0.459
IKBKB	TBK1	9606.ENSP00000430684	9606.ENSP00000329967	0	0	0	0.596	0.093	0.345	0	0.911	0.943
IKBKB	NGF	9606.ENSP00000430684	9606.ENSP00000358525	0	0	0	0	0	0	0.500	0.249	0.608
IKBKB	MAPK8	9606.ENSP00000430684	9606.ENSP00000378974	0	0	0	0.581	0.073	0.088	0	0.570	0.605
IKBKB	INS	9606.ENSP00000430684	9606.ENSP00000380432	0	0	0	0	0	0.071	0	0.712	0.721
IKBKB	RELA	9606.ENSP00000430684	9606.ENSP00000384273	0	0	0	0	0.067	0.877	0.900	0.957	0.999
IKBKB	MAPK9	9606.ENSP00000430684	9606.ENSP00000394560	0	0	0	0.582	0.069	0.088	0	0.507	0.545
IKBKB	RHOA	9606.ENSP00000430684	9606.ENSP00000400175	0	0	0	0	0.105	0.110	0	0.307	0.400
IKBKB	PRKCA	9606.ENSP00000430684	9606.ENSP00000408695	0	0	0	0.571	0.090	0.298	0	0.162	0.418
IKBKB	PTPN11	9606.ENSP00000430684	9606.ENSP00000489597	0	0	0	0	0.075	0.097	0	0.601	0.638
IKBKB	PRKCB	9606.ENSP00000430684	9606.ENSP00000496129	0	0	0	0.568	0.099	0.599	0	0.183	0.680
IKBKB	IKBKG	9606.ENSP00000430684	9606.ENSP00000483825	0	0	0	0	0.125	0.999	0.900	0.999	0.999
IKBKG	NFKB1	9606.ENSP00000483825	9606.ENSP00000226574	0	0	0	0	0.078	0.808	0.900	0.953	0.999
IKBKG	MAPK3	9606.ENSP00000483825	9606.ENSP00000263025	0	0	0	0	0.103	0	0	0.383	0.423
IKBKG	RASA1	9606.ENSP00000483825	9606.ENSP00000274376	0	0	0	0	0.049	0	0	0.406	0.410
IKBKG	REL	9606.ENSP00000483825	9606.ENSP00000295025	0	0	0	0	0.074	0	0.500	0.801	0.899
IKBKG	TBK1	9606.ENSP00000483825	9606.ENSP00000329967	0	0	0	0	0.088	0.831	0.800	0.944	0.998
IKBKG	RALBP1	9606.ENSP00000483825	9606.ENSP00000372924	0	0	0	0	0	0.400	0	0	0.400
IKBKG	MAPK8	9606.ENSP00000483825	9606.ENSP00000378974	0	0	0	0	0.047	0	0	0.423	0.426
IKBKG	RELA	9606.ENSP00000483825	9606.ENSP00000384273	0	0	0	0	0.175	0.629	0.900	0.905	0.996
IKBKG	RHOA	9606.ENSP00000483825	9606.ENSP00000400175	0	0	0	0	0.061	0.299	0	0.259	0.470
IKBKG	PIK3CB	9606.ENSP00000483825	9606.ENSP00000501150	0	0	0	0	0.049	0	0	0.448	0.452
INS	NGFR	9606.ENSP00000380432	9606.ENSP00000172229	0	0	0	0	0	0	0.650	0.416	0.786
INS	MAPK1	9606.ENSP00000380432	9606.ENSP00000215832	0	0	0	0	0.055	0.096	0	0.745	0.763
INS	PIK3R2	9606.ENSP00000380432	9606.ENSP00000222254	0	0	0	0	0	0	0	0.678	0.678
INS	NFKB1	9606.ENSP00000380432	9606.ENSP00000226574	0	0	0	0	0	0	0	0.875	0.875
INS	KRAS	9606.ENSP00000380432	9606.ENSP00000256078	0	0	0	0	0	0	0	0.541	0.541
INS	PDGFRA	9606.ENSP00000380432	9606.ENSP00000257290	0	0	0	0	0.074	0	0.900	0.502	0.949
INS	PDGFRB	9606.ENSP00000380432	9606.ENSP00000261799	0	0	0	0	0.061	0	0.900	0.759	0.975
INS	MAPK3	9606.ENSP00000380432	9606.ENSP00000263025	0	0	0	0	0.055	0	0	0.811	0.813
INS	KDR	9606.ENSP00000380432	9606.ENSP00000263923	0	0	0	0	0.081	0	0.650	0.573	0.850
INS	PIK3CA	9606.ENSP00000380432	9606.ENSP00000263967	0	0	0	0	0	0	0	0.585	0.585
INS	RAB5A	9606.ENSP00000380432	9606.ENSP00000273047	0	0	0	0	0	0.096	0	0.400	0.434
INS	RASA1	9606.ENSP00000380432	9606.ENSP00000274376	0	0	0	0	0	0	0	0.669	0.669
INS	NTRK2	9606.ENSP00000380432	9606.ENSP00000277120	0	0	0	0	0	0.071	0.650	0.437	0.801
INS	KIT	9606.ENSP00000380432	9606.ENSP00000288135	0	0	0	0	0.068	0	0.900	0.588	0.958
INS	REL	9606.ENSP00000380432	9606.ENSP00000295025	0	0	0	0	0.060	0	0	0.416	0.427
INS	MAP2K1	9606.ENSP00000380432	9606.ENSP00000302486	0	0	0	0	0	0	0	0.555	0.555
INS	INSR	9606.ENSP00000380432	9606.ENSP00000303830	0	0	0	0	0	0.983	0.900	0.999	0.999
INS	PRKACA	9606.ENSP00000380432	9606.ENSP00000309591	0	0	0	0	0	0	0	0.738	0.738
INS	MET	9606.ENSP00000380432	9606.ENSP00000317272	0	0	0	0	0.074	0.071	0.650	0.482	0.823
INS	PDGFB	9606.ENSP00000380432	9606.ENSP00000330382	0	0	0	0	0.074	0	0.900	0.370	0.936
INS	PDGFA	9606.ENSP00000380432	9606.ENSP00000346508	0	0	0	0	0	0	0.900	0.324	0.929
INS	NGF	9606.ENSP00000380432	9606.ENSP00000358525	0	0	0	0	0.098	0	0	0.689	0.707
INS	PRKACB	9606.ENSP00000380432	9606.ENSP00000359719	0	0	0	0	0	0	0	0.732	0.732
INS	PRKACG	9606.ENSP00000380432	9606.ENSP00000366488	0	0	0	0	0.074	0	0	0.737	0.746
INS	TEK	9606.ENSP00000380432	9606.ENSP00000369375	0	0	0	0	0.055	0	0.650	0.420	0.791
INS	PDGFD	9606.ENSP00000380432	9606.ENSP00000376865	0	0	0	0	0.062	0	0.900	0.203	0.918
INS	MAPK8	9606.ENSP00000380432	9606.ENSP00000378974	0	0	0	0	0	0	0	0.740	0.740
INS	PGF	9606.ENSP00000380432	9606.ENSP00000451040	0	0	0	0	0	0	0	0.414	0.414
INS	RAF1	9606.ENSP00000380432	9606.ENSP00000401888	0	0	0	0	0	0.071	0	0.406	0.424
INS	PRKCB	9606.ENSP00000380432	9606.ENSP00000496129	0	0	0	0	0	0	0	0.434	0.434
INS	NTF3	9606.ENSP00000380432	9606.ENSP00000397297	0	0	0	0	0.076	0	0	0.457	0.477
INS	PTPN11	9606.ENSP00000380432	9606.ENSP00000489597	0	0	0	0	0	0	0	0.480	0.480
INS	PIK3CB	9606.ENSP00000380432	9606.ENSP00000501150	0	0	0	0	0	0	0	0.485	0.485
INS	PRKCA	9606.ENSP00000380432	9606.ENSP00000408695	0	0	0	0	0	0	0	0.509	0.509
INS	RHOA	9606.ENSP00000380432	9606.ENSP00000400175	0	0	0	0	0.060	0	0	0.561	0.569
INS	RELA	9606.ENSP00000380432	9606.ENSP00000384273	0	0	0	0	0.078	0	0	0.599	0.615
INS	MAPK9	9606.ENSP00000380432	9606.ENSP00000394560	0	0	0	0	0	0	0	0.620	0.620
INS	SOS1	9606.ENSP00000380432	9606.ENSP00000384675	0	0	0	0	0	0	0.500	0.354	0.663
INS	KITLG	9606.ENSP00000380432	9606.ENSP00000495951	0	0	0	0	0	0	0	0.723	0.723
INS	SHC1	9606.ENSP00000380432	9606.ENSP00000401303	0	0	0	0	0	0	0.500	0.604	0.793
INS	PIK3R1	9606.ENSP00000380432	9606.ENSP00000428056	0	0	0	0	0	0	0	0.824	0.824
INS	PDGFC	9606.ENSP00000380432	9606.ENSP00000422464	0	0	0	0	0.082	0	0.900	0.252	0.925
INS	TGFA	9606.ENSP00000380432	9606.ENSP00000404131	0	0	0	0	0	0	0.900	0.586	0.956
INS	NTRK1	9606.ENSP00000380432	9606.ENSP00000431418	0	0	0	0	0.056	0.071	0.650	0.989	0.996
INSR	MAPK1	9606.ENSP00000303830	9606.ENSP00000215832	0	0	0	0.574	0	0.342	0	0.492	0.652
INSR	PIK3R2	9606.ENSP00000303830	9606.ENSP00000222254	0	0	0	0	0	0.231	0.650	0.356	0.811
INSR	PLCG1	9606.ENSP00000303830	9606.ENSP00000244007	0	0	0	0	0	0.676	0	0.134	0.708
INSR	KRAS	9606.ENSP00000303830	9606.ENSP00000256078	0	0	0	0	0.074	0.226	0	0.291	0.448
INSR	PIK3R3	9606.ENSP00000303830	9606.ENSP00000262741	0	0	0	0	0	0.153	0.650	0.630	0.880
INSR	MAPK3	9606.ENSP00000303830	9606.ENSP00000263025	0	0	0	0.576	0	0.342	0	0.201	0.452
INSR	PRKCG	9606.ENSP00000303830	9606.ENSP00000263431	0	0	0	0.557	0	0.050	0	0.405	0.410
INSR	PIK3CA	9606.ENSP00000303830	9606.ENSP00000263967	0	0	0	0	0	0.098	0.900	0.462	0.947
INSR	SHC2	9606.ENSP00000303830	9606.ENSP00000264554	0	0	0	0	0.064	0.073	0.900	0.127	0.914
INSR	RASA1	9606.ENSP00000303830	9606.ENSP00000274376	0	0	0	0	0	0.510	0	0.392	0.689
INSR	VEGFD	9606.ENSP00000303830	9606.ENSP00000297904	0	0	0	0	0.042	0.070	0.650	0.115	0.687
INSR	PRKCA	9606.ENSP00000303830	9606.ENSP00000408695	0	0	0	0.555	0	0.050	0	0.442	0.447
INSR	RAB5B	9606.ENSP00000303830	9606.ENSP00000353444	0	0	0	0	0	0.071	0	0.438	0.455
INSR	RHOA	9606.ENSP00000303830	9606.ENSP00000400175	0	0	0	0	0.074	0.110	0	0.419	0.480
INSR	NTF3	9606.ENSP00000303830	9606.ENSP00000397297	0	0	0	0	0	0	0.650	0	0.650
INSR	NTF4	9606.ENSP00000303830	9606.ENSP00000469455	0	0	0	0	0	0	0.650	0.061	0.657
INSR	PGF	9606.ENSP00000303830	9606.ENSP00000451040	0	0	0	0	0	0	0.650	0.068	0.659
INSR	PDGFD	9606.ENSP00000303830	9606.ENSP00000376865	0	0	0	0	0	0	0.650	0.080	0.664
INSR	VEGFB	9606.ENSP00000303830	9606.ENSP00000311127	0	0	0	0	0	0	0.650	0.121	0.679
INSR	TGFA	9606.ENSP00000303830	9606.ENSP00000404131	0	0	0	0	0	0	0.650	0.125	0.680
INSR	PDGFC	9606.ENSP00000303830	9606.ENSP00000422464	0	0	0	0	0	0	0.650	0.130	0.682
INSR	PDGFA	9606.ENSP00000303830	9606.ENSP00000346508	0	0	0	0	0.049	0.050	0.650	0.125	0.686
INSR	VEGFC	9606.ENSP00000303830	9606.ENSP00000480043	0	0	0	0	0	0.070	0.650	0.133	0.693
INSR	NGF	9606.ENSP00000303830	9606.ENSP00000358525	0	0	0	0	0	0	0.650	0.182	0.701
INSR	PDGFB	9606.ENSP00000303830	9606.ENSP00000330382	0	0	0	0	0	0	0.650	0.298	0.744
INSR	SOS1	9606.ENSP00000303830	9606.ENSP00000384675	0	0	0	0	0	0.084	0.500	0.502	0.752
INSR	SHC4	9606.ENSP00000303830	9606.ENSP00000329668	0	0	0	0	0	0.073	0.900	0.050	0.904
INSR	PRKCB	9606.ENSP00000303830	9606.ENSP00000496129	0	0	0	0.556	0	0.050	0.900	0.143	0.911
INSR	SHC3	9606.ENSP00000303830	9606.ENSP00000364995	0	0	0	0	0	0.112	0.900	0.115	0.914
INSR	KITLG	9606.ENSP00000303830	9606.ENSP00000495951	0	0	0	0	0	0	0.900	0.202	0.916
INSR	PIK3CD	9606.ENSP00000303830	9606.ENSP00000366563	0	0	0	0	0	0.098	0.900	0.260	0.927
INSR	PIK3CB	9606.ENSP00000303830	9606.ENSP00000501150	0	0	0	0	0.042	0.098	0.900	0.432	0.944
INSR	PTPN11	9606.ENSP00000303830	9606.ENSP00000489597	0	0	0	0	0.064	0.757	0.900	0.238	0.980
INSR	PIK3R1	9606.ENSP00000303830	9606.ENSP00000428056	0	0	0	0	0.049	0.854	0.650	0.794	0.988
INSR	SHC1	9606.ENSP00000303830	9606.ENSP00000401303	0	0	0	0	0	0.795	0.900	0.751	0.994
JMJD7-PLA2G4B	MAPK1	9606.ENSP00000371886	9606.ENSP00000215832	0	0	0	0	0	0	0.900	0	0.900
JMJD7-PLA2G4B	PLCG1	9606.ENSP00000371886	9606.ENSP00000244007	0	0	0	0	0.049	0	0.900	0	0.900
JMJD7-PLA2G4B	MAPK3	9606.ENSP00000371886	9606.ENSP00000263025	0	0	0	0	0	0	0.900	0	0.900
JMJD7-PLA2G4B	PLD2	9606.ENSP00000371886	9606.ENSP00000263088	0	0	0	0	0.055	0	0.650	0.242	0.727
JMJD7-PLA2G4B	PRKCG	9606.ENSP00000371886	9606.ENSP00000263431	0	0	0	0	0	0	0.650	0	0.650
JMJD7-PLA2G4B	PLAAT3	9606.ENSP00000371886	9606.ENSP00000320337	0	0	0	0	0.055	0	0.650	0.089	0.672
JMJD7-PLA2G4B	PLA2G6	9606.ENSP00000371886	9606.ENSP00000333142	0	0	0	0	0.221	0	0	0.292	0.425
JMJD7-PLA2G4B	PLD1	9606.ENSP00000371886	9606.ENSP00000342793	0	0	0	0	0.055	0	0.650	0.242	0.727
JMJD7-PLA2G4B	PRKCA	9606.ENSP00000371886	9606.ENSP00000408695	0	0	0	0	0	0	0.650	0	0.650
JMJD7-PLA2G4B	PRKCB	9606.ENSP00000371886	9606.ENSP00000496129	0	0	0	0	0	0	0.650	0	0.650
JMJD7-PLA2G4B	PLCG2	9606.ENSP00000371886	9606.ENSP00000482457	0	0	0	0	0	0	0.900	0	0.900
KDR	MAPK1	9606.ENSP00000263923	9606.ENSP00000215832	0	0	0	0.601	0	0.295	0	0.189	0.404
KDR	PIK3R2	9606.ENSP00000263923	9606.ENSP00000222254	0	0	0	0	0	0.153	0.900	0.254	0.931
KDR	NFKB1	9606.ENSP00000263923	9606.ENSP00000226574	0	0	0	0	0.061	0	0	0.449	0.461
KDR	PLCG1	9606.ENSP00000263923	9606.ENSP00000244007	0	0	0	0	0	0.537	0.900	0.489	0.974
KDR	KRAS	9606.ENSP00000263923	9606.ENSP00000256078	0	0	0	0	0	0.092	0	0.767	0.780
KDR	PDGFRB	9606.ENSP00000263923	9606.ENSP00000261799	0	0	0.103	0.677	0.084	0.301	0	0.979	0.986
KDR	PIK3R3	9606.ENSP00000263923	9606.ENSP00000262741	0	0	0	0	0.045	0.153	0.900	0.158	0.922
KDR	MAP2K2	9606.ENSP00000263923	9606.ENSP00000262948	0	0	0	0.574	0.074	0.084	0	0.419	0.464
KDR	MAPK3	9606.ENSP00000263923	9606.ENSP00000263025	0	0	0	0.588	0	0.046	0	0.465	0.467
KDR	PRKCA	9606.ENSP00000263923	9606.ENSP00000408695	0	0	0	0.556	0.056	0	0	0.399	0.408
KDR	NF1	9606.ENSP00000263923	9606.ENSP00000351015	0	0	0	0	0.044	0	0	0.422	0.424
KDR	KIT	9606.ENSP00000263923	9606.ENSP00000288135	0	0	0.134	0.718	0.118	0.089	0	0.276	0.429
KDR	RAB5A	9606.ENSP00000263923	9606.ENSP00000273047	0	0	0	0	0	0.292	0	0.244	0.441
KDR	PRKACG	9606.ENSP00000263923	9606.ENSP00000366488	0	0	0	0.583	0	0	0.400	0.151	0.468
KDR	PRKACA	9606.ENSP00000263923	9606.ENSP00000309591	0	0	0	0.580	0	0	0.400	0.154	0.470
KDR	PRKACB	9606.ENSP00000263923	9606.ENSP00000359719	0	0	0	0.571	0.042	0	0.400	0.156	0.472
KDR	MAP2K1	9606.ENSP00000263923	9606.ENSP00000302486	0	0	0	0.576	0.074	0.084	0	0.510	0.548
KDR	PAK2	9606.ENSP00000263923	9606.ENSP00000314067	0	0	0	0.568	0.060	0.045	0.500	0.123	0.553
KDR	NRAS	9606.ENSP00000263923	9606.ENSP00000358548	0	0	0	0	0	0.092	0	0.533	0.558
KDR	RAC1	9606.ENSP00000263923	9606.ENSP00000348461	0	0	0	0	0.074	0.071	0.500	0.230	0.624
KDR	RASA1	9606.ENSP00000263923	9606.ENSP00000274376	0	0	0	0	0	0.345	0	0.581	0.714
KDR	NTF4	9606.ENSP00000263923	9606.ENSP00000469455	0	0	0	0	0	0	0.650	0.220	0.715
KDR	NTF3	9606.ENSP00000263923	9606.ENSP00000397297	0	0	0	0	0	0	0.650	0.235	0.721
KDR	TEK	9606.ENSP00000263923	9606.ENSP00000369375	0	0	0	0.591	0.334	0	0	0.631	0.744
KDR	RHOA	9606.ENSP00000263923	9606.ENSP00000400175	0	0	0	0	0.059	0.071	0.500	0.506	0.755
KDR	TGFA	9606.ENSP00000263923	9606.ENSP00000404131	0	0	0	0	0	0	0.650	0.520	0.824
KDR	PDGFD	9606.ENSP00000263923	9606.ENSP00000376865	0	0	0	0	0.066	0	0.650	0.570	0.847
KDR	MET	9606.ENSP00000263923	9606.ENSP00000317272	0	0	0	0.568	0	0.345	0	0.782	0.851
KDR	NGF	9606.ENSP00000263923	9606.ENSP00000358525	0	0	0	0	0.042	0	0.650	0.662	0.876
KDR	PDGFA	9606.ENSP00000263923	9606.ENSP00000346508	0	0	0	0	0.042	0	0.650	0.721	0.898
KDR	SHC4	9606.ENSP00000263923	9606.ENSP00000329668	0	0	0	0	0.055	0.105	0.900	0.084	0.912
KDR	PDGFB	9606.ENSP00000263923	9606.ENSP00000330382	0	0	0	0	0.096	0	0.650	0.756	0.916
KDR	PLCG2	9606.ENSP00000263923	9606.ENSP00000482457	0	0	0	0	0.045	0.094	0.900	0.169	0.918
KDR	PTPN11	9606.ENSP00000263923	9606.ENSP00000489597	0	0	0	0	0.060	0.402	0	0.867	0.919
KDR	PIK3CD	9606.ENSP00000263923	9606.ENSP00000366563	0	0	0	0	0	0.098	0.900	0.272	0.928
KDR	PIK3CB	9606.ENSP00000263923	9606.ENSP00000501150	0	0	0	0	0	0.098	0.900	0.315	0.932
KDR	KITLG	9606.ENSP00000263923	9606.ENSP00000495951	0	0	0	0	0.067	0.076	0.650	0.809	0.934
KDR	SHC3	9606.ENSP00000263923	9606.ENSP00000364995	0	0	0	0	0.075	0.162	0.900	0.328	0.941
KDR	PIK3R1	9606.ENSP00000263923	9606.ENSP00000428056	0	0	0	0	0.049	0.153	0.900	0.377	0.943
KDR	SHC2	9606.ENSP00000263923	9606.ENSP00000264554	0	0	0	0	0.096	0.647	0.900	0.249	0.972
KDR	PIK3CA	9606.ENSP00000263923	9606.ENSP00000263967	0	0	0	0	0	0.098	0.900	0.754	0.975
KDR	SHC1	9606.ENSP00000263923	9606.ENSP00000401303	0	0	0	0	0.057	0.672	0.900	0.860	0.995
KDR	PDGFC	9606.ENSP00000263923	9606.ENSP00000422464	0	0	0	0	0	0	0.650	0.994	0.997
KDR	VEGFB	9606.ENSP00000263923	9606.ENSP00000311127	0	0	0	0	0	0.180	0.650	0.998	0.999
KDR	VEGFC	9606.ENSP00000263923	9606.ENSP00000480043	0	0	0	0	0.057	0.958	0.700	0.999	0.999
KDR	PGF	9606.ENSP00000263923	9606.ENSP00000451040	0	0	0	0	0.067	0	0.650	0.998	0.999
KDR	VEGFD	9606.ENSP00000263923	9606.ENSP00000297904	0	0	0	0	0.057	0.345	0.700	0.998	0.999
KIT	NGFR	9606.ENSP00000288135	9606.ENSP00000172229	0	0	0	0	0.043	0	0	0.480	0.481
KIT	PIK3R2	9606.ENSP00000288135	9606.ENSP00000222254	0	0	0	0	0	0.605	0.900	0.256	0.968
KIT	NFKB1	9606.ENSP00000288135	9606.ENSP00000226574	0	0	0	0	0.056	0	0	0.432	0.441
KIT	PLCG1	9606.ENSP00000288135	9606.ENSP00000244007	0	0	0	0	0.087	0.820	0	0.359	0.886
KIT	KRAS	9606.ENSP00000288135	9606.ENSP00000256078	0	0	0	0	0.055	0.071	0.900	0.767	0.976
KIT	PDGFRA	9606.ENSP00000288135	9606.ENSP00000257290	0	0	0	0.826	0.097	0.298	0	0.200	0.449
KIT	PIK3R3	9606.ENSP00000288135	9606.ENSP00000262741	0	0	0	0	0.054	0.228	0.900	0.183	0.932
KIT	MAPK3	9606.ENSP00000288135	9606.ENSP00000263025	0	0	0	0.585	0.103	0	0	0.483	0.516
KIT	PIK3CA	9606.ENSP00000288135	9606.ENSP00000263967	0	0	0	0	0.106	0.325	0.900	0.809	0.986
KIT	SHC2	9606.ENSP00000288135	9606.ENSP00000264554	0	0	0	0	0.073	0.208	0.900	0.214	0.934
KIT	RASA1	9606.ENSP00000288135	9606.ENSP00000274376	0	0	0	0	0.065	0.193	0	0.306	0.431
KIT	PLCG2	9606.ENSP00000288135	9606.ENSP00000482457	0	0	0	0	0.069	0.196	0	0.280	0.414
KIT	TBK1	9606.ENSP00000288135	9606.ENSP00000329967	0	0	0	0	0.056	0.074	0	0.460	0.486
KIT	RAC1	9606.ENSP00000288135	9606.ENSP00000348461	0	0	0	0	0.141	0.071	0.400	0.174	0.551
KIT	SOS1	9606.ENSP00000288135	9606.ENSP00000384675	0	0	0	0	0.055	0.071	0.400	0.275	0.567
KIT	MET	9606.ENSP00000288135	9606.ENSP00000317272	0	0	0	0.580	0	0.092	0	0.572	0.594
KIT	NTF4	9606.ENSP00000288135	9606.ENSP00000469455	0	0	0	0	0.044	0	0.650	0.151	0.691
KIT	NTF3	9606.ENSP00000288135	9606.ENSP00000397297	0	0	0	0	0.044	0	0.650	0.175	0.699
KIT	NF1	9606.ENSP00000288135	9606.ENSP00000351015	0	0	0	0	0.044	0	0	0.715	0.715
KIT	PDGFD	9606.ENSP00000288135	9606.ENSP00000376865	0	0	0	0	0.073	0	0.650	0.249	0.735
KIT	PDGFC	9606.ENSP00000288135	9606.ENSP00000422464	0	0	0	0	0.091	0	0.650	0.323	0.765
KIT	VEGFD	9606.ENSP00000288135	9606.ENSP00000297904	0	0	0	0	0.057	0.042	0.650	0.372	0.775
KIT	NGF	9606.ENSP00000288135	9606.ENSP00000358525	0	0	0	0	0	0	0.650	0.415	0.786
KIT	PGF	9606.ENSP00000288135	9606.ENSP00000451040	0	0	0	0	0	0	0.650	0.447	0.798
KIT	PDGFA	9606.ENSP00000288135	9606.ENSP00000346508	0	0	0	0	0.055	0	0.650	0.447	0.801
KIT	VEGFB	9606.ENSP00000288135	9606.ENSP00000311127	0	0	0	0	0	0.180	0.650	0.382	0.807
KIT	VEGFC	9606.ENSP00000288135	9606.ENSP00000480043	0	0	0	0	0.043	0.042	0.650	0.588	0.850
KIT	TGFA	9606.ENSP00000288135	9606.ENSP00000404131	0	0	0	0	0.061	0	0.650	0.609	0.860
KIT	PDGFB	9606.ENSP00000288135	9606.ENSP00000330382	0	0	0	0	0.103	0	0.650	0.637	0.876
KIT	PRKCA	9606.ENSP00000288135	9606.ENSP00000408695	0	0	0	0.553	0.056	0	0.900	0.147	0.912
KIT	SHC4	9606.ENSP00000288135	9606.ENSP00000329668	0	0	0	0	0.063	0.208	0.900	0.071	0.921
KIT	SHC3	9606.ENSP00000288135	9606.ENSP00000364995	0	0	0	0	0.076	0.208	0.900	0.104	0.925
KIT	PIK3CD	9606.ENSP00000288135	9606.ENSP00000366563	0	0	0	0	0.106	0.087	0.900	0.353	0.940
KIT	PIK3CB	9606.ENSP00000288135	9606.ENSP00000501150	0	0	0	0	0.108	0.087	0.900	0.580	0.961
KIT	SHC1	9606.ENSP00000288135	9606.ENSP00000401303	0	0	0	0	0.076	0.208	0.900	0.603	0.967
KIT	NRAS	9606.ENSP00000288135	9606.ENSP00000358548	0	0	0	0	0.055	0.071	0.900	0.812	0.981
KIT	PTPN11	9606.ENSP00000288135	9606.ENSP00000489597	0	0	0	0	0.140	0.596	0.900	0.754	0.990
KIT	PIK3R1	9606.ENSP00000288135	9606.ENSP00000428056	0	0	0	0	0.056	0.870	0.900	0.668	0.995
KIT	KITLG	9606.ENSP00000288135	9606.ENSP00000495951	0	0	0	0	0.068	0.978	0.900	0.999	0.999
KITLG	NGFR	9606.ENSP00000495951	9606.ENSP00000172229	0	0	0	0	0	0	0.650	0.348	0.762
KITLG	PIK3R2	9606.ENSP00000495951	9606.ENSP00000222254	0	0	0	0	0.068	0	0.400	0.190	0.507
KITLG	RAC2	9606.ENSP00000495951	9606.ENSP00000249071	0	0	0	0	0	0	0	0.457	0.457
KITLG	KRAS	9606.ENSP00000495951	9606.ENSP00000256078	0	0	0	0	0	0	0.500	0.323	0.647
KITLG	PDGFRA	9606.ENSP00000495951	9606.ENSP00000257290	0	0	0	0	0.074	0.076	0.900	0.809	0.981
KITLG	PDGFRB	9606.ENSP00000495951	9606.ENSP00000261799	0	0	0	0	0.067	0.076	0.900	0.507	0.951
KITLG	PIK3R3	9606.ENSP00000495951	9606.ENSP00000262741	0	0	0	0	0.109	0	0.400	0.117	0.487
KITLG	MAPK3	9606.ENSP00000495951	9606.ENSP00000263025	0	0	0	0	0	0	0	0.447	0.447
KITLG	PIK3CA	9606.ENSP00000495951	9606.ENSP00000263967	0	0	0	0	0	0	0.400	0.198	0.498
KITLG	NTRK2	9606.ENSP00000495951	9606.ENSP00000277120	0	0	0	0	0.047	0	0.650	0.175	0.700
KITLG	MET	9606.ENSP00000495951	9606.ENSP00000317272	0	0	0	0	0.109	0	0.650	0.691	0.895
KITLG	RAC1	9606.ENSP00000495951	9606.ENSP00000348461	0	0	0	0	0	0	0.400	0.081	0.425
KITLG	NF1	9606.ENSP00000495951	9606.ENSP00000351015	0	0	0	0	0	0	0	0.551	0.551
KITLG	NGF	9606.ENSP00000495951	9606.ENSP00000358525	0	0	0	0	0.072	0	0	0.599	0.612
KITLG	NRAS	9606.ENSP00000495951	9606.ENSP00000358548	0	0	0	0	0	0	0.500	0.366	0.669
KITLG	PIK3CD	9606.ENSP00000495951	9606.ENSP00000366563	0	0	0	0	0	0	0	0.430	0.430
KITLG	TEK	9606.ENSP00000495951	9606.ENSP00000369375	0	0	0	0	0.067	0.076	0.650	0.772	0.922
KITLG	SOS1	9606.ENSP00000495951	9606.ENSP00000384675	0	0	0	0	0	0	0.400	0.166	0.478
KITLG	PRKCA	9606.ENSP00000495951	9606.ENSP00000408695	0	0	0	0	0	0	0.400	0.213	0.507
KITLG	PIK3R1	9606.ENSP00000495951	9606.ENSP00000428056	0	0	0	0	0.073	0	0.400	0.172	0.499
KITLG	NTRK1	9606.ENSP00000495951	9606.ENSP00000431418	0	0	0	0	0	0	0.650	0.996	0.998
KITLG	PGF	9606.ENSP00000495951	9606.ENSP00000451040	0	0	0	0	0	0	0	0.447	0.447
KITLG	PTPN11	9606.ENSP00000495951	9606.ENSP00000489597	0	0	0	0	0.048	0	0.400	0.350	0.596
KRAS	RALA	9606.ENSP00000256078	9606.ENSP00000005257	0	0	0.062	0.935	0.139	0.212	0.500	0.361	0.759
KRAS	MAPK1	9606.ENSP00000256078	9606.ENSP00000215832	0	0	0	0	0.088	0.495	0.900	0.771	0.988
KRAS	SOS2	9606.ENSP00000256078	9606.ENSP00000216373	0	0	0	0	0.088	0.297	0.900	0.793	0.985
KRAS	PIK3R2	9606.ENSP00000256078	9606.ENSP00000222254	0	0	0	0	0.047	0.147	0.900	0.417	0.946
KRAS	NFKB1	9606.ENSP00000256078	9606.ENSP00000226574	0	0	0	0	0.053	0.102	0.500	0.596	0.805
KRAS	PLCG1	9606.ENSP00000256078	9606.ENSP00000244007	0	0	0	0	0.049	0	0	0.534	0.538
KRAS	RAP1B	9606.ENSP00000256078	9606.ENSP00000250559	0	0	0.064	0.945	0.076	0.068	0.500	0.078	0.561
KRAS	PRKACG	9606.ENSP00000256078	9606.ENSP00000366488	0	0	0	0	0.056	0.129	0	0.352	0.420
KRAS	PRKACA	9606.ENSP00000256078	9606.ENSP00000309591	0	0	0	0	0.058	0.129	0	0.366	0.435
KRAS	PRKACB	9606.ENSP00000256078	9606.ENSP00000359719	0	0	0	0	0.072	0.129	0	0.397	0.471
KRAS	RHOA	9606.ENSP00000256078	9606.ENSP00000400175	0	0	0.098	0.754	0.057	0.352	0	0.170	0.482
KRAS	RAB5C	9606.ENSP00000256078	9606.ENSP00000447053	0	0	0.101	0.791	0.116	0.074	0	0.395	0.496
KRAS	PLAAT3	9606.ENSP00000256078	9606.ENSP00000320337	0	0	0	0	0.056	0.053	0	0.484	0.499
KRAS	RAB5A	9606.ENSP00000256078	9606.ENSP00000273047	0	0	0.102	0.793	0.139	0.074	0	0.401	0.514
KRAS	LAT	9606.ENSP00000256078	9606.ENSP00000378845	0	0	0	0	0	0	0.500	0.100	0.530
KRAS	NTF3	9606.ENSP00000256078	9606.ENSP00000397297	0	0	0	0	0	0	0.500	0.098	0.530
KRAS	NTF4	9606.ENSP00000256078	9606.ENSP00000469455	0	0	0	0	0	0	0.500	0.111	0.536
KRAS	PAK3	9606.ENSP00000256078	9606.ENSP00000353864	0	0	0	0	0.064	0.165	0.400	0.129	0.537
KRAS	PAK4	9606.ENSP00000256078	9606.ENSP00000469413	0	0	0	0	0.047	0.328	0	0.365	0.558
KRAS	SHC3	9606.ENSP00000256078	9606.ENSP00000364995	0	0	0	0	0.056	0	0.500	0.144	0.560
KRAS	SHC2	9606.ENSP00000256078	9606.ENSP00000264554	0	0	0	0	0.051	0	0.500	0.199	0.587
KRAS	PAK1	9606.ENSP00000256078	9606.ENSP00000278568	0	0	0	0	0.082	0.165	0.400	0.249	0.608
KRAS	KSR2	9606.ENSP00000256078	9606.ENSP00000389715	0	0	0	0	0.074	0.127	0.500	0.146	0.609
KRAS	PAK2	9606.ENSP00000256078	9606.ENSP00000314067	0	0	0	0	0.095	0.237	0.400	0.172	0.611
KRAS	TBK1	9606.ENSP00000256078	9606.ENSP00000329967	0	0	0	0	0.093	0.110	0	0.605	0.653
KRAS	PDGFA	9606.ENSP00000256078	9606.ENSP00000346508	0	0	0	0	0.042	0	0.500	0.349	0.661
KRAS	TEK	9606.ENSP00000256078	9606.ENSP00000369375	0	0	0	0	0	0.071	0.500	0.333	0.663
KRAS	NTRK1	9606.ENSP00000256078	9606.ENSP00000431418	0	0	0	0	0.074	0.110	0	0.623	0.663
KRAS	RASA4B	9606.ENSP00000256078	9606.ENSP00000440982	0	0	0	0	0	0.096	0.650	0.043	0.670
KRAS	PDGFB	9606.ENSP00000256078	9606.ENSP00000330382	0	0	0	0	0	0	0.500	0.390	0.682
KRAS	RELA	9606.ENSP00000256078	9606.ENSP00000384273	0	0	0	0	0.061	0.078	0.500	0.372	0.692
KRAS	RASAL3	9606.ENSP00000256078	9606.ENSP00000341905	0	0	0	0	0	0.099	0.650	0.129	0.701
KRAS	RAP1A	9606.ENSP00000256078	9606.ENSP00000358723	0	0	0.063	0.947	0.138	0.107	0.500	0.304	0.703
KRAS	NTRK2	9606.ENSP00000256078	9606.ENSP00000277120	0	0	0	0	0.074	0.110	0.500	0.365	0.703
KRAS	KSR1	9606.ENSP00000256078	9606.ENSP00000381958	0	0	0	0	0.074	0.127	0.500	0.372	0.712
KRAS	RASA3	9606.ENSP00000256078	9606.ENSP00000335029	0	0	0	0	0.042	0.095	0.650	0.212	0.729
KRAS	RASAL1	9606.ENSP00000256078	9606.ENSP00000450244	0	0	0	0	0	0.084	0.650	0.258	0.741
KRAS	SHC1	9606.ENSP00000256078	9606.ENSP00000401303	0	0	0	0	0.061	0.225	0.500	0.414	0.758
KRAS	TGFA	9606.ENSP00000256078	9606.ENSP00000404131	0	0	0	0	0	0	0.500	0.543	0.762
KRAS	RASA4	9606.ENSP00000256078	9606.ENSP00000262940	0	0	0	0	0	0.084	0.650	0.333	0.767
KRAS	RASAL2	9606.ENSP00000256078	9606.ENSP00000356621	0	0	0	0	0.042	0.216	0.650	0.239	0.773
KRAS	RALB	9606.ENSP00000256078	9606.ENSP00000272519	0	0	0.067	0.929	0.047	0	0.500	0.585	0.790
KRAS	SYNGAP1	9606.ENSP00000256078	9606.ENSP00000496007	0	0	0	0	0	0.099	0.650	0.433	0.805
KRAS	RAPGEF5	9606.ENSP00000256078	9606.ENSP00000343656	0	0	0	0	0.042	0.096	0.900	0.093	0.911
KRAS	PRKCG	9606.ENSP00000256078	9606.ENSP00000263431	0	0	0	0	0.059	0	0.900	0.130	0.911
KRAS	RASGRP2	9606.ENSP00000256078	9606.ENSP00000338864	0	0	0	0	0	0.182	0.900	0.125	0.922
KRAS	PRKCB	9606.ENSP00000256078	9606.ENSP00000496129	0	0	0	0	0.062	0	0.900	0.251	0.923
KRAS	RASGRP4	9606.ENSP00000256078	9606.ENSP00000479844	0	0	0	0	0	0.182	0.900	0.164	0.925
KRAS	RASGRP3	9606.ENSP00000256078	9606.ENSP00000385886	0	0	0	0	0	0.182	0.900	0.170	0.926
KRAS	PRKCA	9606.ENSP00000256078	9606.ENSP00000408695	0	0	0	0	0.078	0	0.900	0.326	0.932
KRAS	MAPK9	9606.ENSP00000256078	9606.ENSP00000394560	0	0	0	0	0.103	0.145	0.900	0.262	0.935
KRAS	RASGRP1	9606.ENSP00000256078	9606.ENSP00000310244	0	0	0	0	0.055	0.182	0.900	0.292	0.937
KRAS	RALBP1	9606.ENSP00000256078	9606.ENSP00000372924	0	0	0	0	0.050	0.285	0.900	0.245	0.941
KRAS	NRAS	9606.ENSP00000256078	9606.ENSP00000358548	0	0	0.050	0.981	0.095	0.422	0.900	0.059	0.944
KRAS	RASGRF2	9606.ENSP00000256078	9606.ENSP00000265080	0	0	0	0	0	0.377	0.900	0.210	0.946
KRAS	RASA2	9606.ENSP00000256078	9606.ENSP00000286364	0	0	0	0	0.064	0.095	0.900	0.456	0.947
KRAS	MAPK8	9606.ENSP00000256078	9606.ENSP00000378974	0	0	0	0	0.147	0.145	0.900	0.380	0.948
KRAS	RASGRF1	9606.ENSP00000256078	9606.ENSP00000405963	0	0	0	0	0	0.157	0.900	0.447	0.949
KRAS	PIK3R3	9606.ENSP00000256078	9606.ENSP00000262741	0	0	0	0	0	0.065	0.900	0.535	0.952
KRAS	PTPN11	9606.ENSP00000256078	9606.ENSP00000489597	0	0	0	0	0.074	0.153	0.500	0.895	0.953
KRAS	RGL2	9606.ENSP00000256078	9606.ENSP00000420211	0	0	0	0	0.055	0.434	0.900	0.313	0.958
KRAS	PDGFRB	9606.ENSP00000256078	9606.ENSP00000261799	0	0	0	0	0	0.091	0.900	0.592	0.959
KRAS	PIK3R1	9606.ENSP00000256078	9606.ENSP00000428056	0	0	0	0	0.072	0.102	0.900	0.618	0.963
KRAS	MAP2K2	9606.ENSP00000256078	9606.ENSP00000262948	0	0	0	0	0.047	0.163	0.900	0.624	0.966
KRAS	TIAM1	9606.ENSP00000256078	9606.ENSP00000286827	0	0	0	0	0	0.239	0.900	0.611	0.967
KRAS	RIN1	9606.ENSP00000256078	9606.ENSP00000310406	0	0	0	0	0	0.367	0.900	0.560	0.969
KRAS	RASA1	9606.ENSP00000256078	9606.ENSP00000274376	0	0	0	0	0.088	0.334	0.900	0.585	0.971
KRAS	PLCE1	9606.ENSP00000256078	9606.ENSP00000360431	0	0	0	0	0	0.487	0.900	0.485	0.971
KRAS	PIK3CB	9606.ENSP00000256078	9606.ENSP00000501150	0	0	0	0	0.070	0.216	0.900	0.679	0.973
KRAS	PIK3CD	9606.ENSP00000256078	9606.ENSP00000366563	0	0	0	0	0.056	0.352	0.900	0.637	0.974
KRAS	PDGFRA	9606.ENSP00000256078	9606.ENSP00000257290	0	0	0	0	0.055	0.092	0.900	0.782	0.978
KRAS	MET	9606.ENSP00000256078	9606.ENSP00000317272	0	0	0	0	0.074	0.337	0.900	0.703	0.979
KRAS	RASSF5	9606.ENSP00000256078	9606.ENSP00000462099	0	0	0	0	0	0.313	0.900	0.752	0.981
KRAS	MAPK3	9606.ENSP00000256078	9606.ENSP00000263025	0	0	0	0	0.056	0.098	0.900	0.816	0.982
KRAS	RASSF1	9606.ENSP00000256078	9606.ENSP00000349547	0	0	0	0	0	0.070	0.900	0.880	0.987
KRAS	SHOC2	9606.ENSP00000256078	9606.ENSP00000358464	0	0	0	0	0.096	0.587	0.900	0.759	0.989
KRAS	MAP2K1	9606.ENSP00000256078	9606.ENSP00000302486	0	0	0	0	0.049	0.615	0.900	0.883	0.995
KRAS	NF1	9606.ENSP00000256078	9606.ENSP00000351015	0	0	0	0	0.064	0.543	0.900	0.925	0.996
KRAS	RGL1	9606.ENSP00000256078	9606.ENSP00000303192	0	0	0	0	0.055	0.967	0.900	0.211	0.997
KRAS	PIK3CA	9606.ENSP00000256078	9606.ENSP00000263967	0	0	0	0	0.143	0.627	0.900	0.951	0.998
KRAS	RALGDS	9606.ENSP00000256078	9606.ENSP00000361120	0	0	0	0	0.055	0.716	0.900	0.980	0.999
KRAS	SOS1	9606.ENSP00000256078	9606.ENSP00000384675	0	0	0	0	0.113	0.950	0.900	0.966	0.999
KRAS	RAF1	9606.ENSP00000256078	9606.ENSP00000401888	0	0	0	0	0.081	0.947	0.900	0.976	0.999
KSR1	RALA	9606.ENSP00000381958	9606.ENSP00000005257	0	0	0	0	0.074	0.127	0	0.601	0.649
KSR1	MAPK1	9606.ENSP00000381958	9606.ENSP00000215832	0	0	0	0	0.062	0.110	0.500	0.391	0.712
KSR1	SOS2	9606.ENSP00000381958	9606.ENSP00000216373	0	0	0	0	0.116	0.084	0	0.406	0.477
KSR1	RAP1B	9606.ENSP00000381958	9606.ENSP00000250559	0	0	0	0	0.074	0.110	0.400	0.491	0.714
KSR1	MAP2K2	9606.ENSP00000381958	9606.ENSP00000262948	0	0	0	0	0.093	0.884	0.500	0.626	0.977
KSR1	MAPK3	9606.ENSP00000381958	9606.ENSP00000263025	0	0	0	0	0.080	0.110	0.500	0.764	0.890
KSR1	MAP2K1	9606.ENSP00000381958	9606.ENSP00000302486	0	0	0	0	0.093	0.898	0.500	0.941	0.996
KSR1	SHOC2	9606.ENSP00000381958	9606.ENSP00000358464	0	0	0	0	0.042	0.100	0	0.778	0.792
KSR1	NRAS	9606.ENSP00000381958	9606.ENSP00000358548	0	0	0	0	0.076	0.127	0.500	0.548	0.793
KSR1	RAP1A	9606.ENSP00000381958	9606.ENSP00000358723	0	0	0	0	0.081	0.110	0.400	0.517	0.731
KSR1	PTPN11	9606.ENSP00000381958	9606.ENSP00000489597	0	0	0	0	0.042	0.111	0	0.454	0.494
KSR1	SOS1	9606.ENSP00000381958	9606.ENSP00000384675	0	0	0	0	0.123	0.084	0	0.444	0.514
KSR1	KSR2	9606.ENSP00000381958	9606.ENSP00000389715	0	0	0	0.933	0.042	0	0.900	0.336	0.930
KSR1	RAF1	9606.ENSP00000381958	9606.ENSP00000401888	0	0	0	0.642	0.044	0.570	0.900	0.982	0.999
KSR2	MAPK1	9606.ENSP00000389715	9606.ENSP00000215832	0	0	0	0	0.055	0.110	0.500	0.133	0.587
KSR2	RAP1B	9606.ENSP00000389715	9606.ENSP00000250559	0	0	0	0	0.074	0.110	0.400	0.090	0.489
KSR2	MAP2K2	9606.ENSP00000389715	9606.ENSP00000262948	0	0	0	0	0.086	0.533	0.500	0.221	0.811
KSR2	MAPK3	9606.ENSP00000389715	9606.ENSP00000263025	0	0	0	0	0.055	0.110	0.500	0.389	0.709
KSR2	MAP2K1	9606.ENSP00000389715	9606.ENSP00000302486	0	0	0	0	0.086	0.979	0.500	0.737	0.997
KSR2	NRAS	9606.ENSP00000389715	9606.ENSP00000358548	0	0	0	0	0.074	0.127	0.500	0.141	0.606
KSR2	RAP1A	9606.ENSP00000389715	9606.ENSP00000358723	0	0	0	0	0.074	0.110	0.400	0.090	0.489
KSR2	RAF1	9606.ENSP00000389715	9606.ENSP00000401888	0	0	0	0.645	0	0.159	0.500	0.171	0.621
LAT	SOS2	9606.ENSP00000378845	9606.ENSP00000216373	0	0	0	0	0	0.045	0	0.626	0.627
LAT	PIK3R2	9606.ENSP00000378845	9606.ENSP00000222254	0	0	0	0	0	0.044	0.500	0	0.501
LAT	PLCG1	9606.ENSP00000378845	9606.ENSP00000244007	0	0	0	0	0.074	0.869	0.900	0.992	0.999
LAT	PIK3CA	9606.ENSP00000378845	9606.ENSP00000263967	0	0	0	0	0	0	0.500	0	0.499
LAT	ZAP70	9606.ENSP00000378845	9606.ENSP00000264972	0	0	0	0	0.480	0.720	0.500	0.989	0.999
LAT	PAK1	9606.ENSP00000378845	9606.ENSP00000278568	0	0	0	0	0	0	0.500	0.175	0.570
LAT	RASGRP1	9606.ENSP00000378845	9606.ENSP00000310244	0	0	0	0	0.107	0	0	0.448	0.485
LAT	PAK2	9606.ENSP00000378845	9606.ENSP00000314067	0	0	0	0	0	0	0.500	0	0.499
LAT	RAC1	9606.ENSP00000378845	9606.ENSP00000348461	0	0	0	0	0.078	0	0.500	0.169	0.583
LAT	NRAS	9606.ENSP00000378845	9606.ENSP00000358548	0	0	0	0	0	0	0.500	0.101	0.531
LAT	PIK3CB	9606.ENSP00000378845	9606.ENSP00000501150	0	0	0	0	0	0	0.500	0.091	0.526
LAT	SHC1	9606.ENSP00000378845	9606.ENSP00000401303	0	0	0	0	0	0	0.400	0.604	0.752
LAT	PIK3R1	9606.ENSP00000378845	9606.ENSP00000428056	0	0	0	0	0.042	0.626	0.500	0.125	0.822
LAT	SOS1	9606.ENSP00000378845	9606.ENSP00000384675	0	0	0	0	0	0.229	0.400	0.677	0.837
LAT	PLCG2	9606.ENSP00000378845	9606.ENSP00000482457	0	0	0	0	0.055	0.627	0.500	0.581	0.916
MAP2K1	RALA	9606.ENSP00000302486	9606.ENSP00000005257	0	0	0	0	0.060	0.163	0	0.403	0.489
MAP2K1	MAPK1	9606.ENSP00000302486	9606.ENSP00000215832	0	0	0	0.595	0.152	0.929	0.900	0.950	0.999
MAP2K1	SOS2	9606.ENSP00000302486	9606.ENSP00000216373	0	0	0	0	0.103	0.051	0	0.622	0.651
MAP2K1	NFKB1	9606.ENSP00000302486	9606.ENSP00000226574	0	0	0	0	0.101	0.046	0.500	0.511	0.762
MAP2K1	RRAS	9606.ENSP00000302486	9606.ENSP00000246792	0	0	0	0	0.042	0.163	0	0.443	0.514
MAP2K1	RAC2	9606.ENSP00000302486	9606.ENSP00000249071	0	0	0	0	0.096	0.127	0	0.382	0.470
MAP2K1	RAP1B	9606.ENSP00000302486	9606.ENSP00000250559	0	0	0	0	0.059	0.163	0.500	0.261	0.670
MAP2K1	RRAS2	9606.ENSP00000302486	9606.ENSP00000256196	0	0	0	0	0.062	0.163	0	0.355	0.450
MAP2K1	MAP2K2	9606.ENSP00000302486	9606.ENSP00000262948	0	0	0.051	0.979	0.049	0.836	0.900	0.783	0.996
MAP2K1	MAPK3	9606.ENSP00000302486	9606.ENSP00000263025	0	0	0	0.590	0.122	0.884	0.900	0.974	0.999
MAP2K1	PIK3CA	9606.ENSP00000302486	9606.ENSP00000263967	0	0	0	0	0.060	0.176	0	0.815	0.844
MAP2K1	RALB	9606.ENSP00000302486	9606.ENSP00000272519	0	0	0	0	0.081	0.163	0	0.284	0.401
MAP2K1	RASA1	9606.ENSP00000302486	9606.ENSP00000274376	0	0	0	0	0.065	0.070	0	0.495	0.523
MAP2K1	PAK1	9606.ENSP00000302486	9606.ENSP00000278568	0	0	0.118	0.649	0.059	0.095	0.900	0.210	0.929
MAP2K1	RASA2	9606.ENSP00000302486	9606.ENSP00000286364	0	0	0	0	0.049	0	0	0.467	0.471
MAP2K1	MRAS	9606.ENSP00000302486	9606.ENSP00000289104	0	0	0	0	0	0.163	0	0.375	0.454
MAP2K1	SYNGAP1	9606.ENSP00000302486	9606.ENSP00000496007	0	0	0	0	0	0.095	0	0.373	0.408
MAP2K1	TGFA	9606.ENSP00000302486	9606.ENSP00000404131	0	0	0	0	0.056	0	0	0.400	0.409
MAP2K1	PIK3CB	9606.ENSP00000302486	9606.ENSP00000501150	0	0	0	0	0.068	0	0	0.396	0.413
MAP2K1	RASGRP1	9606.ENSP00000302486	9606.ENSP00000310244	0	0	0	0	0.092	0.048	0	0.399	0.435
MAP2K1	PDGFA	9606.ENSP00000302486	9606.ENSP00000346508	0	0	0	0	0	0	0	0.439	0.439
MAP2K1	NGF	9606.ENSP00000302486	9606.ENSP00000358525	0	0	0	0	0	0	0	0.440	0.440
MAP2K1	SHC3	9606.ENSP00000302486	9606.ENSP00000364995	0	0	0	0	0	0	0	0.449	0.449
MAP2K1	RALGDS	9606.ENSP00000302486	9606.ENSP00000361120	0	0	0	0	0.049	0	0	0.468	0.472
MAP2K1	PIK3R1	9606.ENSP00000302486	9606.ENSP00000428056	0	0	0	0	0.044	0	0	0.499	0.501
MAP2K1	RAC1	9606.ENSP00000302486	9606.ENSP00000348461	0	0	0	0	0.075	0.236	0	0.351	0.502
MAP2K1	SHC1	9606.ENSP00000302486	9606.ENSP00000401303	0	0	0	0	0.054	0	0	0.571	0.576
MAP2K1	SHOC2	9606.ENSP00000302486	9606.ENSP00000358464	0	0	0	0	0.075	0.045	0	0.641	0.655
MAP2K1	RHOA	9606.ENSP00000302486	9606.ENSP00000400175	0	0	0	0	0.155	0.237	0	0.528	0.669
MAP2K1	NF1	9606.ENSP00000302486	9606.ENSP00000351015	0	0	0	0	0.047	0.102	0	0.662	0.686
MAP2K1	RAP1A	9606.ENSP00000302486	9606.ENSP00000358723	0	0	0	0	0.144	0.163	0.500	0.310	0.719
MAP2K1	SOS1	9606.ENSP00000302486	9606.ENSP00000384675	0	0	0	0	0.113	0.051	0	0.811	0.827
MAP2K1	PAK5	9606.ENSP00000302486	9606.ENSP00000367686	0	0	0	0.642	0	0.095	0.900	0.161	0.917
MAP2K1	PAK3	9606.ENSP00000302486	9606.ENSP00000353864	0	0	0.121	0.659	0	0.095	0.900	0.115	0.920
MAP2K1	PAK6	9606.ENSP00000302486	9606.ENSP00000453858	0	0	0.110	0.656	0	0.095	0.900	0.157	0.923
MAP2K1	PRKACB	9606.ENSP00000302486	9606.ENSP00000359719	0	0	0	0.630	0	0.091	0.900	0.243	0.925
MAP2K1	PAK2	9606.ENSP00000302486	9606.ENSP00000314067	0	0	0.124	0.667	0.082	0.095	0.900	0.129	0.925
MAP2K1	PAK4	9606.ENSP00000302486	9606.ENSP00000469413	0	0	0.129	0.644	0.044	0.095	0.900	0.192	0.928
MAP2K1	PTPN11	9606.ENSP00000302486	9606.ENSP00000489597	0	0	0	0	0.074	0.321	0.400	0.832	0.928
MAP2K1	PRKACA	9606.ENSP00000302486	9606.ENSP00000309591	0	0	0.096	0.655	0.060	0.091	0.900	0.232	0.929
MAP2K1	PRKACG	9606.ENSP00000302486	9606.ENSP00000366488	0	0	0.107	0.655	0	0.091	0.900	0.232	0.929
MAP2K1	MAPK9	9606.ENSP00000302486	9606.ENSP00000394560	0	0	0	0.587	0.087	0	0.900	0.309	0.931
MAP2K1	MAPK8	9606.ENSP00000302486	9606.ENSP00000378974	0	0	0	0.591	0.067	0	0.900	0.353	0.934
MAP2K1	NRAS	9606.ENSP00000302486	9606.ENSP00000358548	0	0	0	0	0.060	0.163	0.900	0.813	0.983
MAP2K1	RAF1	9606.ENSP00000302486	9606.ENSP00000401888	0	0	0	0.577	0.131	0.974	0.900	0.970	0.999
MAP2K2	MAPK1	9606.ENSP00000262948	9606.ENSP00000215832	0	0	0	0.600	0.111	0.983	0.900	0.855	0.999
MAP2K2	SOS2	9606.ENSP00000262948	9606.ENSP00000216373	0	0	0	0	0.096	0.051	0	0.502	0.535
MAP2K2	RRAS	9606.ENSP00000262948	9606.ENSP00000246792	0	0	0	0	0.062	0.163	0	0.398	0.486
MAP2K2	RAP1B	9606.ENSP00000262948	9606.ENSP00000250559	0	0	0	0	0.044	0.163	0.500	0.203	0.638
MAP2K2	RRAS2	9606.ENSP00000262948	9606.ENSP00000256196	0	0	0	0	0.044	0.163	0	0.333	0.420
MAP2K2	SYNGAP1	9606.ENSP00000262948	9606.ENSP00000496007	0	0	0	0	0	0.091	0	0.367	0.400
MAP2K2	SHC3	9606.ENSP00000262948	9606.ENSP00000364995	0	0	0	0	0	0	0	0.434	0.434
MAP2K2	RHOA	9606.ENSP00000262948	9606.ENSP00000400175	0	0	0	0	0.079	0.260	0	0.275	0.463
MAP2K2	PIK3CA	9606.ENSP00000262948	9606.ENSP00000263967	0	0	0	0	0	0	0	0.484	0.484
MAP2K2	RASA2	9606.ENSP00000262948	9606.ENSP00000286364	0	0	0	0	0	0	0	0.510	0.510
MAP2K2	NF1	9606.ENSP00000262948	9606.ENSP00000351015	0	0	0	0	0.042	0.102	0	0.563	0.591
MAP2K2	RAP1A	9606.ENSP00000262948	9606.ENSP00000358723	0	0	0	0	0.049	0.163	0.500	0.206	0.641
MAP2K2	SHOC2	9606.ENSP00000262948	9606.ENSP00000358464	0	0	0	0	0.049	0.045	0	0.685	0.689
MAP2K2	SOS1	9606.ENSP00000262948	9606.ENSP00000384675	0	0	0	0	0.096	0.051	0	0.777	0.792
MAP2K2	PTPN11	9606.ENSP00000262948	9606.ENSP00000489597	0	0	0	0	0.055	0.106	0.400	0.727	0.843
MAP2K2	PRKACB	9606.ENSP00000262948	9606.ENSP00000359719	0	0	0	0.621	0	0.091	0.900	0.129	0.914
MAP2K2	PRKACA	9606.ENSP00000262948	9606.ENSP00000309591	0	0	0	0.646	0.072	0.091	0.900	0.118	0.915
MAP2K2	PRKACG	9606.ENSP00000262948	9606.ENSP00000366488	0	0	0.102	0.652	0	0.091	0.900	0.115	0.918
MAP2K2	PAK1	9606.ENSP00000262948	9606.ENSP00000278568	0	0	0.120	0.651	0.042	0.095	0.900	0.128	0.921
MAP2K2	MAPK8	9606.ENSP00000262948	9606.ENSP00000378974	0	0	0	0.593	0.054	0	0.900	0.262	0.924
MAP2K2	MAPK9	9606.ENSP00000262948	9606.ENSP00000394560	0	0	0	0.591	0.049	0	0.900	0.266	0.924
MAP2K2	NRAS	9606.ENSP00000262948	9606.ENSP00000358548	0	0	0	0	0.050	0.163	0.900	0.654	0.968
MAP2K2	MAPK3	9606.ENSP00000262948	9606.ENSP00000263025	0	0	0	0.597	0.226	0.732	0.900	0.600	0.990
MAP2K2	RAF1	9606.ENSP00000262948	9606.ENSP00000401888	0	0	0	0.575	0.126	0.925	0.900	0.495	0.996
MAPK1	PDGFA	9606.ENSP00000215832	9606.ENSP00000346508	0	0	0	0	0	0	0	0.406	0.406
MAPK1	PAK3	9606.ENSP00000215832	9606.ENSP00000353864	0	0	0.102	0.635	0.046	0.128	0	0.298	0.406
MAPK1	RALB	9606.ENSP00000215832	9606.ENSP00000272519	0	0	0	0	0.189	0.213	0	0.168	0.424
MAPK1	RASA1	9606.ENSP00000215832	9606.ENSP00000274376	0	0	0	0	0.140	0.064	0	0.378	0.456
MAPK1	ZAP70	9606.ENSP00000215832	9606.ENSP00000264972	0	0	0	0.595	0.058	0.110	0	0.423	0.474
MAPK1	NF1	9606.ENSP00000215832	9606.ENSP00000351015	0	0	0	0	0.101	0.096	0	0.417	0.485
MAPK1	SOS2	9606.ENSP00000215832	9606.ENSP00000216373	0	0	0	0	0.110	0.067	0	0.473	0.524
MAPK1	PAK2	9606.ENSP00000215832	9606.ENSP00000314067	0	0	0	0.636	0.121	0.128	0	0.448	0.540
MAPK1	NGF	9606.ENSP00000215832	9606.ENSP00000358525	0	0	0	0	0	0	0	0.585	0.585
MAPK1	RHOA	9606.ENSP00000215832	9606.ENSP00000400175	0	0	0	0	0.164	0.125	0	0.488	0.593
MAPK1	PIK3CB	9606.ENSP00000215832	9606.ENSP00000501150	0	0	0	0	0.082	0	0	0.601	0.618
MAPK1	RAP1B	9606.ENSP00000215832	9606.ENSP00000250559	0	0	0	0	0.058	0.098	0.500	0.222	0.625
MAPK1	RAC1	9606.ENSP00000215832	9606.ENSP00000348461	0	0	0	0	0.140	0.125	0.400	0.303	0.643
MAPK1	PLA2G12B	9606.ENSP00000215832	9606.ENSP00000362123	0	0	0	0	0.047	0	0.650	0.051	0.655
MAPK1	PLA2G2C	9606.ENSP00000215832	9606.ENSP00000247992	0	0	0	0	0.055	0	0.650	0.046	0.656
MAPK1	PLA2G2F	9606.ENSP00000215832	9606.ENSP00000364243	0	0	0	0	0.055	0	0.650	0.051	0.658
MAPK1	PLA2G2D	9606.ENSP00000215832	9606.ENSP00000364246	0	0	0	0	0.055	0	0.650	0.052	0.659
MAPK1	PIK3R1	9606.ENSP00000215832	9606.ENSP00000428056	0	0	0	0	0.127	0	0	0.626	0.659
MAPK1	PLA2G2E	9606.ENSP00000215832	9606.ENSP00000364257	0	0	0	0	0.059	0	0.650	0.052	0.660
MAPK1	PLA2G12A	9606.ENSP00000215832	9606.ENSP00000243501	0	0	0	0	0	0	0.650	0.073	0.661
MAPK1	MAPK9	9606.ENSP00000215832	9606.ENSP00000394560	0	0	0.065	0.882	0.104	0	0.400	0.423	0.671
MAPK1	PLA2G6	9606.ENSP00000215832	9606.ENSP00000333142	0	0	0	0	0.056	0	0.650	0.092	0.673
MAPK1	PLA1A	9606.ENSP00000215832	9606.ENSP00000273371	0	0	0	0	0	0.099	0.650	0.052	0.674
MAPK1	PLA2G5	9606.ENSP00000215832	9606.ENSP00000364249	0	0	0	0	0.055	0	0.650	0.110	0.680
MAPK1	PLA2G2A	9606.ENSP00000215832	9606.ENSP00000383364	0	0	0	0	0.055	0	0.650	0.119	0.683
MAPK1	PLA2G10	9606.ENSP00000215832	9606.ENSP00000393847	0	0	0	0	0.055	0	0.650	0.126	0.685
MAPK1	RAP1A	9606.ENSP00000215832	9606.ENSP00000358723	0	0	0	0	0.222	0.098	0.500	0.240	0.698
MAPK1	PLA2G1B	9606.ENSP00000215832	9606.ENSP00000312286	0	0	0	0	0.055	0	0.650	0.170	0.701
MAPK1	PLA2G3	9606.ENSP00000215832	9606.ENSP00000215885	0	0	0	0	0	0.152	0.650	0.078	0.702
MAPK1	PLAAT3	9606.ENSP00000215832	9606.ENSP00000320337	0	0	0	0	0.109	0.071	0.650	0.102	0.705
MAPK1	RELA	9606.ENSP00000215832	9606.ENSP00000384273	0	0	0	0	0.049	0.189	0	0.662	0.717
MAPK1	MAPK8	9606.ENSP00000215832	9606.ENSP00000378974	0	0	0.066	0.882	0.079	0	0.400	0.568	0.747
MAPK1	PLCG1	9606.ENSP00000215832	9606.ENSP00000244007	0	0	0	0	0.049	0	0	0.767	0.769
MAPK1	SOS1	9606.ENSP00000215832	9606.ENSP00000384675	0	0.001	0	0	0.214	0.067	0.400	0.543	0.772
MAPK1	NFKB1	9606.ENSP00000215832	9606.ENSP00000226574	0	0	0	0	0.060	0.072	0	0.778	0.790
MAPK1	PIK3CA	9606.ENSP00000215832	9606.ENSP00000263967	0	0	0	0	0.103	0	0	0.809	0.822
MAPK1	PLA2G4D	9606.ENSP00000215832	9606.ENSP00000290472	0	0	0	0	0.049	0	0.900	0.064	0.903
MAPK1	PLA2G4F	9606.ENSP00000215832	9606.ENSP00000380442	0	0	0	0	0.049	0	0.900	0.064	0.903
MAPK1	PLA2G4E	9606.ENSP00000215832	9606.ENSP00000382434	0	0	0	0	0.049	0	0.900	0.062	0.903
MAPK1	PLA2G4B	9606.ENSP00000215832	9606.ENSP00000396045	0	0	0	0	0.049	0	0.900	0.082	0.905
MAPK1	PLA2G4C	9606.ENSP00000215832	9606.ENSP00000472546	0	0	0	0	0.055	0	0.900	0.091	0.906
MAPK1	PRKCG	9606.ENSP00000215832	9606.ENSP00000263431	0	0	0	0.595	0.055	0.064	0.900	0.116	0.911
MAPK1	PRKACG	9606.ENSP00000215832	9606.ENSP00000366488	0	0	0	0.624	0.063	0.098	0.900	0.243	0.927
MAPK1	PRKCB	9606.ENSP00000215832	9606.ENSP00000496129	0	0	0	0.591	0.126	0.102	0.900	0.196	0.928
MAPK1	PRKACA	9606.ENSP00000215832	9606.ENSP00000309591	0	0	0	0.610	0.083	0.098	0.900	0.249	0.929
MAPK1	PRKACB	9606.ENSP00000215832	9606.ENSP00000359719	0	0	0	0.606	0.082	0.098	0.900	0.251	0.929
MAPK1	PRKCA	9606.ENSP00000215832	9606.ENSP00000408695	0	0	0	0.594	0.127	0.102	0.900	0.233	0.931
MAPK1	RAC2	9606.ENSP00000215832	9606.ENSP00000249071	0	0	0	0	0.125	0.125	0.900	0.338	0.942
MAPK1	PTPN11	9606.ENSP00000215832	9606.ENSP00000489597	0	0	0	0	0.079	0.145	0.900	0.500	0.955
MAPK1	NRAS	9606.ENSP00000215832	9606.ENSP00000358548	0	0	0	0	0.109	0.098	0.900	0.551	0.959
MAPK1	SHC1	9606.ENSP00000215832	9606.ENSP00000401303	0	0	0	0	0.055	0.684	0.400	0.817	0.962
MAPK1	PLA2G4A	9606.ENSP00000215832	9606.ENSP00000356436	0	0	0	0	0.045	0.510	0.900	0.449	0.970
MAPK1	RAF1	9606.ENSP00000215832	9606.ENSP00000401888	0	0	0	0.588	0.115	0.800	0.700	0.593	0.975
MAPK1	MAPK3	9606.ENSP00000215832	9606.ENSP00000263025	0	0	0.049	0.983	0.118	0.874	0.900	0.581	0.994
MAPK3	RALA	9606.ENSP00000263025	9606.ENSP00000005257	0	0	0	0	0.069	0.098	0	0.359	0.415
MAPK3	NGFR	9606.ENSP00000263025	9606.ENSP00000172229	0	0	0	0	0	0	0	0.418	0.418
MAPK3	PLA2G3	9606.ENSP00000263025	9606.ENSP00000215885	0	0	0	0	0	0.152	0.650	0.100	0.709
MAPK3	SOS2	9606.ENSP00000263025	9606.ENSP00000216373	0	0	0	0	0.049	0.067	0	0.487	0.505
MAPK3	PIK3R2	9606.ENSP00000263025	9606.ENSP00000222254	0	0	0	0	0.173	0	0	0.315	0.409
MAPK3	NFKB1	9606.ENSP00000263025	9606.ENSP00000226574	0	0	0	0	0.059	0.072	0	0.874	0.881
MAPK3	PLA2G12A	9606.ENSP00000263025	9606.ENSP00000243501	0	0	0	0	0	0	0.650	0.088	0.667
MAPK3	PLCG1	9606.ENSP00000263025	9606.ENSP00000244007	0	0	0	0	0.060	0	0.400	0.605	0.758
MAPK3	RRAS	9606.ENSP00000263025	9606.ENSP00000246792	0	0	0	0	0.089	0.098	0	0.336	0.407
MAPK3	PLA2G2C	9606.ENSP00000263025	9606.ENSP00000247992	0	0	0	0	0.055	0	0.650	0.046	0.656
MAPK3	RAC2	9606.ENSP00000263025	9606.ENSP00000249071	0	0	0	0	0.103	0.125	0.900	0.446	0.950
MAPK3	RAP1B	9606.ENSP00000263025	9606.ENSP00000250559	0	0	0	0	0.063	0.098	0.500	0.287	0.659
MAPK3	REL	9606.ENSP00000263025	9606.ENSP00000295025	0	0	0	0	0.054	0.068	0	0.381	0.406
MAPK3	PAK2	9606.ENSP00000263025	9606.ENSP00000314067	0	0	0.100	0.641	0.058	0.278	0	0.148	0.411
MAPK3	RAB5A	9606.ENSP00000263025	9606.ENSP00000273047	0	0	0	0	0.088	0.053	0	0.383	0.421
MAPK3	VEGFB	9606.ENSP00000263025	9606.ENSP00000311127	0	0	0	0	0.129	0.056	0	0.355	0.423
MAPK3	RASGRP1	9606.ENSP00000263025	9606.ENSP00000310244	0	0	0	0	0	0.067	0	0.410	0.426
MAPK3	PLCG2	9606.ENSP00000263025	9606.ENSP00000482457	0	0	0	0	0.049	0	0	0.457	0.461
MAPK3	RASGRF2	9606.ENSP00000263025	9606.ENSP00000265080	0	0	0	0	0	0.067	0	0.447	0.462
MAPK3	VEGFC	9606.ENSP00000263025	9606.ENSP00000480043	0	0	0	0	0	0.045	0	0.460	0.463
MAPK3	PIK3R1	9606.ENSP00000263025	9606.ENSP00000428056	0	0	0	0	0.115	0	0	0.445	0.488
MAPK3	RASA1	9606.ENSP00000263025	9606.ENSP00000274376	0	0	0	0	0.049	0.064	0	0.485	0.501
MAPK3	MAPK8	9606.ENSP00000263025	9606.ENSP00000378974	0	0	0.071	0.869	0.074	0	0.400	0.154	0.505
MAPK3	MAPK9	9606.ENSP00000263025	9606.ENSP00000394560	0	0	0.069	0.870	0.101	0	0.400	0.131	0.505
MAPK3	TGFA	9606.ENSP00000263025	9606.ENSP00000404131	0	0	0	0	0.043	0	0	0.524	0.524
MAPK3	NF1	9606.ENSP00000263025	9606.ENSP00000351015	0	0	0	0	0.058	0.096	0	0.510	0.547
MAPK3	PDGFB	9606.ENSP00000263025	9606.ENSP00000330382	0	0	0	0	0.067	0	0	0.557	0.569
MAPK3	TEK	9606.ENSP00000263025	9606.ENSP00000369375	0	0	0	0.578	0	0.237	0	0.485	0.590
MAPK3	RALGDS	9606.ENSP00000263025	9606.ENSP00000361120	0	0	0	0	0.060	0.409	0	0.328	0.594
MAPK3	PIK3CA	9606.ENSP00000263025	9606.ENSP00000263967	0	0	0	0	0.049	0	0	0.594	0.597
MAPK3	PIK3CB	9606.ENSP00000263025	9606.ENSP00000501150	0	0	0	0	0.049	0	0	0.637	0.640
MAPK3	PLA2G12B	9606.ENSP00000263025	9606.ENSP00000362123	0	0	0	0	0.047	0	0.650	0.051	0.655
MAPK3	PLA2G2F	9606.ENSP00000263025	9606.ENSP00000364243	0	0	0	0	0.055	0	0.650	0.051	0.658
MAPK3	PLA2G2E	9606.ENSP00000263025	9606.ENSP00000364257	0	0	0	0	0.059	0	0.650	0.052	0.660
MAPK3	PLA1A	9606.ENSP00000263025	9606.ENSP00000273371	0	0	0	0	0	0.099	0.650	0.052	0.674
MAPK3	RAC1	9606.ENSP00000263025	9606.ENSP00000348461	0	0	0	0	0.104	0.125	0.400	0.398	0.679
MAPK3	PLA2G1B	9606.ENSP00000263025	9606.ENSP00000312286	0	0	0	0	0.055	0	0.650	0.111	0.680
MAPK3	NTRK1	9606.ENSP00000263025	9606.ENSP00000431418	0	0	0	0.576	0.046	0.110	0	0.655	0.681
MAPK3	RELA	9606.ENSP00000263025	9606.ENSP00000384273	0	0	0	0	0.060	0.068	0	0.668	0.684
MAPK3	RAP1A	9606.ENSP00000263025	9606.ENSP00000358723	0	0	0	0	0.069	0.098	0.500	0.340	0.686
MAPK3	PLA2G2D	9606.ENSP00000263025	9606.ENSP00000364246	0	0	0	0	0.055	0	0.650	0.135	0.688
MAPK3	PLA2G6	9606.ENSP00000263025	9606.ENSP00000333142	0	0	0	0	0.072	0	0.650	0.124	0.690
MAPK3	PLA2G5	9606.ENSP00000263025	9606.ENSP00000364249	0	0	0	0	0.055	0	0.650	0.164	0.699
MAPK3	PLAAT3	9606.ENSP00000263025	9606.ENSP00000320337	0	0	0	0	0.109	0.071	0.650	0.115	0.709
MAPK3	PLA2G10	9606.ENSP00000263025	9606.ENSP00000393847	0	0	0	0	0.081	0	0.650	0.247	0.737
MAPK3	PLA2G2A	9606.ENSP00000263025	9606.ENSP00000383364	0	0	0	0	0.055	0	0.650	0.272	0.738
MAPK3	NGF	9606.ENSP00000263025	9606.ENSP00000358525	0	0	0	0	0	0	0	0.743	0.743
MAPK3	SHC1	9606.ENSP00000263025	9606.ENSP00000401303	0	0	0	0	0.049	0.045	0.400	0.644	0.780
MAPK3	SOS1	9606.ENSP00000263025	9606.ENSP00000384675	0	0.001	0	0	0.060	0.311	0.400	0.577	0.814
MAPK3	RHOA	9606.ENSP00000263025	9606.ENSP00000400175	0	0	0	0	0.130	0.125	0	0.798	0.833
MAPK3	PLA2G4B	9606.ENSP00000263025	9606.ENSP00000396045	0	0	0	0	0.049	0	0.900	0.057	0.902
MAPK3	PLA2G4E	9606.ENSP00000263025	9606.ENSP00000382434	0	0	0	0	0.049	0	0.900	0.088	0.905
MAPK3	PLA2G4F	9606.ENSP00000263025	9606.ENSP00000380442	0	0	0	0	0.056	0	0.900	0.078	0.905
MAPK3	PLA2G4C	9606.ENSP00000263025	9606.ENSP00000472546	0	0	0	0	0.055	0	0.900	0.098	0.907
MAPK3	PLA2G4D	9606.ENSP00000263025	9606.ENSP00000290472	0	0	0	0	0.049	0	0.900	0.112	0.908
MAPK3	PRKCG	9606.ENSP00000263025	9606.ENSP00000263431	0	0	0	0.593	0.055	0.064	0.900	0.136	0.913
MAPK3	PRKCB	9606.ENSP00000263025	9606.ENSP00000496129	0	0	0	0.588	0.062	0.102	0.900	0.468	0.949
MAPK3	PLA2G4A	9606.ENSP00000263025	9606.ENSP00000356436	0	0	0	0	0.045	0.292	0.900	0.437	0.956
MAPK3	PRKCA	9606.ENSP00000263025	9606.ENSP00000408695	0	0	0	0.589	0.062	0.102	0.900	0.542	0.956
MAPK3	PRKACG	9606.ENSP00000263025	9606.ENSP00000366488	0	0	0	0.626	0.063	0.098	0.900	0.554	0.957
MAPK3	PRKACB	9606.ENSP00000263025	9606.ENSP00000359719	0	0	0	0.599	0.063	0.098	0.900	0.565	0.958
MAPK3	PRKACA	9606.ENSP00000263025	9606.ENSP00000309591	0	0	0	0.610	0.095	0.098	0.900	0.561	0.959
MAPK3	RAF1	9606.ENSP00000263025	9606.ENSP00000401888	0	0	0	0.587	0.118	0.545	0.700	0.721	0.962
MAPK3	NRAS	9606.ENSP00000263025	9606.ENSP00000358548	0	0	0	0	0.063	0.275	0.900	0.620	0.970
MAPK3	PTPN11	9606.ENSP00000263025	9606.ENSP00000489597	0	0	0	0	0.059	0.436	0.900	0.841	0.990
MAPK8	RALA	9606.ENSP00000378974	9606.ENSP00000005257	0	0	0	0	0.092	0.145	0.900	0.159	0.926
MAPK8	NGFR	9606.ENSP00000378974	9606.ENSP00000172229	0	0	0	0	0	0	0.500	0.219	0.592
MAPK8	PIK3R2	9606.ENSP00000378974	9606.ENSP00000222254	0	0	0	0	0.053	0	0	0.480	0.486
MAPK8	NFKB1	9606.ENSP00000378974	9606.ENSP00000226574	0	0	0	0	0.067	0.072	0.900	0.869	0.987
MAPK8	RAC2	9606.ENSP00000378974	9606.ENSP00000249071	0	0	0	0	0.060	0.145	0.900	0.493	0.953
MAPK8	RAP1B	9606.ENSP00000378974	9606.ENSP00000250559	0	0	0	0	0.067	0.145	0.900	0.122	0.920
MAPK8	PIK3CA	9606.ENSP00000378974	9606.ENSP00000263967	0	0	0	0	0.097	0	0	0.592	0.615
MAPK8	RALB	9606.ENSP00000378974	9606.ENSP00000272519	0	0	0	0	0.090	0.145	0.900	0.106	0.921
MAPK8	PAK1	9606.ENSP00000378974	9606.ENSP00000278568	0	0	0.128	0.622	0.049	0.071	0.500	0.129	0.603
MAPK8	REL	9606.ENSP00000378974	9606.ENSP00000295025	0	0	0	0	0.056	0.294	0	0.381	0.552
MAPK8	RAC3	9606.ENSP00000378974	9606.ENSP00000304283	0	0	0	0	0.060	0.145	0.900	0.065	0.914
MAPK8	RAC1	9606.ENSP00000378974	9606.ENSP00000348461	0	0	0	0	0.055	0.368	0.750	0.277	0.877
MAPK8	NGF	9606.ENSP00000378974	9606.ENSP00000358525	0	0	0	0	0	0	0.500	0.397	0.685
MAPK8	NRAS	9606.ENSP00000378974	9606.ENSP00000358548	0	0	0	0	0.129	0.145	0.900	0.298	0.940
MAPK8	RAP1A	9606.ENSP00000378974	9606.ENSP00000358723	0	0	0	0	0.079	0.145	0.900	0.190	0.927
MAPK8	RALGDS	9606.ENSP00000378974	9606.ENSP00000361120	0	0	0	0	0.042	0	0.900	0.186	0.915
MAPK8	SOS1	9606.ENSP00000378974	9606.ENSP00000384675	0	0	0	0	0.108	0	0	0.366	0.410
MAPK8	SHC1	9606.ENSP00000378974	9606.ENSP00000401303	0	0	0	0	0.060	0	0	0.429	0.441
MAPK8	PIK3CB	9606.ENSP00000378974	9606.ENSP00000501150	0	0	0	0	0.060	0	0	0.545	0.554
MAPK8	PIK3R1	9606.ENSP00000378974	9606.ENSP00000428056	0	0	0	0	0.049	0.510	0	0.376	0.683
MAPK8	RELA	9606.ENSP00000378974	9606.ENSP00000384273	0	0	0	0	0.054	0.045	0.900	0.758	0.975
MAPK8	RHOA	9606.ENSP00000378974	9606.ENSP00000400175	0	0	0	0	0.092	0.769	0.900	0.530	0.988
MAPK8	MAPK9	9606.ENSP00000378974	9606.ENSP00000394560	0	0	0.050	0.981	0.082	0.994	0.900	0.550	0.999
MAPK9	RALA	9606.ENSP00000394560	9606.ENSP00000005257	0	0	0	0	0.105	0.145	0.900	0.137	0.925
MAPK9	NFKB1	9606.ENSP00000394560	9606.ENSP00000226574	0	0	0	0	0.049	0.072	0.900	0.436	0.943
MAPK9	RAC2	9606.ENSP00000394560	9606.ENSP00000249071	0	0	0	0	0.070	0.145	0.900	0.209	0.928
MAPK9	RAP1B	9606.ENSP00000394560	9606.ENSP00000250559	0	0	0	0	0.073	0.145	0.900	0.057	0.915
MAPK9	RALB	9606.ENSP00000394560	9606.ENSP00000272519	0	0	0	0	0.092	0.145	0.900	0.057	0.917
MAPK9	RAC3	9606.ENSP00000394560	9606.ENSP00000304283	0	0	0	0	0.055	0.145	0.900	0.090	0.916
MAPK9	NRAS	9606.ENSP00000394560	9606.ENSP00000358548	0	0	0	0	0.103	0.145	0.900	0.220	0.932
MAPK9	RAP1A	9606.ENSP00000394560	9606.ENSP00000358723	0	0	0	0	0.093	0.145	0.900	0.115	0.922
MAPK9	RALGDS	9606.ENSP00000394560	9606.ENSP00000361120	0	0	0	0	0	0	0.900	0.077	0.903
MAPK9	RELA	9606.ENSP00000394560	9606.ENSP00000384273	0	0	0	0	0.042	0.045	0.900	0.564	0.954
MAPK9	PIK3R1	9606.ENSP00000394560	9606.ENSP00000428056	0	0	0	0	0.049	0.292	0	0.289	0.479
MAPK9	RHOA	9606.ENSP00000394560	9606.ENSP00000400175	0	0	0	0	0.079	0.145	0.900	0.324	0.939
MET	RALA	9606.ENSP00000317272	9606.ENSP00000005257	0	0	0	0	0.080	0.274	0	0.186	0.409
MET	PIK3R2	9606.ENSP00000317272	9606.ENSP00000222254	0	0	0	0	0	0.197	0.650	0.240	0.768
MET	NFKB1	9606.ENSP00000317272	9606.ENSP00000226574	0	0	0	0	0.053	0.095	0	0.410	0.450
MET	PLCG1	9606.ENSP00000317272	9606.ENSP00000244007	0	0	0	0	0.063	0.152	0.900	0.610	0.964
MET	RRAS	9606.ENSP00000317272	9606.ENSP00000246792	0	0	0	0	0.095	0.274	0.500	0.221	0.710
MET	RAP1B	9606.ENSP00000317272	9606.ENSP00000250559	0	0	0	0	0.074	0.274	0.500	0.108	0.660
MET	PDGFRB	9606.ENSP00000317272	9606.ENSP00000261799	0	0	0	0.577	0	0.179	0	0.307	0.406
MET	PIK3R3	9606.ENSP00000317272	9606.ENSP00000262741	0	0	0	0	0	0.197	0.650	0.490	0.844
MET	PIK3CA	9606.ENSP00000317272	9606.ENSP00000263967	0	0	0	0	0.042	0.069	0.900	0.617	0.961
MET	SHC2	9606.ENSP00000317272	9606.ENSP00000264554	0	0	0	0	0.094	0.180	0.900	0.115	0.925
MET	ZAP70	9606.ENSP00000317272	9606.ENSP00000264972	0	0	0	0.648	0	0.195	0	0.310	0.421
MET	VEGFD	9606.ENSP00000317272	9606.ENSP00000297904	0	0	0	0	0	0.070	0.650	0.357	0.772
MET	VEGFB	9606.ENSP00000317272	9606.ENSP00000311127	0	0	0	0	0.067	0	0.650	0.311	0.755
MET	NF1	9606.ENSP00000317272	9606.ENSP00000351015	0	0	0	0	0.049	0.129	0	0.425	0.482
MET	NTRK1	9606.ENSP00000317272	9606.ENSP00000431418	0	0	0	0.631	0	0.113	0	0.617	0.646
MET	RAP1A	9606.ENSP00000317272	9606.ENSP00000358723	0	0	0	0	0.074	0.274	0.500	0.126	0.666
MET	NTF3	9606.ENSP00000317272	9606.ENSP00000397297	0	0	0	0	0	0	0.650	0.164	0.694
MET	NTF4	9606.ENSP00000317272	9606.ENSP00000469455	0	0	0	0	0.066	0	0.650	0.144	0.695
MET	RAC1	9606.ENSP00000317272	9606.ENSP00000348461	0	0	0	0	0.080	0.365	0.400	0.253	0.703
MET	PDGFD	9606.ENSP00000317272	9606.ENSP00000376865	0	0	0	0	0	0	0.650	0.220	0.715
MET	PDGFC	9606.ENSP00000317272	9606.ENSP00000422464	0	0	0	0	0.082	0	0.650	0.301	0.755
MET	NGF	9606.ENSP00000317272	9606.ENSP00000358525	0	0	0	0	0.063	0	0.650	0.313	0.755
MET	PGF	9606.ENSP00000317272	9606.ENSP00000451040	0	0	0	0	0	0	0.650	0.395	0.779
MET	RHOA	9606.ENSP00000317272	9606.ENSP00000400175	0	0	0	0	0.074	0.274	0.500	0.457	0.793
MET	VEGFC	9606.ENSP00000317272	9606.ENSP00000480043	0	0	0	0	0.102	0.070	0.650	0.453	0.818
MET	PDGFA	9606.ENSP00000317272	9606.ENSP00000346508	0	0	0	0	0.042	0.050	0.650	0.546	0.836
MET	PDGFB	9606.ENSP00000317272	9606.ENSP00000330382	0	0	0	0	0.089	0	0.650	0.565	0.849
MET	TGFA	9606.ENSP00000317272	9606.ENSP00000404131	0	0	0	0	0.080	0	0.650	0.573	0.850
MET	PIK3R1	9606.ENSP00000317272	9606.ENSP00000428056	0	0	0	0	0	0.197	0.650	0.582	0.872
MET	SOS1	9606.ENSP00000317272	9606.ENSP00000384675	0	0	0	0	0	0.334	0.400	0.728	0.882
MET	PLCG2	9606.ENSP00000317272	9606.ENSP00000482457	0	0	0	0	0.063	0.152	0.900	0.068	0.916
MET	SHC4	9606.ENSP00000317272	9606.ENSP00000329668	0	0	0	0	0.097	0.180	0.900	0.050	0.920
MET	PIK3CD	9606.ENSP00000317272	9606.ENSP00000366563	0	0	0	0	0	0.069	0.900	0.232	0.922
MET	SHC3	9606.ENSP00000317272	9606.ENSP00000364995	0	0	0	0	0.094	0.180	0.900	0.075	0.922
MET	PIK3CB	9606.ENSP00000317272	9606.ENSP00000501150	0	0	0	0	0.042	0.069	0.900	0.265	0.925
MET	PTPN11	9606.ENSP00000317272	9606.ENSP00000489597	0	0	0	0	0.049	0.407	0.400	0.810	0.927
MET	NRAS	9606.ENSP00000317272	9606.ENSP00000358548	0	0	0	0	0.080	0.274	0.900	0.556	0.966
MET	SHC1	9606.ENSP00000317272	9606.ENSP00000401303	0	0	0	0	0.111	0.386	0.900	0.883	0.992
MRAS	SOS2	9606.ENSP00000289104	9606.ENSP00000216373	0	0	0	0	0.053	0.157	0.900	0.431	0.948
MRAS	PIK3R2	9606.ENSP00000289104	9606.ENSP00000222254	0	0	0	0	0	0.054	0.900	0.064	0.903
MRAS	RRAS2	9606.ENSP00000289104	9606.ENSP00000256196	0	0	0.059	0.946	0	0	0	0.405	0.416
MRAS	PIK3R3	9606.ENSP00000289104	9606.ENSP00000262741	0	0	0	0	0	0.054	0.900	0.129	0.910
MRAS	RASA4	9606.ENSP00000289104	9606.ENSP00000262940	0	0	0	0	0	0.084	0.650	0.172	0.711
MRAS	PRKCG	9606.ENSP00000289104	9606.ENSP00000263431	0	0	0	0	0.076	0	0.900	0.092	0.908
MRAS	PIK3CA	9606.ENSP00000289104	9606.ENSP00000263967	0	0	0	0	0.061	0.954	0.900	0.232	0.996
MRAS	RASGRF2	9606.ENSP00000289104	9606.ENSP00000265080	0	0	0	0	0.055	0.157	0.900	0.173	0.925
MRAS	RASA1	9606.ENSP00000289104	9606.ENSP00000274376	0	0	0	0	0	0.099	0.900	0.614	0.962
MRAS	RASA2	9606.ENSP00000289104	9606.ENSP00000286364	0	0	0	0	0	0.084	0.900	0.422	0.942
MRAS	TIAM1	9606.ENSP00000289104	9606.ENSP00000286827	0	0	0	0	0.044	0.128	0.900	0.220	0.926
MRAS	PTPN11	9606.ENSP00000289104	9606.ENSP00000489597	0	0	0	0	0.060	0.118	0	0.339	0.404
MRAS	RASA4B	9606.ENSP00000289104	9606.ENSP00000440982	0	0	0	0	0	0.096	0.650	0.043	0.670
MRAS	RASAL3	9606.ENSP00000289104	9606.ENSP00000341905	0	0	0	0	0	0.099	0.650	0.102	0.692
MRAS	RASAL1	9606.ENSP00000289104	9606.ENSP00000450244	0	0	0	0	0	0.084	0.650	0.170	0.710
MRAS	RASGRP4	9606.ENSP00000289104	9606.ENSP00000479844	0	0	0	0	0	0.182	0.650	0.071	0.710
MRAS	RASA3	9606.ENSP00000289104	9606.ENSP00000335029	0	0	0	0	0.042	0.084	0.650	0.190	0.718
MRAS	RASAL2	9606.ENSP00000289104	9606.ENSP00000356621	0	0	0	0	0.083	0.099	0.650	0.195	0.736
MRAS	RASGRP3	9606.ENSP00000289104	9606.ENSP00000385886	0	0	0	0	0.056	0.182	0.650	0.234	0.765
MRAS	SYNGAP1	9606.ENSP00000289104	9606.ENSP00000496007	0	0	0	0	0	0.099	0.650	0.330	0.770
MRAS	RASGRP1	9606.ENSP00000289104	9606.ENSP00000310244	0	0	0	0	0	0.182	0.650	0.267	0.771
MRAS	RASGRP2	9606.ENSP00000289104	9606.ENSP00000338864	0	0	0	0	0	0.182	0.650	0.278	0.775
MRAS	PRKCB	9606.ENSP00000289104	9606.ENSP00000496129	0	0	0	0	0.055	0	0.900	0.104	0.907
MRAS	RASSF1	9606.ENSP00000289104	9606.ENSP00000349547	0	0	0	0	0	0.070	0.900	0.105	0.909
MRAS	PRKCA	9606.ENSP00000289104	9606.ENSP00000408695	0	0	0	0	0.055	0	0.900	0.123	0.909
MRAS	RALBP1	9606.ENSP00000289104	9606.ENSP00000372924	0	0	0	0	0	0.130	0.900	0.115	0.916
MRAS	PLCE1	9606.ENSP00000289104	9606.ENSP00000360431	0	0	0	0	0.067	0.176	0.900	0.066	0.918
MRAS	PIK3R1	9606.ENSP00000289104	9606.ENSP00000428056	0	0	0	0	0.042	0.054	0.900	0.214	0.919
MRAS	RIN1	9606.ENSP00000289104	9606.ENSP00000310406	0	0	0	0	0	0.095	0.900	0.190	0.920
MRAS	RASGRF1	9606.ENSP00000289104	9606.ENSP00000405963	0	0	0	0	0.074	0.157	0.900	0.207	0.929
MRAS	RGL1	9606.ENSP00000289104	9606.ENSP00000303192	0	0	0	0	0.089	0.235	0.900	0.180	0.935
MRAS	RGL2	9606.ENSP00000289104	9606.ENSP00000420211	0	0	0	0	0.051	0.235	0.900	0.292	0.941
MRAS	PIK3CD	9606.ENSP00000289104	9606.ENSP00000366563	0	0	0	0	0.061	0.504	0.900	0.145	0.954
MRAS	NF1	9606.ENSP00000289104	9606.ENSP00000351015	0	0	0	0	0.051	0.320	0.900	0.385	0.955
MRAS	PIK3CB	9606.ENSP00000289104	9606.ENSP00000501150	0	0	0	0	0.061	0.504	0.900	0.271	0.961
MRAS	RASSF5	9606.ENSP00000289104	9606.ENSP00000462099	0	0	0	0	0	0.313	0.900	0.547	0.966
MRAS	SOS1	9606.ENSP00000289104	9606.ENSP00000384675	0	0	0	0	0.053	0.157	0.900	0.673	0.970
MRAS	RAPGEF5	9606.ENSP00000289104	9606.ENSP00000343656	0	0	0	0	0.044	0.332	0.900	0.780	0.984
MRAS	RALGDS	9606.ENSP00000289104	9606.ENSP00000361120	0	0	0	0	0.051	0.580	0.900	0.705	0.986
MRAS	RAF1	9606.ENSP00000289104	9606.ENSP00000401888	0	0	0	0	0.074	0.722	0.900	0.713	0.991
MRAS	SHOC2	9606.ENSP00000289104	9606.ENSP00000358464	0	0	0	0	0	0.884	0.900	0.984	0.999
NF1	RALA	9606.ENSP00000351015	9606.ENSP00000005257	0	0	0	0	0.051	0.324	0	0.334	0.536
NF1	SOS2	9606.ENSP00000351015	9606.ENSP00000216373	0	0	0	0	0.175	0.191	0	0.494	0.633
NF1	RRAS	9606.ENSP00000351015	9606.ENSP00000246792	0	0	0	0	0.051	0.320	0.900	0.456	0.960
NF1	RAP1B	9606.ENSP00000351015	9606.ENSP00000250559	0	0	0	0	0.051	0.320	0	0.237	0.465
NF1	RRAS2	9606.ENSP00000351015	9606.ENSP00000256196	0	0	0	0	0.051	0.320	0.900	0.435	0.958
NF1	PDGFRA	9606.ENSP00000351015	9606.ENSP00000257290	0	0	0	0	0.044	0	0	0.803	0.804
NF1	PDGFRB	9606.ENSP00000351015	9606.ENSP00000261799	0	0	0	0	0.044	0	0	0.545	0.546
NF1	RASA4	9606.ENSP00000351015	9606.ENSP00000262940	0	0	0	0.554	0.061	0	0.400	0.182	0.499
NF1	PIK3CA	9606.ENSP00000351015	9606.ENSP00000263967	0	0	0	0	0.060	0	0	0.789	0.793
NF1	RASGRF2	9606.ENSP00000351015	9606.ENSP00000265080	0	0	0	0	0.102	0.191	0	0.305	0.451
NF1	RALB	9606.ENSP00000351015	9606.ENSP00000272519	0	0	0	0	0.051	0.324	0	0.242	0.471
NF1	RASA1	9606.ENSP00000351015	9606.ENSP00000274376	0	0	0	0.557	0.108	0.126	0.400	0.640	0.809
NF1	NTRK2	9606.ENSP00000351015	9606.ENSP00000277120	0	0	0	0	0.055	0.092	0	0.374	0.416
NF1	RASA2	9606.ENSP00000351015	9606.ENSP00000286364	0	0	0	0.558	0.119	0	0.400	0.334	0.617
NF1	PRKACA	9606.ENSP00000351015	9606.ENSP00000309591	0	0	0	0	0	0.152	0	0.634	0.676
NF1	RASGRP1	9606.ENSP00000351015	9606.ENSP00000310244	0	0	0	0	0.057	0.133	0	0.530	0.582
NF1	RASA3	9606.ENSP00000351015	9606.ENSP00000335029	0	0	0	0.563	0.079	0	0.400	0.226	0.535
NF1	RASGRP2	9606.ENSP00000351015	9606.ENSP00000338864	0	0	0	0	0.057	0.133	0	0.417	0.481
NF1	RASAL3	9606.ENSP00000351015	9606.ENSP00000341905	0	0	0	0.555	0	0.101	0.400	0.184	0.521
NF1	RAC1	9606.ENSP00000351015	9606.ENSP00000348461	0	0	0	0	0.086	0.286	0	0.193	0.428
NF1	RALGDS	9606.ENSP00000351015	9606.ENSP00000361120	0	0	0	0	0	0	0	0.425	0.425
NF1	RAP1A	9606.ENSP00000351015	9606.ENSP00000358723	0	0	0	0	0.058	0.320	0	0.249	0.477
NF1	RASGRF1	9606.ENSP00000351015	9606.ENSP00000405963	0	0	0	0	0.102	0.191	0	0.361	0.495
NF1	RHOA	9606.ENSP00000351015	9606.ENSP00000400175	0	0	0	0	0.086	0.286	0	0.325	0.522
NF1	SHOC2	9606.ENSP00000351015	9606.ENSP00000358464	0	0	0	0	0.070	0	0	0.508	0.523
NF1	RASAL1	9606.ENSP00000351015	9606.ENSP00000450244	0	0	0	0.557	0.061	0	0.400	0.221	0.523
NF1	RASGRP4	9606.ENSP00000351015	9606.ENSP00000479844	0	0	0	0	0.057	0.133	0	0.494	0.550
NF1	NTRK1	9606.ENSP00000351015	9606.ENSP00000431418	0	0	0	0	0.055	0.092	0	0.521	0.553
NF1	RASAL2	9606.ENSP00000351015	9606.ENSP00000356621	0	0	0	0.553	0.049	0.156	0.400	0.241	0.585
NF1	SYNGAP1	9606.ENSP00000351015	9606.ENSP00000496007	0	0	0	0.550	0.042	0.101	0.400	0.316	0.599
NF1	PIK3R1	9606.ENSP00000351015	9606.ENSP00000428056	0	0	0	0	0.057	0	0	0.602	0.608
NF1	PRKACG	9606.ENSP00000351015	9606.ENSP00000366488	0	0	0	0	0	0.152	0	0.635	0.677
NF1	PRKACB	9606.ENSP00000351015	9606.ENSP00000359719	0	0	0	0	0.042	0.152	0	0.636	0.678
NF1	RAF1	9606.ENSP00000351015	9606.ENSP00000401888	0	0	0	0	0.049	0.343	0	0.723	0.812
NF1	SOS1	9606.ENSP00000351015	9606.ENSP00000384675	0	0	0	0	0.185	0.191	0	0.769	0.834
NF1	PTPN11	9606.ENSP00000351015	9606.ENSP00000489597	0	0	0	0	0.133	0	0	0.836	0.852
NF1	NRAS	9606.ENSP00000351015	9606.ENSP00000358548	0	0	0	0	0.058	0.568	0.900	0.885	0.994
NFKB1	NGFR	9606.ENSP00000226574	9606.ENSP00000172229	0	0	0	0	0	0	0.500	0.323	0.647
NFKB1	PLCG1	9606.ENSP00000226574	9606.ENSP00000244007	0	0	0	0	0.087	0	0	0.381	0.412
NFKB1	NTRK1	9606.ENSP00000226574	9606.ENSP00000431418	0	0	0	0	0	0.095	0	0.391	0.425
NFKB1	PTPN11	9606.ENSP00000226574	9606.ENSP00000489597	0	0	0	0	0.079	0.053	0	0.394	0.425
NFKB1	ZAP70	9606.ENSP00000226574	9606.ENSP00000264972	0	0	0	0	0.057	0.095	0	0.403	0.446
NFKB1	RASA1	9606.ENSP00000226574	9606.ENSP00000274376	0	0	0	0	0.049	0.049	0	0.443	0.452
NFKB1	PRKCB	9606.ENSP00000226574	9606.ENSP00000496129	0	0	0	0	0.106	0.091	0	0.392	0.463
NFKB1	PLCG2	9606.ENSP00000226574	9606.ENSP00000482457	0	0	0	0	0.113	0	0	0.427	0.470
NFKB1	PIK3CB	9606.ENSP00000226574	9606.ENSP00000501150	0	0	0	0	0.049	0	0	0.516	0.520
NFKB1	PIK3R1	9606.ENSP00000226574	9606.ENSP00000428056	0	0	0	0	0.058	0.052	0	0.615	0.626
NFKB1	PIK3CA	9606.ENSP00000226574	9606.ENSP00000263967	0	0	0	0	0.060	0.190	0	0.634	0.697
NFKB1	NGF	9606.ENSP00000226574	9606.ENSP00000358525	0	0	0	0	0	0	0.500	0.447	0.711
NFKB1	NRAS	9606.ENSP00000226574	9606.ENSP00000358548	0	0	0	0	0.053	0.102	0.500	0.405	0.713
NFKB1	PRKCA	9606.ENSP00000226574	9606.ENSP00000408695	0	0	0	0	0.091	0.091	0	0.684	0.716
NFKB1	RHOA	9606.ENSP00000226574	9606.ENSP00000400175	0	0	0	0	0.105	0.102	0	0.697	0.735
NFKB1	RAC3	9606.ENSP00000226574	9606.ENSP00000304283	0	0	0	0	0.061	0.102	0.900	0.070	0.911
NFKB1	RAC2	9606.ENSP00000226574	9606.ENSP00000249071	0	0	0	0	0.145	0.102	0.900	0.295	0.938
NFKB1	RAF1	9606.ENSP00000226574	9606.ENSP00000401888	0	0	0	0	0.072	0.095	0.900	0.370	0.940
NFKB1	PRKACB	9606.ENSP00000226574	9606.ENSP00000359719	0	0	0	0	0.069	0.045	0.900	0.451	0.944
NFKB1	PRKACG	9606.ENSP00000226574	9606.ENSP00000366488	0	0	0	0	0.063	0.045	0.900	0.451	0.944
NFKB1	PRKACA	9606.ENSP00000226574	9606.ENSP00000309591	0	0	0	0	0.070	0.045	0.900	0.451	0.944
NFKB1	TBK1	9606.ENSP00000226574	9606.ENSP00000329967	0	0	0	0	0.111	0.331	0.900	0.853	0.990
NFKB1	REL	9606.ENSP00000226574	9606.ENSP00000295025	0	0	0	0.752	0.146	0.902	0.900	0.986	0.999
NFKB1	RELA	9606.ENSP00000226574	9606.ENSP00000384273	0	0	0	0.769	0.182	0.999	0.900	0.986	0.999
NGF	NGFR	9606.ENSP00000358525	9606.ENSP00000172229	0	0	0	0	0	0.863	0.900	0.999	0.999
NGF	PIK3R2	9606.ENSP00000358525	9606.ENSP00000222254	0	0	0	0	0	0	0.500	0.156	0.559
NGF	PLCG1	9606.ENSP00000358525	9606.ENSP00000244007	0	0	0	0	0	0	0.500	0.447	0.711
NGF	PDGFRA	9606.ENSP00000358525	9606.ENSP00000257290	0	0	0	0	0.074	0	0.650	0.306	0.755
NGF	PDGFRB	9606.ENSP00000358525	9606.ENSP00000261799	0	0	0	0	0.098	0	0.650	0.339	0.773
NGF	PIK3CA	9606.ENSP00000358525	9606.ENSP00000263967	0	0	0	0	0	0	0.500	0.217	0.591
NGF	SHC2	9606.ENSP00000358525	9606.ENSP00000264554	0	0	0	0	0	0	0.500	0.129	0.545
NGF	RASA1	9606.ENSP00000358525	9606.ENSP00000274376	0	0	0	0	0	0	0	0.497	0.497
NGF	NTRK2	9606.ENSP00000358525	9606.ENSP00000277120	0	0	0	0	0	0.046	0.650	0.999	0.999
NGF	PRKACA	9606.ENSP00000358525	9606.ENSP00000309591	0	0	0	0	0	0	0	0.584	0.584
NGF	PDGFB	9606.ENSP00000358525	9606.ENSP00000330382	0	0	0	0	0	0	0	0.562	0.562
NGF	NRAS	9606.ENSP00000358525	9606.ENSP00000358548	0	0	0	0	0	0	0	0.476	0.476
NGF	RAP1A	9606.ENSP00000358525	9606.ENSP00000358723	0	0	0	0	0	0	0.500	0.112	0.537
NGF	PGF	9606.ENSP00000358525	9606.ENSP00000451040	0	0	0	0	0	0	0	0.546	0.546
NGF	PRKACB	9606.ENSP00000358525	9606.ENSP00000359719	0	0	0	0	0	0	0	0.584	0.584
NGF	PRKACG	9606.ENSP00000358525	9606.ENSP00000366488	0	0	0	0	0.056	0	0	0.584	0.590
NGF	PIK3R1	9606.ENSP00000358525	9606.ENSP00000428056	0	0	0	0	0	0	0.500	0.219	0.592
NGF	PIK3CB	9606.ENSP00000358525	9606.ENSP00000501150	0	0	0	0	0	0	0.500	0.224	0.595
NGF	RELA	9606.ENSP00000358525	9606.ENSP00000384273	0	0	0	0	0.042	0	0.500	0.246	0.607
NGF	SOS1	9606.ENSP00000358525	9606.ENSP00000384675	0	0	0	0	0.054	0	0.500	0.236	0.607
NGF	TGFA	9606.ENSP00000358525	9606.ENSP00000404131	0	0	0	0	0	0	0	0.675	0.675
NGF	SHC3	9606.ENSP00000358525	9606.ENSP00000364995	0	0	0	0	0.062	0	0.500	0.419	0.703
NGF	TEK	9606.ENSP00000358525	9606.ENSP00000369375	0	0	0	0	0.062	0	0.650	0.285	0.744
NGF	SHC1	9606.ENSP00000358525	9606.ENSP00000401303	0	0	0	0	0	0	0.500	0.511	0.745
NGF	RHOA	9606.ENSP00000358525	9606.ENSP00000400175	0	0	0	0	0	0	0.500	0.519	0.749
NGF	NTF3	9606.ENSP00000358525	9606.ENSP00000397297	0	0	0	0.897	0.120	0	0	0.806	0.821
NGF	NTF4	9606.ENSP00000358525	9606.ENSP00000469455	0	0	0	0.860	0	0	0	0.922	0.922
NGF	NTRK1	9606.ENSP00000358525	9606.ENSP00000431418	0	0	0	0	0	0.983	0.900	0.999	0.999
NGFR	PRKACB	9606.ENSP00000172229	9606.ENSP00000359719	0	0	0	0	0	0.292	0	0.251	0.447
NGFR	PDGFRA	9606.ENSP00000172229	9606.ENSP00000257290	0	0	0	0	0.042	0	0	0.477	0.477
NGFR	PDGFRB	9606.ENSP00000172229	9606.ENSP00000261799	0	0	0	0	0.067	0	0	0.507	0.520
NGFR	RELA	9606.ENSP00000172229	9606.ENSP00000384273	0	0	0	0	0	0	0.500	0.197	0.581
NGFR	SHC4	9606.ENSP00000172229	9606.ENSP00000329668	0	0	0	0	0.058	0	0.650	0.077	0.669
NGFR	PDGFD	9606.ENSP00000172229	9606.ENSP00000376865	0	0	0	0	0.042	0	0.650	0.116	0.677
NGFR	PDGFC	9606.ENSP00000172229	9606.ENSP00000422464	0	0	0	0	0	0	0.650	0.133	0.683
NGFR	SHC2	9606.ENSP00000172229	9606.ENSP00000264554	0	0	0	0	0.084	0	0.650	0.110	0.689
NGFR	SHC3	9606.ENSP00000172229	9606.ENSP00000364995	0	0	0	0	0	0	0.650	0.166	0.695
NGFR	TGFA	9606.ENSP00000172229	9606.ENSP00000404131	0	0	0	0	0	0	0.650	0.199	0.707
NGFR	PDGFA	9606.ENSP00000172229	9606.ENSP00000346508	0	0	0	0	0.063	0	0.650	0.198	0.714
NGFR	PGF	9606.ENSP00000172229	9606.ENSP00000451040	0	0	0	0	0.072	0	0.650	0.213	0.722
NGFR	VEGFD	9606.ENSP00000172229	9606.ENSP00000297904	0	0	0	0	0.042	0	0.650	0.255	0.728
NGFR	VEGFB	9606.ENSP00000172229	9606.ENSP00000311127	0	0	0	0	0.049	0	0.650	0.258	0.731
NGFR	VEGFC	9606.ENSP00000172229	9606.ENSP00000480043	0	0	0	0	0	0	0.650	0.299	0.744
NGFR	PDGFB	9606.ENSP00000172229	9606.ENSP00000330382	0	0	0	0	0.066	0	0.650	0.490	0.818
NGFR	SHC1	9606.ENSP00000172229	9606.ENSP00000401303	0	0	0	0	0	0.292	0.650	0.400	0.838
NGFR	PIK3CD	9606.ENSP00000172229	9606.ENSP00000366563	0	0	0	0	0.043	0	0.900	0	0.900
NGFR	PIK3R3	9606.ENSP00000172229	9606.ENSP00000262741	0	0	0	0	0	0	0.900	0.063	0.902
NGFR	PIK3CB	9606.ENSP00000172229	9606.ENSP00000501150	0	0	0	0	0	0	0.900	0.088	0.904
NGFR	PIK3R2	9606.ENSP00000172229	9606.ENSP00000222254	0	0	0	0	0	0	0.900	0.101	0.906
NGFR	PIK3R1	9606.ENSP00000172229	9606.ENSP00000428056	0	0	0	0	0.042	0	0.900	0.137	0.910
NGFR	PIK3CA	9606.ENSP00000172229	9606.ENSP00000263967	0	0	0	0	0	0	0.900	0.157	0.912
NGFR	RHOA	9606.ENSP00000172229	9606.ENSP00000400175	0	0	0	0	0	0	0.900	0.733	0.972
NGFR	NTRK2	9606.ENSP00000172229	9606.ENSP00000277120	0	0	0	0	0.097	0.367	0	0.985	0.990
NGFR	NTF3	9606.ENSP00000172229	9606.ENSP00000397297	0	0	0	0	0.059	0.625	0.900	0.998	0.999
NGFR	NTRK1	9606.ENSP00000172229	9606.ENSP00000431418	0	0	0	0	0.074	0.715	0	0.999	0.999
NGFR	NTF4	9606.ENSP00000172229	9606.ENSP00000469455	0	0	0	0	0.082	0	0.900	0.998	0.999
NRAS	RALA	9606.ENSP00000358548	9606.ENSP00000005257	0	0	0.062	0.934	0.155	0.224	0.500	0.073	0.663
NRAS	SOS2	9606.ENSP00000358548	9606.ENSP00000216373	0	0	0	0	0.072	0.157	0.900	0.619	0.966
NRAS	PIK3R2	9606.ENSP00000358548	9606.ENSP00000222254	0	0	0	0	0.042	0.065	0.900	0.345	0.933
NRAS	RAP1B	9606.ENSP00000358548	9606.ENSP00000250559	0	0	0.065	0.942	0.101	0.068	0.500	0.078	0.573
NRAS	PDGFRA	9606.ENSP00000358548	9606.ENSP00000257290	0	0	0	0	0.055	0.092	0.900	0.667	0.967
NRAS	PDGFRB	9606.ENSP00000358548	9606.ENSP00000261799	0	0	0	0	0	0.091	0.900	0.593	0.959
NRAS	PIK3R3	9606.ENSP00000358548	9606.ENSP00000262741	0	0	0	0	0.049	0.065	0.900	0.242	0.923
NRAS	RASA4	9606.ENSP00000358548	9606.ENSP00000262940	0	0	0	0	0	0.084	0.650	0.348	0.773
NRAS	PRKCG	9606.ENSP00000358548	9606.ENSP00000263431	0	0	0	0	0.059	0	0.900	0.068	0.904
NRAS	PIK3CA	9606.ENSP00000358548	9606.ENSP00000263967	0	0	0	0	0.125	0.483	0.900	0.921	0.995
NRAS	SHC2	9606.ENSP00000358548	9606.ENSP00000264554	0	0	0	0	0.051	0	0.500	0.142	0.557
NRAS	RASGRF2	9606.ENSP00000358548	9606.ENSP00000265080	0	0	0	0	0	0.157	0.900	0.231	0.929
NRAS	RALB	9606.ENSP00000358548	9606.ENSP00000272519	0	0	0.067	0.929	0.053	0	0.500	0.066	0.532
NRAS	RASA1	9606.ENSP00000358548	9606.ENSP00000274376	0	0	0	0	0.095	0.370	0.900	0.763	0.984
NRAS	NTRK2	9606.ENSP00000358548	9606.ENSP00000277120	0	0	0	0	0.074	0.110	0.500	0.287	0.667
NRAS	PAK1	9606.ENSP00000358548	9606.ENSP00000278568	0	0	0	0	0.071	0.165	0.400	0.174	0.564
NRAS	RASA2	9606.ENSP00000358548	9606.ENSP00000286364	0	0	0	0	0.049	0.095	0.900	0.571	0.958
NRAS	TIAM1	9606.ENSP00000358548	9606.ENSP00000286827	0	0	0	0	0	0.220	0.900	0.327	0.943
NRAS	RGL1	9606.ENSP00000358548	9606.ENSP00000303192	0	0	0	0	0.055	0.495	0.900	0.200	0.956
NRAS	RASGRP1	9606.ENSP00000358548	9606.ENSP00000310244	0	0	0	0	0	0.182	0.900	0.431	0.949
NRAS	RIN1	9606.ENSP00000358548	9606.ENSP00000310406	0	0	0	0	0	0.403	0.900	0.483	0.966
NRAS	PAK2	9606.ENSP00000358548	9606.ENSP00000314067	0	0	0	0	0.116	0.165	0.400	0.129	0.562
NRAS	SHC4	9606.ENSP00000358548	9606.ENSP00000329668	0	0	0	0	0.053	0	0	0.427	0.435
NRAS	PDGFB	9606.ENSP00000358548	9606.ENSP00000330382	0	0	0	0	0	0	0.500	0.312	0.641
NRAS	RASA3	9606.ENSP00000358548	9606.ENSP00000335029	0	0	0	0	0.042	0.095	0.650	0.300	0.759
NRAS	RASGRP2	9606.ENSP00000358548	9606.ENSP00000338864	0	0	0	0	0	0.182	0.900	0.486	0.954
NRAS	RASAL3	9606.ENSP00000358548	9606.ENSP00000341905	0	0	0	0	0	0.099	0.650	0.246	0.741
NRAS	RAPGEF5	9606.ENSP00000358548	9606.ENSP00000343656	0	0	0	0	0	0.096	0.900	0.123	0.913
NRAS	PDGFA	9606.ENSP00000358548	9606.ENSP00000346508	0	0	0	0	0	0	0.500	0.196	0.581
NRAS	RASSF1	9606.ENSP00000358548	9606.ENSP00000349547	0	0	0	0	0	0.070	0.900	0.609	0.960
NRAS	PAK3	9606.ENSP00000358548	9606.ENSP00000353864	0	0	0	0	0.064	0.165	0.400	0.100	0.521
NRAS	RASAL2	9606.ENSP00000358548	9606.ENSP00000356621	0	0	0	0	0	0.216	0.650	0.311	0.794
NRAS	SHOC2	9606.ENSP00000358548	9606.ENSP00000358464	0	0	0	0	0.090	0.342	0.900	0.812	0.987
NRAS	PAK4	9606.ENSP00000358548	9606.ENSP00000469413	0	0	0	0	0.044	0.315	0	0.226	0.449
NRAS	NTF3	9606.ENSP00000358548	9606.ENSP00000397297	0	0	0	0	0	0	0.500	0.062	0.511
NRAS	NTF4	9606.ENSP00000358548	9606.ENSP00000469455	0	0	0	0	0	0	0.500	0.085	0.523
NRAS	SHC3	9606.ENSP00000358548	9606.ENSP00000364995	0	0	0	0	0.056	0	0.500	0.110	0.543
NRAS	TEK	9606.ENSP00000358548	9606.ENSP00000369375	0	0	0	0	0	0.071	0.500	0.245	0.618
NRAS	RELA	9606.ENSP00000358548	9606.ENSP00000384273	0	0	0	0	0.061	0.078	0.500	0.224	0.619
NRAS	NTRK1	9606.ENSP00000358548	9606.ENSP00000431418	0	0	0	0	0.074	0.110	0	0.582	0.625
NRAS	TGFA	9606.ENSP00000358548	9606.ENSP00000404131	0	0	0	0	0	0	0.500	0.315	0.643
NRAS	RASA4B	9606.ENSP00000358548	9606.ENSP00000440982	0	0	0	0	0	0.096	0.650	0.043	0.670
NRAS	SHC1	9606.ENSP00000358548	9606.ENSP00000401303	0	0	0	0	0.074	0	0.500	0.386	0.691
NRAS	RAP1A	9606.ENSP00000358548	9606.ENSP00000358723	0	0	0.065	0.941	0.067	0.068	0.500	0.388	0.706
NRAS	RASAL1	9606.ENSP00000358548	9606.ENSP00000450244	0	0	0	0	0	0.084	0.650	0.320	0.763
NRAS	SYNGAP1	9606.ENSP00000358548	9606.ENSP00000496007	0	0	0	0	0	0.099	0.650	0.629	0.872
NRAS	PRKCB	9606.ENSP00000358548	9606.ENSP00000496129	0	0	0	0	0.065	0	0.900	0.202	0.918
NRAS	PRKCA	9606.ENSP00000358548	9606.ENSP00000408695	0	0	0	0	0.066	0	0.900	0.296	0.928
NRAS	RALBP1	9606.ENSP00000358548	9606.ENSP00000372924	0	0	0	0	0.049	0.210	0.900	0.186	0.930
NRAS	RASGRP4	9606.ENSP00000358548	9606.ENSP00000479844	0	0	0	0	0	0.182	0.900	0.226	0.931
NRAS	RASGRP3	9606.ENSP00000358548	9606.ENSP00000385886	0	0	0	0	0	0.182	0.900	0.228	0.931
NRAS	RASGRF1	9606.ENSP00000358548	9606.ENSP00000405963	0	0	0	0	0	0.157	0.900	0.293	0.935
NRAS	PIK3CB	9606.ENSP00000358548	9606.ENSP00000501150	0	0	0	0	0.074	0.133	0.900	0.422	0.947
NRAS	PTPN11	9606.ENSP00000358548	9606.ENSP00000489597	0	0	0	0	0.092	0.153	0.500	0.892	0.952
NRAS	PIK3CD	9606.ENSP00000358548	9606.ENSP00000366563	0	0	0	0	0.056	0.352	0.900	0.337	0.954
NRAS	PIK3R1	9606.ENSP00000358548	9606.ENSP00000428056	0	0	0	0	0.042	0.143	0.900	0.533	0.956
NRAS	RGL2	9606.ENSP00000358548	9606.ENSP00000420211	0	0	0	0	0.055	0.411	0.900	0.328	0.957
NRAS	RASSF5	9606.ENSP00000358548	9606.ENSP00000462099	0	0	0	0	0	0.070	0.900	0.578	0.957
NRAS	PLCE1	9606.ENSP00000358548	9606.ENSP00000360431	0	0	0	0	0	0.537	0.900	0.491	0.974
NRAS	RALGDS	9606.ENSP00000358548	9606.ENSP00000361120	0	0	0	0	0.055	0.302	0.900	0.846	0.988
NRAS	SOS1	9606.ENSP00000358548	9606.ENSP00000384675	0	0	0	0	0.113	0.377	0.900	0.886	0.992
NRAS	RAF1	9606.ENSP00000358548	9606.ENSP00000401888	0	0	0	0	0.081	0.908	0.900	0.899	0.999
NTF3	PLCG1	9606.ENSP00000397297	9606.ENSP00000244007	0	0	0	0	0	0	0.500	0.305	0.637
NTF3	PDGFRA	9606.ENSP00000397297	9606.ENSP00000257290	0	0	0	0	0.097	0	0.650	0.544	0.843
NTF3	PDGFRB	9606.ENSP00000397297	9606.ENSP00000261799	0	0	0	0	0.099	0	0.650	0.199	0.725
NTF3	PIK3CA	9606.ENSP00000397297	9606.ENSP00000263967	0	0	0	0	0	0	0.500	0.098	0.529
NTF3	NTRK2	9606.ENSP00000397297	9606.ENSP00000277120	0	0	0	0	0.044	0.292	0.900	0.999	0.999
NTF3	TEK	9606.ENSP00000397297	9606.ENSP00000369375	0	0	0	0	0.074	0	0.650	0.153	0.701
NTF3	SOS1	9606.ENSP00000397297	9606.ENSP00000384675	0	0	0	0	0	0	0.500	0.097	0.529
NTF3	PIK3R1	9606.ENSP00000397297	9606.ENSP00000428056	0	0	0	0	0	0	0.500	0.069	0.514
NTF3	NTF4	9606.ENSP00000397297	9606.ENSP00000469455	0	0	0	0.909	0.049	0	0	0.560	0.563
NTF3	SHC1	9606.ENSP00000397297	9606.ENSP00000401303	0	0	0	0	0	0	0.500	0.579	0.780
NTF3	NTRK1	9606.ENSP00000397297	9606.ENSP00000431418	0	0	0	0	0	0.292	0.900	0.999	0.999
NTF4	PLCG1	9606.ENSP00000469455	9606.ENSP00000244007	0	0	0	0	0	0	0.500	0.370	0.671
NTF4	PDGFRA	9606.ENSP00000469455	9606.ENSP00000257290	0	0	0	0	0	0	0.650	0.169	0.696
NTF4	PDGFRB	9606.ENSP00000469455	9606.ENSP00000261799	0	0	0	0	0	0	0.650	0.184	0.702
NTF4	PIK3CA	9606.ENSP00000469455	9606.ENSP00000263967	0	0	0	0	0	0	0.500	0	0.499
NTF4	NTRK2	9606.ENSP00000469455	9606.ENSP00000277120	0	0	0	0	0.047	0.976	0.900	0.999	0.999
NTF4	TEK	9606.ENSP00000469455	9606.ENSP00000369375	0	0	0	0	0	0	0.650	0.118	0.678
NTF4	SOS1	9606.ENSP00000469455	9606.ENSP00000384675	0	0	0	0	0	0	0.500	0.073	0.517
NTF4	SHC1	9606.ENSP00000469455	9606.ENSP00000401303	0	0	0	0	0	0	0.500	0.370	0.671
NTF4	PIK3R1	9606.ENSP00000469455	9606.ENSP00000428056	0	0	0	0	0	0	0.500	0	0.499
NTF4	NTRK1	9606.ENSP00000469455	9606.ENSP00000431418	0	0	0	0	0	0	0.650	0.999	0.999
NTF4	PTPN11	9606.ENSP00000469455	9606.ENSP00000489597	0	0	0	0	0	0	0.500	0.138	0.550
NTRK1	PIK3R2	9606.ENSP00000431418	9606.ENSP00000222254	0	0	0	0	0	0.179	0.900	0.224	0.930
NTRK1	PLCG1	9606.ENSP00000431418	9606.ENSP00000244007	0	0	0	0	0	0.830	0.900	0.683	0.994
NTRK1	PIK3R3	9606.ENSP00000431418	9606.ENSP00000262741	0	0	0	0	0	0.145	0.900	0.186	0.924
NTRK1	PIK3CA	9606.ENSP00000431418	9606.ENSP00000263967	0	0	0	0	0.050	0.087	0.900	0.593	0.960
NTRK1	SHC2	9606.ENSP00000431418	9606.ENSP00000264554	0	0	0	0	0.042	0.073	0.900	0.567	0.956
NTRK1	RAB5A	9606.ENSP00000431418	9606.ENSP00000273047	0	0	0	0	0	0.071	0	0.419	0.437
NTRK1	NTRK2	9606.ENSP00000431418	9606.ENSP00000277120	0	0	0.064	0.929	0.067	0.095	0.500	0.978	0.989
NTRK1	TIAM1	9606.ENSP00000431418	9606.ENSP00000286827	0	0	0	0	0.056	0.106	0	0.385	0.436
NTRK1	VEGFD	9606.ENSP00000431418	9606.ENSP00000297904	0	0	0	0	0	0.070	0.650	0.627	0.868
NTRK1	VEGFB	9606.ENSP00000431418	9606.ENSP00000311127	0	0	0	0	0.060	0	0.650	0.626	0.866
NTRK1	SHC4	9606.ENSP00000431418	9606.ENSP00000329668	0	0	0	0	0	0.315	0.900	0.142	0.936
NTRK1	PDGFB	9606.ENSP00000431418	9606.ENSP00000330382	0	0	0	0	0	0	0.650	0.378	0.772
NTRK1	PDGFA	9606.ENSP00000431418	9606.ENSP00000346508	0	0	0	0	0	0.050	0.650	0.293	0.744
NTRK1	RAP1A	9606.ENSP00000431418	9606.ENSP00000358723	0	0	0	0	0.074	0.342	0.500	0.110	0.693
NTRK1	SHC3	9606.ENSP00000431418	9606.ENSP00000364995	0	0	0	0	0.060	0.331	0.900	0.655	0.975
NTRK1	PIK3CD	9606.ENSP00000431418	9606.ENSP00000366563	0	0	0	0	0.050	0.069	0.900	0.222	0.922
NTRK1	PDGFD	9606.ENSP00000431418	9606.ENSP00000376865	0	0	0	0	0.055	0	0.650	0.201	0.712
NTRK1	SOS1	9606.ENSP00000431418	9606.ENSP00000384675	0	0	0	0	0.055	0.102	0.500	0.524	0.771
NTRK1	RHOA	9606.ENSP00000431418	9606.ENSP00000400175	0	0	0	0	0.074	0.110	0	0.456	0.512
NTRK1	SHC1	9606.ENSP00000431418	9606.ENSP00000401303	0	0	0	0	0.060	0.983	0.900	0.971	0.999
NTRK1	TGFA	9606.ENSP00000431418	9606.ENSP00000404131	0	0	0	0	0.067	0	0.650	0.637	0.871
NTRK1	RASGRF1	9606.ENSP00000431418	9606.ENSP00000405963	0	0	0	0	0.051	0.084	0	0.608	0.630
NTRK1	PDGFC	9606.ENSP00000431418	9606.ENSP00000422464	0	0	0	0	0.055	0	0.650	0.696	0.890
NTRK1	PIK3R1	9606.ENSP00000431418	9606.ENSP00000428056	0	0	0	0	0	0.453	0.900	0.370	0.962
NTRK1	PTPN11	9606.ENSP00000431418	9606.ENSP00000489597	0	0	0	0	0	0.218	0	0.460	0.560
NTRK1	VEGFC	9606.ENSP00000431418	9606.ENSP00000480043	0	0	0	0	0	0.070	0.650	0.713	0.898
NTRK1	PLCG2	9606.ENSP00000431418	9606.ENSP00000482457	0	0	0	0	0	0.059	0.900	0.108	0.908
NTRK1	PGF	9606.ENSP00000431418	9606.ENSP00000451040	0	0	0	0	0	0	0.650	0.762	0.913
NTRK1	PIK3CB	9606.ENSP00000431418	9606.ENSP00000501150	0	0	0	0	0.050	0.087	0.900	0.313	0.932
NTRK2	PLCG1	9606.ENSP00000277120	9606.ENSP00000244007	0	0	0	0	0	0.709	0.900	0.761	0.992
NTRK2	PDGFRA	9606.ENSP00000277120	9606.ENSP00000257290	0	0	0	0.598	0.083	0.074	0	0.468	0.508
NTRK2	PDGFRB	9606.ENSP00000277120	9606.ENSP00000261799	0	0	0	0.601	0.082	0.074	0	0.460	0.500
NTRK2	PIK3CA	9606.ENSP00000277120	9606.ENSP00000263967	0	0	0	0	0.050	0.069	0.500	0.353	0.675
NTRK2	SHC2	9606.ENSP00000277120	9606.ENSP00000264554	0	0	0	0	0.109	0.073	0.900	0.616	0.964
NTRK2	RHOA	9606.ENSP00000277120	9606.ENSP00000400175	0	0	0	0	0.074	0.110	0	0.454	0.510
NTRK2	RAC1	9606.ENSP00000277120	9606.ENSP00000348461	0	0	0	0	0.074	0.110	0.500	0.171	0.612
NTRK2	PDGFD	9606.ENSP00000277120	9606.ENSP00000376865	0	0	0	0	0.069	0	0.650	0.060	0.667
NTRK2	PGF	9606.ENSP00000277120	9606.ENSP00000451040	0	0	0	0	0	0	0.650	0.138	0.685
NTRK2	PDGFA	9606.ENSP00000277120	9606.ENSP00000346508	0	0	0	0	0	0.050	0.650	0.148	0.692
NTRK2	VEGFB	9606.ENSP00000277120	9606.ENSP00000311127	0	0	0	0	0.060	0	0.650	0.160	0.699
NTRK2	VEGFD	9606.ENSP00000277120	9606.ENSP00000297904	0	0	0	0	0.056	0.070	0.650	0.146	0.702
NTRK2	PDGFB	9606.ENSP00000277120	9606.ENSP00000330382	0	0	0	0	0	0	0.650	0.200	0.708
NTRK2	VEGFC	9606.ENSP00000277120	9606.ENSP00000480043	0	0	0	0	0	0.070	0.650	0.187	0.712
NTRK2	TGFA	9606.ENSP00000277120	9606.ENSP00000404131	0	0	0	0	0.067	0	0.650	0.189	0.712
NTRK2	PIK3R1	9606.ENSP00000277120	9606.ENSP00000428056	0	0	0	0	0.067	0.360	0.500	0.236	0.741
NTRK2	SOS1	9606.ENSP00000277120	9606.ENSP00000384675	0	0	0	0	0.055	0.084	0.500	0.541	0.774
NTRK2	PDGFC	9606.ENSP00000277120	9606.ENSP00000422464	0	0	0	0	0.055	0	0.650	0.450	0.802
NTRK2	PLCG2	9606.ENSP00000277120	9606.ENSP00000482457	0	0	0	0	0	0.059	0.900	0.100	0.907
NTRK2	TIAM1	9606.ENSP00000277120	9606.ENSP00000286827	0	0	0	0	0.088	0.106	0.500	0.801	0.908
NTRK2	PTPN11	9606.ENSP00000277120	9606.ENSP00000489597	0	0	0	0	0.042	0.215	0.500	0.858	0.939
NTRK2	SHC4	9606.ENSP00000277120	9606.ENSP00000329668	0	0	0	0	0.056	0.315	0.900	0.167	0.939
NTRK2	SHC3	9606.ENSP00000277120	9606.ENSP00000364995	0	0	0	0	0.144	0.634	0.900	0.821	0.993
NTRK2	SHC1	9606.ENSP00000277120	9606.ENSP00000401303	0	0	0	0	0.060	0.637	0.900	0.993	0.999
P3R3URF-PIK3R3	PIK3CA	9606.ENSP00000439913	9606.ENSP00000263967	0	0	0	0	0	0.313	0.467	0.166	0.667
P3R3URF-PIK3R3	PIK3CD	9606.ENSP00000439913	9606.ENSP00000366563	0	0	0	0	0	0.313	0.181	0.166	0.489
P3R3URF-PIK3R3	PIK3R1	9606.ENSP00000439913	9606.ENSP00000428056	0	0	0.053	0.968	0	0	0.467	0	0.474
P3R3URF-PIK3R3	PIK3CB	9606.ENSP00000439913	9606.ENSP00000501150	0	0	0	0	0	0.313	0.181	0.166	0.489
PAK1	SOS2	9606.ENSP00000278568	9606.ENSP00000216373	0	0	0	0	0.062	0.119	0.500	0.171	0.612
PAK1	PIK3R2	9606.ENSP00000278568	9606.ENSP00000222254	0	0	0	0	0.053	0	0.400	0.202	0.507
PAK1	PLCG1	9606.ENSP00000278568	9606.ENSP00000244007	0	0	0	0	0.042	0.292	0.500	0.239	0.707
PAK1	RAC2	9606.ENSP00000278568	9606.ENSP00000249071	0	0	0	0	0.063	0.484	0.900	0.413	0.967
PAK1	PIK3R3	9606.ENSP00000278568	9606.ENSP00000262741	0	0	0	0	0	0	0.400	0.122	0.450
PAK1	PLD2	9606.ENSP00000278568	9606.ENSP00000263088	0	0	0	0	0	0	0.400	0.101	0.437
PAK1	PIK3CA	9606.ENSP00000278568	9606.ENSP00000263967	0	0	0	0	0.087	0	0.400	0.192	0.519
PAK1	ZAP70	9606.ENSP00000278568	9606.ENSP00000264972	0	0	0	0.565	0	0.071	0.400	0.085	0.445
PAK1	RASA1	9606.ENSP00000278568	9606.ENSP00000274376	0	0	0	0	0.090	0	0	0.544	0.568
PAK1	RALGAPA1	9606.ENSP00000278568	9606.ENSP00000490119	0	0	0	0	0.049	0	0.400	0	0.405
PAK1	PIK3CB	9606.ENSP00000278568	9606.ENSP00000501150	0	0	0	0	0.109	0.292	0	0.173	0.433
PAK1	PAK5	9606.ENSP00000278568	9606.ENSP00000367686	0	0	0.081	0.831	0.042	0	0.400	0.096	0.458
PAK1	PAK6	9606.ENSP00000278568	9606.ENSP00000453858	0	0	0.092	0.823	0.044	0	0.400	0.110	0.474
PAK1	PAK4	9606.ENSP00000278568	9606.ENSP00000469413	0	0	0.096	0.837	0.042	0	0.400	0.129	0.487
PAK1	PIK3R1	9606.ENSP00000278568	9606.ENSP00000428056	0	0	0	0	0.049	0	0.400	0.194	0.500
PAK1	PLCG2	9606.ENSP00000278568	9606.ENSP00000482457	0	0	0	0	0.049	0	0.500	0.123	0.546
PAK1	SHC1	9606.ENSP00000278568	9606.ENSP00000401303	0	0	0	0	0.044	0	0.500	0.168	0.567
PAK1	RHOA	9606.ENSP00000278568	9606.ENSP00000400175	0	0	0	0	0.061	0.165	0	0.552	0.619
PAK1	SOS1	9606.ENSP00000278568	9606.ENSP00000384675	0	0	0	0	0.062	0.119	0.500	0.246	0.647
PAK1	TIAM1	9606.ENSP00000278568	9606.ENSP00000286827	0	0	0	0	0.062	0.134	0.900	0.409	0.945
PAK1	PAK2	9606.ENSP00000278568	9606.ENSP00000314067	0	0	0.053	0.975	0.056	0.527	0.900	0.051	0.952
PAK1	RAF1	9606.ENSP00000278568	9606.ENSP00000401888	0	0	0	0.593	0.060	0.525	0.900	0.169	0.957
PAK1	PAK3	9606.ENSP00000278568	9606.ENSP00000353864	0	0	0.053	0.975	0	0.597	0.900	0.053	0.959
PAK1	RAC3	9606.ENSP00000278568	9606.ENSP00000304283	0	0	0	0	0.056	0.951	0.900	0.278	0.996
PAK1	RAC1	9606.ENSP00000278568	9606.ENSP00000348461	0	0	0	0	0.063	0.995	0.700	0.580	0.999
PAK2	SOS2	9606.ENSP00000314067	9606.ENSP00000216373	0	0	0	0	0.073	0.119	0.500	0.115	0.590
PAK2	PIK3R2	9606.ENSP00000314067	9606.ENSP00000222254	0	0	0	0	0.057	0	0.400	0.113	0.454
PAK2	PLCG1	9606.ENSP00000314067	9606.ENSP00000244007	0	0	0	0	0.049	0	0.500	0.181	0.576
PAK2	RAC2	9606.ENSP00000314067	9606.ENSP00000249071	0	0	0	0	0.069	0.512	0.900	0.692	0.984
PAK2	PIK3R3	9606.ENSP00000314067	9606.ENSP00000262741	0	0	0	0	0	0	0.400	0.096	0.434
PAK2	PLD2	9606.ENSP00000314067	9606.ENSP00000263088	0	0	0	0	0	0	0.400	0.091	0.431
PAK2	PIK3CA	9606.ENSP00000314067	9606.ENSP00000263967	0	0	0	0	0.173	0	0.400	0.133	0.532
PAK2	ZAP70	9606.ENSP00000314067	9606.ENSP00000264972	0	0	0	0.569	0	0.071	0.400	0.106	0.458
PAK2	RAC3	9606.ENSP00000314067	9606.ENSP00000304283	0	0	0	0	0.057	0.363	0.900	0.121	0.940
PAK2	RALGAPA1	9606.ENSP00000314067	9606.ENSP00000490119	0	0	0	0	0.063	0	0.400	0	0.413
PAK2	PLD1	9606.ENSP00000314067	9606.ENSP00000342793	0	0	0	0	0.047	0	0.400	0.091	0.434
PAK2	PAK5	9606.ENSP00000314067	9606.ENSP00000367686	0	0	0.073	0.852	0	0	0.400	0.086	0.447
PAK2	PAK6	9606.ENSP00000314067	9606.ENSP00000453858	0	0	0.083	0.850	0	0	0.400	0.091	0.456
PAK2	PAK4	9606.ENSP00000314067	9606.ENSP00000469413	0	0	0.089	0.860	0.053	0	0.400	0.090	0.466
PAK2	PIK3R1	9606.ENSP00000314067	9606.ENSP00000428056	0	0	0	0	0.049	0	0.400	0.165	0.482
PAK2	PLCG2	9606.ENSP00000314067	9606.ENSP00000482457	0	0	0	0	0.042	0	0.500	0.072	0.516
PAK2	SHC1	9606.ENSP00000314067	9606.ENSP00000401303	0	0	0	0	0.056	0	0.500	0.145	0.561
PAK2	SOS1	9606.ENSP00000314067	9606.ENSP00000384675	0	0	0	0	0.087	0.119	0.500	0.179	0.626
PAK2	RHOA	9606.ENSP00000314067	9606.ENSP00000400175	0	0	0	0	0.078	0.270	0	0.591	0.701
PAK2	PAK3	9606.ENSP00000314067	9606.ENSP00000353864	0	0	0.052	0.976	0	0	0.900	0.381	0.936
PAK2	RAF1	9606.ENSP00000314067	9606.ENSP00000401888	0	0	0	0.605	0.067	0.603	0.900	0.109	0.962
PAK2	RAC1	9606.ENSP00000314067	9606.ENSP00000348461	0	0	0	0	0.077	0.840	0.700	0.666	0.983
PAK3	SOS2	9606.ENSP00000353864	9606.ENSP00000216373	0	0	0	0	0.055	0.119	0.500	0.101	0.575
PAK3	PIK3R2	9606.ENSP00000353864	9606.ENSP00000222254	0	0	0	0	0	0	0.400	0.096	0.434
PAK3	RAC2	9606.ENSP00000353864	9606.ENSP00000249071	0	0	0	0	0.056	0.302	0.900	0.142	0.935
PAK3	RAC3	9606.ENSP00000353864	9606.ENSP00000304283	0	0	0	0	0.056	0.302	0.900	0.121	0.934
PAK3	RAC1	9606.ENSP00000353864	9606.ENSP00000348461	0	0	0	0	0.056	0.729	0.700	0.208	0.931
PAK3	PIK3R1	9606.ENSP00000353864	9606.ENSP00000428056	0	0	0	0	0.044	0	0.400	0.096	0.436
PAK3	PAK4	9606.ENSP00000353864	9606.ENSP00000469413	0	0	0.093	0.837	0	0	0.400	0.106	0.471
PAK3	SOS1	9606.ENSP00000353864	9606.ENSP00000384675	0	0	0	0	0.055	0.119	0.500	0.101	0.575
PAK3	RAF1	9606.ENSP00000353864	9606.ENSP00000401888	0	0	0	0.591	0	0.071	0.900	0.105	0.909
PAK4	SOS2	9606.ENSP00000469413	9606.ENSP00000216373	0	0	0	0	0.055	0.119	0.500	0.157	0.602
PAK4	PIK3R2	9606.ENSP00000469413	9606.ENSP00000222254	0	0	0	0	0.067	0	0.400	0.178	0.499
PAK4	RAC2	9606.ENSP00000469413	9606.ENSP00000249071	0	0	0	0	0.063	0.364	0.900	0.308	0.953
PAK4	RRAS2	9606.ENSP00000469413	9606.ENSP00000256196	0	0	0	0	0.053	0.165	0	0.393	0.478
PAK4	PIK3R3	9606.ENSP00000469413	9606.ENSP00000262741	0	0	0	0	0	0	0.400	0.125	0.452
PAK4	PLD2	9606.ENSP00000469413	9606.ENSP00000263088	0	0	0	0	0.049	0	0.400	0.066	0.420
PAK4	PIK3CA	9606.ENSP00000469413	9606.ENSP00000263967	0	0	0	0	0.067	0	0.400	0.221	0.525
PAK4	ZAP70	9606.ENSP00000469413	9606.ENSP00000264972	0	0	0	0.557	0	0.071	0.400	0.073	0.438
PAK4	RAC3	9606.ENSP00000469413	9606.ENSP00000304283	0	0	0	0	0.068	0.933	0.900	0.116	0.993
PAK4	RAC1	9606.ENSP00000469413	9606.ENSP00000348461	0	0	0	0	0.063	0.513	0.500	0.262	0.809
PAK4	PAK5	9606.ENSP00000469413	9606.ENSP00000367686	0	0	0.056	0.953	0	0.710	0.400	0.460	0.899
PAK4	SOS1	9606.ENSP00000469413	9606.ENSP00000384675	0	0	0	0	0.055	0.119	0.500	0.206	0.625
PAK4	RHOA	9606.ENSP00000469413	9606.ENSP00000400175	0	0	0	0	0.055	0.165	0	0.463	0.540
PAK4	RAF1	9606.ENSP00000469413	9606.ENSP00000401888	0	0	0	0.582	0.099	0.071	0.900	0.463	0.949
PAK4	PIK3R1	9606.ENSP00000469413	9606.ENSP00000428056	0	0	0	0	0.042	0	0.400	0.681	0.800
PAK4	PAK6	9606.ENSP00000469413	9606.ENSP00000453858	0	0	0.064	0.932	0.042	0.820	0.400	0.465	0.938
PAK4	RALGAPA1	9606.ENSP00000469413	9606.ENSP00000490119	0	0	0	0	0.049	0	0.400	0	0.405
PAK4	PTPN11	9606.ENSP00000469413	9606.ENSP00000489597	0	0	0	0	0.091	0.069	0	0.454	0.498
PAK5	SOS2	9606.ENSP00000367686	9606.ENSP00000216373	0	0	0	0	0.055	0.119	0.500	0.135	0.592
PAK5	RAC2	9606.ENSP00000367686	9606.ENSP00000249071	0	0	0	0	0.063	0.303	0.900	0.193	0.940
PAK5	ZAP70	9606.ENSP00000367686	9606.ENSP00000264972	0	0	0	0.559	0	0.071	0.400	0.057	0.428
PAK5	RAC3	9606.ENSP00000367686	9606.ENSP00000304283	0	0	0	0	0.063	0.303	0.900	0.116	0.934
PAK5	RAC1	9606.ENSP00000367686	9606.ENSP00000348461	0	0	0	0	0.063	0.485	0.500	0.172	0.773
PAK5	RALGAPA1	9606.ENSP00000367686	9606.ENSP00000490119	0	0	0	0	0	0	0.400	0	0.400
PAK5	SOS1	9606.ENSP00000367686	9606.ENSP00000384675	0	0	0	0	0.055	0.119	0.500	0.126	0.587
PAK5	PAK6	9606.ENSP00000367686	9606.ENSP00000453858	0	0	0.063	0.915	0.048	0	0.400	0.415	0.645
PAK5	RHOA	9606.ENSP00000367686	9606.ENSP00000400175	0	0	0	0	0.055	0.165	0	0.608	0.663
PAK5	RAF1	9606.ENSP00000367686	9606.ENSP00000401888	0	0	0	0.571	0	0.071	0.900	0.153	0.914
PAK6	SOS2	9606.ENSP00000453858	9606.ENSP00000216373	0	0	0	0	0.055	0.119	0.500	0.159	0.603
PAK6	RAC2	9606.ENSP00000453858	9606.ENSP00000249071	0	0	0	0	0.063	0.303	0.900	0.255	0.944
PAK6	ZAP70	9606.ENSP00000453858	9606.ENSP00000264972	0	0	0	0.559	0	0.071	0.400	0.057	0.428
PAK6	RAC3	9606.ENSP00000453858	9606.ENSP00000304283	0	0	0	0	0.063	0.303	0.900	0.116	0.934
PAK6	RAC1	9606.ENSP00000453858	9606.ENSP00000348461	0	0	0	0	0.063	0.755	0.500	0.493	0.934
PAK6	SOS1	9606.ENSP00000453858	9606.ENSP00000384675	0	0	0	0	0.055	0.119	0.500	0.100	0.575
PAK6	RHOA	9606.ENSP00000453858	9606.ENSP00000400175	0	0	0	0	0.055	0.165	0	0.319	0.416
PAK6	RAF1	9606.ENSP00000453858	9606.ENSP00000401888	0	0	0	0.573	0	0.071	0.900	0.144	0.913
PAK6	PIK3R1	9606.ENSP00000453858	9606.ENSP00000428056	0	0	0	0	0	0	0.400	0.195	0.496
PAK6	RALGAPA1	9606.ENSP00000453858	9606.ENSP00000490119	0	0	0	0	0	0	0.400	0	0.400
PDGFA	PIK3R2	9606.ENSP00000346508	9606.ENSP00000222254	0	0	0	0	0	0.046	0.400	0.120	0.452
PDGFA	PLCG1	9606.ENSP00000346508	9606.ENSP00000244007	0	0	0	0	0	0.292	0.500	0.138	0.668
PDGFA	PDGFRA	9606.ENSP00000346508	9606.ENSP00000257290	0	0	0	0	0.042	0.822	0.900	0.998	0.999
PDGFA	PDGFRB	9606.ENSP00000346508	9606.ENSP00000261799	0	0	0	0	0.044	0.370	0.900	0.997	0.999
PDGFA	PIK3CA	9606.ENSP00000346508	9606.ENSP00000263967	0	0	0	0	0	0	0.400	0.573	0.733
PDGFA	VEGFD	9606.ENSP00000346508	9606.ENSP00000297904	0	0	0	0	0.048	0	0	0.636	0.639
PDGFA	VEGFB	9606.ENSP00000346508	9606.ENSP00000311127	0	0	0	0	0	0	0	0.505	0.505
PDGFA	PDGFB	9606.ENSP00000346508	9606.ENSP00000330382	0	0	0	0.871	0.064	0.422	0.900	0.982	0.998
PDGFA	PIK3CB	9606.ENSP00000346508	9606.ENSP00000501150	0	0	0	0	0	0	0.400	0.090	0.431
PDGFA	PIK3R1	9606.ENSP00000346508	9606.ENSP00000428056	0	0	0	0	0	0.046	0.400	0.182	0.490
PDGFA	SOS1	9606.ENSP00000346508	9606.ENSP00000384675	0	0	0	0	0.050	0	0.400	0.188	0.496
PDGFA	PTPN11	9606.ENSP00000346508	9606.ENSP00000489597	0	0	0	0	0	0	0.400	0.222	0.513
PDGFA	VEGFC	9606.ENSP00000346508	9606.ENSP00000480043	0	0	0	0	0.064	0	0	0.679	0.686
PDGFA	TEK	9606.ENSP00000346508	9606.ENSP00000369375	0	0	0	0	0	0	0.650	0.574	0.844
PDGFA	TGFA	9606.ENSP00000346508	9606.ENSP00000404131	0	0	0	0	0.042	0	0.900	0.478	0.945
PDGFA	PDGFD	9606.ENSP00000346508	9606.ENSP00000376865	0	0	0	0	0	0	0.900	0.921	0.991
PDGFA	PDGFC	9606.ENSP00000346508	9606.ENSP00000422464	0	0	0	0	0.045	0	0.900	0.960	0.995
PDGFB	PIK3R2	9606.ENSP00000330382	9606.ENSP00000222254	0	0	0	0	0	0	0.400	0.144	0.464
PDGFB	PLCG1	9606.ENSP00000330382	9606.ENSP00000244007	0	0	0	0	0.105	0	0.500	0.161	0.592
PDGFB	PDGFRA	9606.ENSP00000330382	9606.ENSP00000257290	0	0	0	0	0.086	0.833	0.900	0.996	0.999
PDGFB	PDGFRB	9606.ENSP00000330382	9606.ENSP00000261799	0	0	0	0	0.065	0.983	0.900	0.999	0.999
PDGFB	PIK3CA	9606.ENSP00000330382	9606.ENSP00000263967	0	0	0	0	0	0	0.400	0.230	0.518
PDGFB	RASA1	9606.ENSP00000330382	9606.ENSP00000274376	0	0	0	0	0	0	0.500	0.194	0.579
PDGFB	VEGFD	9606.ENSP00000330382	9606.ENSP00000297904	0	0	0	0	0	0	0	0.446	0.446
PDGFB	RAF1	9606.ENSP00000330382	9606.ENSP00000401888	0	0	0	0	0	0	0	0.434	0.434
PDGFB	SOS1	9606.ENSP00000330382	9606.ENSP00000384675	0	0	0	0	0	0	0.400	0.157	0.473
PDGFB	PIK3CB	9606.ENSP00000330382	9606.ENSP00000501150	0	0	0	0	0	0	0.400	0.170	0.480
PDGFB	PTPN11	9606.ENSP00000330382	9606.ENSP00000489597	0	0	0	0	0	0	0.400	0.217	0.510
PDGFB	PGF	9606.ENSP00000330382	9606.ENSP00000451040	0	0	0	0	0.065	0	0	0.572	0.583
PDGFB	VEGFC	9606.ENSP00000330382	9606.ENSP00000480043	0	0	0	0	0.063	0	0	0.603	0.612
PDGFB	PIK3R1	9606.ENSP00000330382	9606.ENSP00000428056	0	0	0	0	0	0.292	0.400	0.203	0.631
PDGFB	TEK	9606.ENSP00000330382	9606.ENSP00000369375	0	0	0	0	0.072	0	0.650	0.640	0.873
PDGFB	TGFA	9606.ENSP00000330382	9606.ENSP00000404131	0	0	0	0	0.074	0	0.900	0.480	0.947
PDGFB	PDGFD	9606.ENSP00000330382	9606.ENSP00000376865	0	0	0	0	0	0	0.900	0.911	0.990
PDGFB	PDGFC	9606.ENSP00000330382	9606.ENSP00000422464	0	0	0	0	0	0	0.900	0.967	0.996
PDGFC	PDGFRA	9606.ENSP00000422464	9606.ENSP00000257290	0	0	0	0	0.068	0.777	0.900	0.998	0.999
PDGFC	PDGFRB	9606.ENSP00000422464	9606.ENSP00000261799	0	0	0	0	0.070	0.363	0.900	0.985	0.999
PDGFC	VEGFD	9606.ENSP00000422464	9606.ENSP00000297904	0	0	0	0.573	0	0	0	0.621	0.621
PDGFC	VEGFB	9606.ENSP00000422464	9606.ENSP00000311127	0	0	0	0	0	0	0	0.811	0.811
PDGFC	TEK	9606.ENSP00000422464	9606.ENSP00000369375	0	0	0	0	0.049	0	0.650	0.563	0.841
PDGFC	PDGFD	9606.ENSP00000422464	9606.ENSP00000376865	0	0	0	0.908	0.064	0	0.900	0.855	0.985
PDGFC	TGFA	9606.ENSP00000422464	9606.ENSP00000404131	0	0	0	0	0.049	0	0.900	0.370	0.934
PDGFC	PIK3R1	9606.ENSP00000422464	9606.ENSP00000428056	0	0	0	0	0.042	0	0	0.425	0.425
PDGFC	PGF	9606.ENSP00000422464	9606.ENSP00000451040	0	0	0	0	0	0	0	0.876	0.876
PDGFC	VEGFC	9606.ENSP00000422464	9606.ENSP00000480043	0	0	0	0	0.126	0	0	0.864	0.876
PDGFD	PDGFRA	9606.ENSP00000376865	9606.ENSP00000257290	0	0	0	0	0.062	0	0.900	0.991	0.999
PDGFD	PDGFRB	9606.ENSP00000376865	9606.ENSP00000261799	0	0	0	0	0.107	0	0.900	0.997	0.999
PDGFD	VEGFD	9606.ENSP00000376865	9606.ENSP00000297904	0	0	0	0	0.058	0	0	0.396	0.407
PDGFD	TEK	9606.ENSP00000376865	9606.ENSP00000369375	0	0	0	0	0.067	0	0.650	0.220	0.723
PDGFD	VEGFC	9606.ENSP00000376865	9606.ENSP00000480043	0	0	0	0	0.060	0	0	0.391	0.403
PDGFD	TGFA	9606.ENSP00000376865	9606.ENSP00000404131	0	0	0	0	0	0	0.900	0.224	0.919
PDGFRA	SOS2	9606.ENSP00000257290	9606.ENSP00000216373	0	0	0	0	0	0.071	0.900	0.216	0.920
PDGFRA	PIK3R2	9606.ENSP00000257290	9606.ENSP00000222254	0	0	0	0	0.044	0.230	0.900	0.263	0.938
PDGFRA	PLCG1	9606.ENSP00000257290	9606.ENSP00000244007	0	0	0	0	0	0.735	0.900	0.587	0.988
PDGFRA	RASA1	9606.ENSP00000257290	9606.ENSP00000274376	0	0	0	0	0	0.345	0	0.248	0.487
PDGFRA	TGFA	9606.ENSP00000257290	9606.ENSP00000404131	0	0	0	0	0	0	0.650	0.354	0.764
PDGFRA	PGF	9606.ENSP00000257290	9606.ENSP00000451040	0	0	0	0	0.042	0	0.650	0.584	0.848
PDGFRA	VEGFD	9606.ENSP00000257290	9606.ENSP00000297904	0	0	0	0	0.043	0.066	0.650	0.610	0.861
PDGFRA	VEGFB	9606.ENSP00000257290	9606.ENSP00000311127	0	0	0	0	0.042	0.180	0.650	0.580	0.869
PDGFRA	VEGFC	9606.ENSP00000257290	9606.ENSP00000480043	0	0	0	0	0.087	0.045	0.650	0.633	0.873
PDGFRA	SHC4	9606.ENSP00000257290	9606.ENSP00000329668	0	0	0	0	0.057	0.105	0.900	0.092	0.913
PDGFRA	PLCG2	9606.ENSP00000257290	9606.ENSP00000482457	0	0	0	0	0	0.094	0.900	0.125	0.913
PDGFRA	SHC2	9606.ENSP00000257290	9606.ENSP00000264554	0	0	0	0	0.087	0.105	0.900	0.098	0.916
PDGFRA	SHC3	9606.ENSP00000257290	9606.ENSP00000364995	0	0	0	0	0.097	0.162	0.900	0.106	0.923
PDGFRA	PIK3CD	9606.ENSP00000257290	9606.ENSP00000366563	0	0	0	0	0	0.098	0.900	0.227	0.924
PDGFRA	SOS1	9606.ENSP00000257290	9606.ENSP00000384675	0	0	0	0	0	0.071	0.900	0.277	0.927
PDGFRA	SHC1	9606.ENSP00000257290	9606.ENSP00000401303	0	0	0	0	0.055	0.162	0.900	0.318	0.938
PDGFRA	PIK3R3	9606.ENSP00000257290	9606.ENSP00000262741	0	0	0	0	0	0.266	0.900	0.231	0.938
PDGFRA	PIK3CB	9606.ENSP00000257290	9606.ENSP00000501150	0	0	0	0	0	0.098	0.900	0.562	0.957
PDGFRA	PDGFRB	9606.ENSP00000257290	9606.ENSP00000261799	0	0	0	0.914	0.245	0.734	0.900	0.520	0.989
PDGFRA	PIK3CA	9606.ENSP00000257290	9606.ENSP00000263967	0	0	0	0	0	0.334	0.900	0.866	0.990
PDGFRA	PTPN11	9606.ENSP00000257290	9606.ENSP00000489597	0	0	0	0	0.060	0.607	0.900	0.888	0.995
PDGFRA	PIK3R1	9606.ENSP00000257290	9606.ENSP00000428056	0	0	0	0	0.054	0.808	0.900	0.795	0.995
PDGFRB	SOS2	9606.ENSP00000261799	9606.ENSP00000216373	0	0	0	0	0	0.071	0.900	0.259	0.925
PDGFRB	PIK3R2	9606.ENSP00000261799	9606.ENSP00000222254	0	0	0	0	0	0.419	0.900	0.554	0.971
PDGFRB	PLCG1	9606.ENSP00000261799	9606.ENSP00000244007	0	0	0	0	0.049	0.986	0.900	0.914	0.999
PDGFRB	RIN1	9606.ENSP00000261799	9606.ENSP00000310406	0	0	0	0	0.063	0.326	0	0.124	0.400
PDGFRB	RHOA	9606.ENSP00000261799	9606.ENSP00000400175	0	0	0	0	0.050	0.071	0	0.400	0.424
PDGFRB	SYNGAP1	9606.ENSP00000261799	9606.ENSP00000496007	0	0	0	0	0.060	0.333	0	0.163	0.429
PDGFRB	TBK1	9606.ENSP00000261799	9606.ENSP00000329967	0	0	0	0	0.055	0.074	0	0.425	0.453
PDGFRB	TEK	9606.ENSP00000261799	9606.ENSP00000369375	0	0	0	0.589	0.151	0.136	0	0.318	0.456
PDGFRB	TIAM1	9606.ENSP00000261799	9606.ENSP00000286827	0	0	0	0	0.059	0	0	0.465	0.475
PDGFRB	RAF1	9606.ENSP00000261799	9606.ENSP00000401888	0	0	0	0.570	0.058	0.635	0	0.311	0.742
PDGFRB	VEGFD	9606.ENSP00000261799	9606.ENSP00000297904	0	0	0	0	0.057	0.060	0.650	0.458	0.809
PDGFRB	TGFA	9606.ENSP00000261799	9606.ENSP00000404131	0	0	0	0	0	0	0.650	0.631	0.865
PDGFRB	VEGFB	9606.ENSP00000261799	9606.ENSP00000311127	0	0	0	0	0.062	0.180	0.650	0.643	0.891
PDGFRB	VEGFC	9606.ENSP00000261799	9606.ENSP00000480043	0	0	0	0	0.088	0.045	0.650	0.687	0.892
PDGFRB	PGF	9606.ENSP00000261799	9606.ENSP00000451040	0	0	0	0	0.048	0	0.650	0.740	0.905
PDGFRB	SHC4	9606.ENSP00000261799	9606.ENSP00000329668	0	0	0	0	0.055	0.105	0.900	0.098	0.913
PDGFRB	PLCG2	9606.ENSP00000261799	9606.ENSP00000482457	0	0	0	0	0	0.094	0.900	0.158	0.917
PDGFRB	SHC2	9606.ENSP00000261799	9606.ENSP00000264554	0	0	0	0	0.097	0.105	0.900	0.119	0.919
PDGFRB	SHC3	9606.ENSP00000261799	9606.ENSP00000364995	0	0	0	0	0.096	0.155	0.900	0.146	0.926
PDGFRB	PIK3CD	9606.ENSP00000261799	9606.ENSP00000366563	0	0	0	0	0	0.097	0.900	0.314	0.932
PDGFRB	SOS1	9606.ENSP00000261799	9606.ENSP00000384675	0	0	0	0	0	0.071	0.900	0.341	0.933
PDGFRB	PIK3R3	9606.ENSP00000261799	9606.ENSP00000262741	0	0	0	0	0	0.472	0.900	0.220	0.955
PDGFRB	PIK3CB	9606.ENSP00000261799	9606.ENSP00000501150	0	0	0	0	0	0.097	0.900	0.601	0.960
PDGFRB	SHC1	9606.ENSP00000261799	9606.ENSP00000401303	0	0	0	0	0.055	0.376	0.900	0.421	0.961
PDGFRB	PIK3CA	9606.ENSP00000261799	9606.ENSP00000263967	0	0	0	0	0	0.097	0.900	0.763	0.976
PDGFRB	RASA1	9606.ENSP00000261799	9606.ENSP00000274376	0	0	0	0	0	0.833	0.500	0.850	0.986
PDGFRB	PTPN11	9606.ENSP00000261799	9606.ENSP00000489597	0	0	0	0	0.063	0.880	0.900	0.943	0.999
PDGFRB	PIK3R1	9606.ENSP00000261799	9606.ENSP00000428056	0	0	0	0	0.047	0.931	0.900	0.900	0.999
PGF	VEGFD	9606.ENSP00000451040	9606.ENSP00000297904	0	0	0	0.702	0	0	0.500	0.598	0.790
PGF	VEGFB	9606.ENSP00000451040	9606.ENSP00000311127	0	0	0	0.741	0	0	0.700	0.888	0.964
PGF	TEK	9606.ENSP00000451040	9606.ENSP00000369375	0	0	0	0	0.044	0	0.650	0.764	0.914
PGF	TGFA	9606.ENSP00000451040	9606.ENSP00000404131	0	0	0	0	0	0	0	0.630	0.630
PGF	VEGFC	9606.ENSP00000451040	9606.ENSP00000480043	0	0	0	0.683	0.043	0	0.500	0.559	0.770
PIK3CA	RALA	9606.ENSP00000263967	9606.ENSP00000005257	0	0	0	0	0.069	0.129	0	0.325	0.405
PIK3CA	SOS2	9606.ENSP00000263967	9606.ENSP00000216373	0	0	0	0	0.791	0	0	0.356	0.860
PIK3CA	PIK3R2	9606.ENSP00000263967	9606.ENSP00000222254	0	0	0	0	0	0.881	0.922	0.996	0.999
PIK3CA	PLCG1	9606.ENSP00000263967	9606.ENSP00000244007	0	0	0	0	0.049	0.510	0.900	0.500	0.973
PIK3CA	RRAS	9606.ENSP00000263967	9606.ENSP00000246792	0	0	0	0	0.061	0.954	0.900	0.530	0.997
PIK3CA	RAC2	9606.ENSP00000263967	9606.ENSP00000249071	0	0	0	0	0.100	0.273	0.900	0.286	0.947
PIK3CA	RAP1B	9606.ENSP00000263967	9606.ENSP00000250559	0	0	0	0	0.087	0.148	0.900	0.201	0.929
PIK3CA	RRAS2	9606.ENSP00000263967	9606.ENSP00000256196	0	0	0	0	0.076	0.954	0.650	0.304	0.988
PIK3CA	PIK3R3	9606.ENSP00000263967	9606.ENSP00000262741	0	0	0	0	0	0.881	0.944	0.994	0.999
PIK3CA	PLD2	9606.ENSP00000263967	9606.ENSP00000263088	0	0	0	0	0.050	0	0.400	0.271	0.548
PIK3CA	SYNGAP1	9606.ENSP00000263967	9606.ENSP00000496007	0	0	0	0	0.051	0	0	0.406	0.412
PIK3CA	PLA2G4A	9606.ENSP00000263967	9606.ENSP00000356436	0	0	0	0	0	0	0	0.418	0.418
PIK3CA	RASSF1	9606.ENSP00000263967	9606.ENSP00000349547	0	0	0	0	0	0	0	0.421	0.421
PIK3CA	RELA	9606.ENSP00000263967	9606.ENSP00000384273	0	0	0	0	0.049	0.314	0	0.346	0.537
PIK3CA	PRKCB	9606.ENSP00000263967	9606.ENSP00000496129	0	0	0	0	0.043	0	0	0.550	0.551
PIK3CA	TGFA	9606.ENSP00000263967	9606.ENSP00000404131	0	0	0	0	0.058	0	0.400	0.350	0.600
PIK3CA	SHC1	9606.ENSP00000263967	9606.ENSP00000401303	0	0	0	0	0	0	0.400	0.420	0.637
PIK3CA	PRKCA	9606.ENSP00000263967	9606.ENSP00000408695	0	0	0	0	0.049	0.115	0	0.606	0.640
PIK3CA	RALGDS	9606.ENSP00000263967	9606.ENSP00000361120	0	0	0	0	0.050	0	0	0.637	0.641
PIK3CA	TEK	9606.ENSP00000263967	9606.ENSP00000369375	0	0	0	0	0	0.087	0.500	0.377	0.691
PIK3CA	RASA1	9606.ENSP00000263967	9606.ENSP00000274376	0	0	0	0	0.483	0	0	0.448	0.702
PIK3CA	PLCE1	9606.ENSP00000263967	9606.ENSP00000360431	0	0	0	0	0	0	0.650	0.200	0.708
PIK3CA	TIAM1	9606.ENSP00000263967	9606.ENSP00000286827	0	0	0	0	0.055	0	0.650	0.241	0.727
PIK3CA	RHOA	9606.ENSP00000263967	9606.ENSP00000400175	0	0	0	0	0.056	0.105	0.500	0.465	0.743
PIK3CA	RAC1	9606.ENSP00000263967	9606.ENSP00000348461	0	0	0	0	0.105	0.463	0.400	0.226	0.747
PIK3CA	ZAP70	9606.ENSP00000263967	9606.ENSP00000264972	0	0	0	0	0	0.069	0.900	0.217	0.920
PIK3CA	SOS1	9606.ENSP00000263967	9606.ENSP00000384675	0	0	0	0	0.629	0	0.500	0.636	0.926
PIK3CA	PLCG2	9606.ENSP00000263967	9606.ENSP00000482457	0	0	0	0	0	0	0.900	0.315	0.928
PIK3CA	RAC3	9606.ENSP00000263967	9606.ENSP00000304283	0	0	0	0	0.100	0.348	0.900	0.116	0.941
PIK3CA	RAP1A	9606.ENSP00000263967	9606.ENSP00000358723	0	0	0	0	0.137	0.148	0.900	0.383	0.948
PIK3CA	RAF1	9606.ENSP00000263967	9606.ENSP00000401888	0	0	0	0	0.066	0.069	0.900	0.719	0.972
PIK3CA	PTPN11	9606.ENSP00000263967	9606.ENSP00000489597	0	0	0	0	0.118	0.661	0.900	0.725	0.990
PIK3CA	PIK3CD	9606.ENSP00000263967	9606.ENSP00000366563	0	0	0.060	0.888	0	0	0.900	0.983	0.998
PIK3CA	PIK3CB	9606.ENSP00000263967	9606.ENSP00000501150	0	0	0.060	0.882	0.083	0	0.900	0.984	0.998
PIK3CA	PIK3R1	9606.ENSP00000263967	9606.ENSP00000428056	0	0	0	0	0.156	0.997	0.967	0.998	0.999
PIK3CB	PIK3R2	9606.ENSP00000501150	9606.ENSP00000222254	0	0	0	0	0	0.916	0.914	0.996	0.999
PIK3CB	PLCG1	9606.ENSP00000501150	9606.ENSP00000244007	0	0	0	0	0	0	0.900	0.271	0.924
PIK3CB	RRAS	9606.ENSP00000501150	9606.ENSP00000246792	0	0	0	0	0.061	0.316	0.900	0.243	0.944
PIK3CB	RAC2	9606.ENSP00000501150	9606.ENSP00000249071	0	0	0	0	0.100	0.504	0.900	0.318	0.965
PIK3CB	RAP1B	9606.ENSP00000501150	9606.ENSP00000250559	0	0	0	0	0	0.148	0.900	0.574	0.960
PIK3CB	RRAS2	9606.ENSP00000501150	9606.ENSP00000256196	0	0	0	0	0.061	0.316	0.650	0.328	0.828
PIK3CB	PIK3R3	9606.ENSP00000501150	9606.ENSP00000262741	0	0	0	0	0	0.857	0.914	0.996	0.999
PIK3CB	ZAP70	9606.ENSP00000501150	9606.ENSP00000264972	0	0	0	0	0	0.069	0.900	0.223	0.921
PIK3CB	RAB5A	9606.ENSP00000501150	9606.ENSP00000273047	0	0	0	0	0.127	0.292	0	0.946	0.964
PIK3CB	RASA1	9606.ENSP00000501150	9606.ENSP00000274376	0	0	0	0	0.073	0	0	0.516	0.533
PIK3CB	TIAM1	9606.ENSP00000501150	9606.ENSP00000286827	0	0	0	0	0.055	0	0.650	0.217	0.719
PIK3CB	RAC3	9606.ENSP00000501150	9606.ENSP00000304283	0	0	0	0	0.100	0.504	0.900	0.154	0.957
PIK3CB	RAC1	9606.ENSP00000501150	9606.ENSP00000348461	0	0	0	0	0.107	0.504	0	0.223	0.626
PIK3CB	PLA2G4A	9606.ENSP00000501150	9606.ENSP00000356436	0	0	0	0	0.049	0	0	0.442	0.446
PIK3CB	RAP1A	9606.ENSP00000501150	9606.ENSP00000358723	0	0	0	0	0.092	0.148	0.900	0.173	0.927
PIK3CB	PLCE1	9606.ENSP00000501150	9606.ENSP00000360431	0	0	0	0	0	0	0.650	0.117	0.677
PIK3CB	PIK3CD	9606.ENSP00000501150	9606.ENSP00000366563	0	0	0.060	0.956	0	0	0.900	0.983	0.998
PIK3CB	TEK	9606.ENSP00000501150	9606.ENSP00000369375	0	0	0	0	0	0.087	0.500	0.167	0.586
PIK3CB	SOS1	9606.ENSP00000501150	9606.ENSP00000384675	0	0	0	0	0.125	0	0.500	0.384	0.707
PIK3CB	RHOA	9606.ENSP00000501150	9606.ENSP00000400175	0	0	0	0	0	0.105	0.500	0.311	0.664
PIK3CB	SHC1	9606.ENSP00000501150	9606.ENSP00000401303	0	0	0	0	0	0	0.400	0.410	0.631
PIK3CB	RAF1	9606.ENSP00000501150	9606.ENSP00000401888	0	0	0	0	0.059	0.069	0.900	0.387	0.939
PIK3CB	PIK3R1	9606.ENSP00000501150	9606.ENSP00000428056	0	0	0	0	0.049	0.936	0.914	0.996	0.999
PIK3CB	PLCG2	9606.ENSP00000501150	9606.ENSP00000482457	0	0	0	0	0	0	0.900	0.409	0.938
PIK3CB	PTPN11	9606.ENSP00000501150	9606.ENSP00000489597	0	0	0	0	0.121	0.049	0.900	0.310	0.934
PIK3CD	PIK3R2	9606.ENSP00000366563	9606.ENSP00000222254	0	0	0	0	0.042	0.563	0.914	0.996	0.999
PIK3CD	PLCG1	9606.ENSP00000366563	9606.ENSP00000244007	0	0	0	0	0.050	0	0.900	0.293	0.927
PIK3CD	RRAS	9606.ENSP00000366563	9606.ENSP00000246792	0	0	0	0	0.061	0.954	0.900	0.509	0.997
PIK3CD	RAC2	9606.ENSP00000366563	9606.ENSP00000249071	0	0	0	0	0.294	0.273	0.900	0.267	0.957
PIK3CD	RAP1B	9606.ENSP00000366563	9606.ENSP00000250559	0	0	0	0	0.042	0.148	0.900	0.191	0.925
PIK3CD	RRAS2	9606.ENSP00000366563	9606.ENSP00000256196	0	0	0	0	0.061	0.954	0.650	0.391	0.989
PIK3CD	PIK3R3	9606.ENSP00000366563	9606.ENSP00000262741	0	0	0	0	0	0.610	0.914	0.996	0.999
PIK3CD	ZAP70	9606.ENSP00000366563	9606.ENSP00000264972	0	0	0	0	0.074	0.069	0.900	0.434	0.944
PIK3CD	TIAM1	9606.ENSP00000366563	9606.ENSP00000286827	0	0	0	0	0.057	0	0.650	0.117	0.683
PIK3CD	RAC3	9606.ENSP00000366563	9606.ENSP00000304283	0	0	0	0	0.100	0.273	0.900	0.100	0.933
PIK3CD	RAP1A	9606.ENSP00000366563	9606.ENSP00000358723	0	0	0	0	0.049	0.148	0.900	0.156	0.922
PIK3CD	PLCE1	9606.ENSP00000366563	9606.ENSP00000360431	0	0	0	0	0	0	0.650	0.069	0.660
PIK3CD	SHC1	9606.ENSP00000366563	9606.ENSP00000401303	0	0	0	0	0.042	0	0.400	0.284	0.552
PIK3CD	PRKCB	9606.ENSP00000366563	9606.ENSP00000496129	0	0	0	0	0.127	0	0	0.593	0.629
PIK3CD	SOS1	9606.ENSP00000366563	9606.ENSP00000384675	0	0	0	0	0.073	0	0.500	0.270	0.632
PIK3CD	PTPN11	9606.ENSP00000366563	9606.ENSP00000489597	0	0	0	0	0.104	0.049	0.900	0.289	0.931
PIK3CD	RAF1	9606.ENSP00000366563	9606.ENSP00000401888	0	0	0	0	0.060	0.069	0.900	0.322	0.932
PIK3CD	PLCG2	9606.ENSP00000366563	9606.ENSP00000482457	0	0	0	0	0.103	0	0.900	0.743	0.974
PIK3CD	PIK3R1	9606.ENSP00000366563	9606.ENSP00000428056	0	0	0	0	0.042	0.987	0.914	0.995	0.999
PIK3R1	SOS2	9606.ENSP00000428056	9606.ENSP00000216373	0	0	0	0	0.121	0.136	0	0.300	0.421
PIK3R1	PIK3R2	9606.ENSP00000428056	9606.ENSP00000222254	0	0	0.052	0.960	0.044	0.864	0.900	0.959	0.999
PIK3R1	PLCG1	9606.ENSP00000428056	9606.ENSP00000244007	0	0	0	0.551	0.044	0.311	0.900	0.571	0.967
PIK3R1	RRAS	9606.ENSP00000428056	9606.ENSP00000246792	0	0	0	0	0.042	0.151	0.900	0.218	0.927
PIK3R1	RAC2	9606.ENSP00000428056	9606.ENSP00000249071	0	0	0	0	0.044	0.136	0.900	0.299	0.934
PIK3R1	RAP1B	9606.ENSP00000428056	9606.ENSP00000250559	0	0	0	0	0.056	0.054	0.900	0.138	0.912
PIK3R1	RRAS2	9606.ENSP00000428056	9606.ENSP00000256196	0	0	0	0	0.049	0.301	0.650	0.221	0.794
PIK3R1	PIK3R3	9606.ENSP00000428056	9606.ENSP00000262741	0	0	0.050	0.974	0.042	0.807	0.944	0.768	0.997
PIK3R1	PLD2	9606.ENSP00000428056	9606.ENSP00000263088	0	0	0	0	0	0	0.400	0.068	0.416
PIK3R1	ZAP70	9606.ENSP00000428056	9606.ENSP00000264972	0	0	0	0	0.056	0.330	0.900	0.293	0.949
PIK3R1	RAB5A	9606.ENSP00000428056	9606.ENSP00000273047	0	0	0	0	0.047	0.292	0	0.717	0.792
PIK3R1	RASA1	9606.ENSP00000428056	9606.ENSP00000274376	0	0	0	0	0.082	0	0	0.418	0.443
PIK3R1	TIAM1	9606.ENSP00000428056	9606.ENSP00000286827	0	0	0	0	0.042	0	0.650	0.259	0.730
PIK3R1	RAC3	9606.ENSP00000428056	9606.ENSP00000304283	0	0	0	0	0	0.136	0.900	0.051	0.910
PIK3R1	VEGFB	9606.ENSP00000428056	9606.ENSP00000311127	0	0	0	0	0.042	0	0	0.472	0.472
PIK3R1	RAC1	9606.ENSP00000428056	9606.ENSP00000348461	0	0	0	0	0.042	0.610	0.400	0.189	0.794
PIK3R1	RAP1A	9606.ENSP00000428056	9606.ENSP00000358723	0	0	0	0	0.050	0.054	0.900	0.224	0.920
PIK3R1	PLCE1	9606.ENSP00000428056	9606.ENSP00000360431	0	0	0	0	0	0	0.650	0.088	0.667
PIK3R1	SHC3	9606.ENSP00000428056	9606.ENSP00000364995	0	0	0	0	0.042	0.323	0	0.172	0.416
PIK3R1	TEK	9606.ENSP00000428056	9606.ENSP00000369375	0	0	0	0	0.042	0.154	0.500	0.425	0.735
PIK3R1	SOS1	9606.ENSP00000428056	9606.ENSP00000384675	0	0	0	0	0.144	0.613	0.500	0.612	0.927
PIK3R1	RHOA	9606.ENSP00000428056	9606.ENSP00000400175	0	0	0	0	0.047	0.173	0.500	0.354	0.711
PIK3R1	SHC1	9606.ENSP00000428056	9606.ENSP00000401303	0	0	0	0	0.049	0.878	0.400	0.636	0.971
PIK3R1	RAF1	9606.ENSP00000428056	9606.ENSP00000401888	0	0	0	0	0.042	0.263	0.900	0.303	0.944
PIK3R1	TGFA	9606.ENSP00000428056	9606.ENSP00000404131	0	0	0	0	0	0	0.400	0.198	0.498
PIK3R1	PRKCB	9606.ENSP00000428056	9606.ENSP00000496129	0	0	0	0	0.062	0	0	0.504	0.515
PIK3R1	PLCG2	9606.ENSP00000428056	9606.ENSP00000482457	0	0	0	0.553	0.049	0.616	0.900	0.503	0.979
PIK3R1	PTPN11	9606.ENSP00000428056	9606.ENSP00000489597	0	0	0	0	0.048	0.880	0.900	0.691	0.996
PIK3R2	PLD2	9606.ENSP00000222254	9606.ENSP00000263088	0	0	0	0	0.055	0	0.400	0.092	0.440
PIK3R2	RASA1	9606.ENSP00000222254	9606.ENSP00000274376	0	0	0	0	0.042	0	0	0.503	0.503
PIK3R2	RAC1	9606.ENSP00000222254	9606.ENSP00000348461	0	0	0	0	0.042	0.136	0.400	0.133	0.512
PIK3R2	TEK	9606.ENSP00000222254	9606.ENSP00000369375	0	0	0	0	0	0.127	0.500	0.166	0.604
PIK3R2	SOS1	9606.ENSP00000222254	9606.ENSP00000384675	0	0	0	0	0	0	0.500	0.258	0.613
PIK3R2	RHOA	9606.ENSP00000222254	9606.ENSP00000400175	0	0	0	0	0.042	0.173	0.500	0.249	0.663
PIK3R2	PLCE1	9606.ENSP00000222254	9606.ENSP00000360431	0	0	0	0	0	0	0.650	0.129	0.682
PIK3R2	TIAM1	9606.ENSP00000222254	9606.ENSP00000286827	0	0	0	0	0	0	0.650	0.139	0.685
PIK3R2	SHC1	9606.ENSP00000222254	9606.ENSP00000401303	0	0	0	0	0.054	0.342	0.400	0.364	0.731
PIK3R2	RRAS2	9606.ENSP00000222254	9606.ENSP00000256196	0	0	0	0	0.042	0.054	0.650	0.263	0.734
PIK3R2	RAP1B	9606.ENSP00000222254	9606.ENSP00000250559	0	0	0	0	0	0.054	0.900	0.112	0.908
PIK3R2	PLCG2	9606.ENSP00000222254	9606.ENSP00000482457	0	0	0	0.552	0.042	0.046	0.900	0.134	0.910
PIK3R2	RAP1A	9606.ENSP00000222254	9606.ENSP00000358723	0	0	0	0	0.042	0.054	0.900	0.147	0.912
PIK3R2	RRAS	9606.ENSP00000222254	9606.ENSP00000246792	0	0	0	0	0.042	0.054	0.900	0.170	0.914
PIK3R2	RAC3	9606.ENSP00000222254	9606.ENSP00000304283	0	0	0	0	0.109	0.136	0.900	0.051	0.917
PIK3R2	RAC2	9606.ENSP00000222254	9606.ENSP00000249071	0	0	0	0	0.042	0.136	0.900	0.161	0.921
PIK3R2	RAF1	9606.ENSP00000222254	9606.ENSP00000401888	0	0	0	0	0.082	0.093	0.900	0.206	0.925
PIK3R2	PLCG1	9606.ENSP00000222254	9606.ENSP00000244007	0	0	0	0.551	0.059	0.046	0.900	0.276	0.926
PIK3R2	ZAP70	9606.ENSP00000222254	9606.ENSP00000264972	0	0	0	0	0	0.093	0.900	0.521	0.952
PIK3R2	PTPN11	9606.ENSP00000222254	9606.ENSP00000489597	0	0	0	0	0.044	0.443	0.900	0.336	0.960
PIK3R2	PIK3R3	9606.ENSP00000222254	9606.ENSP00000262741	0	0	0.049	0.971	0.049	0.835	0.900	0.957	0.999
PIK3R3	PLCG1	9606.ENSP00000262741	9606.ENSP00000244007	0	0	0	0.561	0	0.046	0.900	0.257	0.922
PIK3R3	RRAS	9606.ENSP00000262741	9606.ENSP00000246792	0	0	0	0	0	0.054	0.900	0.179	0.915
PIK3R3	RAC2	9606.ENSP00000262741	9606.ENSP00000249071	0	0	0	0	0	0.054	0.900	0.155	0.913
PIK3R3	RAP1B	9606.ENSP00000262741	9606.ENSP00000250559	0	0	0	0	0	0.054	0.900	0.192	0.916
PIK3R3	RRAS2	9606.ENSP00000262741	9606.ENSP00000256196	0	0	0	0	0	0.054	0.650	0.186	0.707
PIK3R3	RAC1	9606.ENSP00000262741	9606.ENSP00000348461	0	0	0	0	0	0.054	0.400	0.051	0.414
PIK3R3	PLD2	9606.ENSP00000262741	9606.ENSP00000263088	0	0	0	0	0	0	0.400	0.069	0.417
PIK3R3	SHC1	9606.ENSP00000262741	9606.ENSP00000401303	0	0	0	0	0	0.084	0.400	0.246	0.549
PIK3R3	PLCE1	9606.ENSP00000262741	9606.ENSP00000360431	0	0	0	0	0	0	0.650	0	0.650
PIK3R3	TIAM1	9606.ENSP00000262741	9606.ENSP00000286827	0	0	0	0	0	0	0.650	0.079	0.664
PIK3R3	RAC3	9606.ENSP00000262741	9606.ENSP00000304283	0	0	0	0	0	0.054	0.900	0.051	0.902
PIK3R3	PLCG2	9606.ENSP00000262741	9606.ENSP00000482457	0	0	0	0.570	0	0.046	0.900	0.130	0.909
PIK3R3	RAF1	9606.ENSP00000262741	9606.ENSP00000401888	0	0	0	0	0.049	0.093	0.900	0.120	0.913
PIK3R3	ZAP70	9606.ENSP00000262741	9606.ENSP00000264972	0	0	0	0	0	0.093	0.900	0.146	0.915
PIK3R3	RAP1A	9606.ENSP00000262741	9606.ENSP00000358723	0	0	0	0	0	0.054	0.900	0.205	0.918
PIK3R3	PTPN11	9606.ENSP00000262741	9606.ENSP00000489597	0	0	0	0	0	0.195	0.900	0.222	0.932
PLA1A	PLA2G4C	9606.ENSP00000273371	9606.ENSP00000472546	0	0	0	0	0.081	0.045	0	0.430	0.456
PLA2G10	PLA2G3	9606.ENSP00000393847	9606.ENSP00000215885	0	0	0	0	0.043	0	0.500	0.945	0.971
PLA2G10	PLA2G12A	9606.ENSP00000393847	9606.ENSP00000243501	0	0	0	0	0.045	0	0.500	0.955	0.976
PLA2G10	PLD2	9606.ENSP00000393847	9606.ENSP00000263088	0	0	0	0	0	0	0.650	0.203	0.709
PLA2G10	PLA2G1B	9606.ENSP00000393847	9606.ENSP00000312286	0	0	0.127	0.813	0.059	0	0.500	0.506	0.769
PLA2G10	PLAAT3	9606.ENSP00000393847	9606.ENSP00000320337	0	0	0	0	0.049	0	0.650	0.490	0.815
PLA2G10	PLA2G6	9606.ENSP00000393847	9606.ENSP00000333142	0	0	0	0	0.065	0	0	0.677	0.685
PLA2G10	PLD1	9606.ENSP00000393847	9606.ENSP00000342793	0	0	0	0	0	0	0.650	0.056	0.655
PLA2G10	PLA2G4A	9606.ENSP00000393847	9606.ENSP00000356436	0	0	0	0	0	0	0	0.858	0.858
PLA2G10	PLA2G12B	9606.ENSP00000393847	9606.ENSP00000362123	0	0	0	0	0.045	0	0	0.917	0.917
PLA2G10	PLA2G2F	9606.ENSP00000393847	9606.ENSP00000364243	0	0	0.107	0.824	0	0	0.500	0.151	0.587
PLA2G10	PLA2G2D	9606.ENSP00000393847	9606.ENSP00000364246	0	0	0.109	0.847	0	0	0.500	0.186	0.605
PLA2G10	PLA2G5	9606.ENSP00000393847	9606.ENSP00000364249	0	0	0.109	0.837	0	0	0.500	0.150	0.588
PLA2G10	PLA2G2E	9606.ENSP00000393847	9606.ENSP00000364257	0	0	0.100	0.861	0	0	0.500	0.142	0.580
PLA2G10	PLA2G2A	9606.ENSP00000393847	9606.ENSP00000383364	0	0	0.091	0.863	0.055	0	0.500	0.435	0.725
PLA2G10	PLA2G4C	9606.ENSP00000393847	9606.ENSP00000472546	0	0	0	0	0	0	0	0.449	0.449
PLA2G12A	PLA2G3	9606.ENSP00000243501	9606.ENSP00000215885	0	0	0	0	0	0	0.500	0.928	0.962
PLA2G12A	PLA2G6	9606.ENSP00000243501	9606.ENSP00000333142	0	0	0	0	0	0	0	0.451	0.451
PLA2G12A	PLA2G4A	9606.ENSP00000243501	9606.ENSP00000356436	0	0	0	0	0.056	0	0	0.480	0.489
PLA2G12A	PLA2G4C	9606.ENSP00000243501	9606.ENSP00000472546	0	0	0	0	0.051	0	0	0.570	0.574
PLA2G12A	PLA2G2C	9606.ENSP00000243501	9606.ENSP00000247992	0	0	0	0	0.045	0	0	0.616	0.617
PLA2G12A	PLD1	9606.ENSP00000243501	9606.ENSP00000342793	0	0	0	0	0	0	0.650	0	0.650
PLA2G12A	PLD2	9606.ENSP00000243501	9606.ENSP00000263088	0	0	0	0	0	0	0.650	0.081	0.664
PLA2G12A	PLA2G1B	9606.ENSP00000243501	9606.ENSP00000312286	0	0	0	0	0.045	0	0.500	0.541	0.762
PLA2G12A	PLAAT3	9606.ENSP00000243501	9606.ENSP00000320337	0	0	0	0	0	0.045	0.650	0.395	0.780
PLA2G12A	PLA2G5	9606.ENSP00000243501	9606.ENSP00000364249	0	0	0	0	0.045	0	0.500	0.583	0.783
PLA2G12A	PLA2G2F	9606.ENSP00000243501	9606.ENSP00000364243	0	0	0	0	0.045	0	0.500	0.611	0.798
PLA2G12A	PLA2G2E	9606.ENSP00000243501	9606.ENSP00000364257	0	0	0	0	0.045	0	0.500	0.622	0.804
PLA2G12A	PLA2G2A	9606.ENSP00000243501	9606.ENSP00000383364	0	0	0	0	0.045	0	0.500	0.875	0.935
PLA2G12A	PLA2G2D	9606.ENSP00000243501	9606.ENSP00000364246	0	0	0	0	0.045	0	0.500	0.898	0.947
PLA2G12B	PLA2G3	9606.ENSP00000362123	9606.ENSP00000215885	0	0	0	0	0	0	0	0.623	0.623
PLA2G12B	PLA2G2C	9606.ENSP00000362123	9606.ENSP00000247992	0	0	0	0	0.045	0	0	0.742	0.743
PLA2G12B	PLD2	9606.ENSP00000362123	9606.ENSP00000263088	0	0	0	0	0	0	0.650	0.052	0.654
PLA2G12B	PLA2G1B	9606.ENSP00000362123	9606.ENSP00000312286	0	0	0	0	0.047	0	0	0.557	0.560
PLA2G12B	PLAAT3	9606.ENSP00000362123	9606.ENSP00000320337	0	0	0	0	0	0.045	0.650	0.258	0.730
PLA2G12B	PLA2G6	9606.ENSP00000362123	9606.ENSP00000333142	0	0	0	0	0	0	0	0.406	0.406
PLA2G12B	PLD1	9606.ENSP00000362123	9606.ENSP00000342793	0	0	0	0	0	0	0.650	0.175	0.699
PLA2G12B	PLA2G4A	9606.ENSP00000362123	9606.ENSP00000356436	0	0	0	0	0.051	0	0	0.410	0.416
PLA2G12B	PLA2G4C	9606.ENSP00000362123	9606.ENSP00000472546	0	0	0	0	0.129	0	0	0.434	0.486
PLA2G12B	PLA2G5	9606.ENSP00000362123	9606.ENSP00000364249	0	0	0	0	0.045	0	0	0.522	0.525
PLA2G12B	PLA2G2D	9606.ENSP00000362123	9606.ENSP00000364246	0	0	0	0	0.045	0	0	0.531	0.533
PLA2G12B	PLA2G2E	9606.ENSP00000362123	9606.ENSP00000364257	0	0	0	0	0.045	0	0	0.604	0.606
PLA2G12B	PLA2G2F	9606.ENSP00000362123	9606.ENSP00000364243	0	0	0	0	0.045	0	0	0.630	0.632
PLA2G12B	PLA2G2A	9606.ENSP00000362123	9606.ENSP00000383364	0	0	0	0	0.109	0	0	0.793	0.807
PLA2G1B	PLA2G3	9606.ENSP00000312286	9606.ENSP00000215885	0	0	0	0	0	0	0.500	0.481	0.729
PLA2G1B	PLD2	9606.ENSP00000312286	9606.ENSP00000263088	0	0	0	0	0	0	0.650	0.108	0.674
PLA2G1B	PLA2G6	9606.ENSP00000312286	9606.ENSP00000333142	0	0	0	0	0.066	0	0	0.549	0.562
PLA2G1B	PLA2G2F	9606.ENSP00000312286	9606.ENSP00000364243	0	0	0.092	0.787	0	0	0.500	0.154	0.582
PLA2G1B	PLA2G2E	9606.ENSP00000312286	9606.ENSP00000364257	0	0	0.106	0.809	0.050	0	0.500	0.152	0.591
PLA2G1B	PLA2G2D	9606.ENSP00000312286	9606.ENSP00000364246	0	0	0.120	0.814	0	0	0.500	0.146	0.591
PLA2G1B	PLA2G5	9606.ENSP00000312286	9606.ENSP00000364249	0	0	0.130	0.762	0.055	0	0.500	0.170	0.613
PLA2G1B	PLD1	9606.ENSP00000312286	9606.ENSP00000342793	0	0	0	0	0	0	0.650	0.181	0.701
PLA2G1B	PLA2G2A	9606.ENSP00000312286	9606.ENSP00000383364	0	0	0.105	0.834	0.042	0.292	0.500	0.189	0.709
PLA2G1B	PLAAT3	9606.ENSP00000312286	9606.ENSP00000320337	0	0	0	0	0	0	0.650	0.290	0.740
PLA2G1B	PLA2G4A	9606.ENSP00000312286	9606.ENSP00000356436	0	0	0	0	0	0	0	0.814	0.814
PLA2G2A	PLA2G3	9606.ENSP00000383364	9606.ENSP00000215885	0	0	0	0	0.047	0	0.500	0.874	0.934
PLA2G2A	PLD2	9606.ENSP00000383364	9606.ENSP00000263088	0	0	0	0	0	0	0.650	0.199	0.707
PLA2G2A	PLA2G4D	9606.ENSP00000383364	9606.ENSP00000290472	0	0	0	0	0	0	0	0.489	0.489
PLA2G2A	PLAAT3	9606.ENSP00000383364	9606.ENSP00000320337	0	0	0	0	0.043	0	0.650	0.582	0.847
PLA2G2A	PLA2G6	9606.ENSP00000383364	9606.ENSP00000333142	0	0	0	0	0.083	0	0	0.822	0.830
PLA2G2A	PLD1	9606.ENSP00000383364	9606.ENSP00000342793	0	0	0	0	0	0	0.650	0.125	0.680
PLA2G2A	PLA2G4A	9606.ENSP00000383364	9606.ENSP00000356436	0	0	0	0	0.049	0	0	0.918	0.918
PLA2G2A	PLA2G2F	9606.ENSP00000383364	9606.ENSP00000364243	0	0	0.068	0.884	0	0	0.500	0.116	0.552
PLA2G2A	PLA2G2D	9606.ENSP00000383364	9606.ENSP00000364246	0	0	0.071	0.930	0.043	0	0.500	0.106	0.549
PLA2G2A	PLA2G5	9606.ENSP00000383364	9606.ENSP00000364249	0	0	0.077	0.919	0.082	0	0.500	0.111	0.573
PLA2G2A	PLA2G2E	9606.ENSP00000383364	9606.ENSP00000364257	0	0	0.075	0.920	0.087	0	0.500	0.094	0.566
PLA2G2A	PLA2G4F	9606.ENSP00000383364	9606.ENSP00000380442	0	0	0	0	0.060	0	0	0.459	0.470
PLA2G2A	PLA2G4E	9606.ENSP00000383364	9606.ENSP00000382434	0	0	0	0	0	0	0	0.457	0.457
PLA2G2A	PLA2G4C	9606.ENSP00000383364	9606.ENSP00000472546	0	0	0	0	0	0	0.800	0.571	0.910
PLA2G2C	PLA2G3	9606.ENSP00000247992	9606.ENSP00000215885	0	0	0	0	0	0	0	0.553	0.553
PLA2G2C	PLA2G4A	9606.ENSP00000247992	9606.ENSP00000356436	0	0	0	0	0	0	0	0.468	0.468
PLA2G2C	PLA2G6	9606.ENSP00000247992	9606.ENSP00000333142	0	0	0	0	0.065	0	0	0.459	0.473
PLA2G2C	PLD1	9606.ENSP00000247992	9606.ENSP00000342793	0	0	0	0	0	0	0.650	0.074	0.662
PLA2G2C	PLD2	9606.ENSP00000247992	9606.ENSP00000263088	0	0	0	0	0	0	0.650	0.134	0.684
PLA2G2C	PLAAT3	9606.ENSP00000247992	9606.ENSP00000320337	0	0	0	0	0	0	0.650	0.270	0.733
PLA2G2D	PLA2G3	9606.ENSP00000364246	9606.ENSP00000215885	0	0	0	0	0.050	0	0.500	0.968	0.983
PLA2G2D	PLD2	9606.ENSP00000364246	9606.ENSP00000263088	0	0	0	0	0	0	0.650	0.190	0.704
PLA2G2D	PLA2G4D	9606.ENSP00000364246	9606.ENSP00000290472	0	0	0	0	0.060	0	0	0.402	0.414
PLA2G2D	PLAAT3	9606.ENSP00000364246	9606.ENSP00000320337	0	0	0	0	0	0	0.650	0.496	0.816
PLA2G2D	PLA2G6	9606.ENSP00000364246	9606.ENSP00000333142	0	0	0	0	0.065	0	0	0.618	0.627
PLA2G2D	PLD1	9606.ENSP00000364246	9606.ENSP00000342793	0	0	0	0	0	0	0.650	0	0.650
PLA2G2D	PLA2G4A	9606.ENSP00000364246	9606.ENSP00000356436	0	0	0	0	0	0	0	0.692	0.692
PLA2G2D	PLA2G2F	9606.ENSP00000364246	9606.ENSP00000364243	0	0	0.081	0.905	0.058	0	0.500	0.110	0.563
PLA2G2D	PLA2G4E	9606.ENSP00000364246	9606.ENSP00000382434	0	0	0	0	0	0	0	0.406	0.406
PLA2G2D	PLA2G4C	9606.ENSP00000364246	9606.ENSP00000472546	0	0	0	0	0.042	0	0	0.506	0.506
PLA2G2D	PLA2G5	9606.ENSP00000364246	9606.ENSP00000364249	0	0	0.084	0.909	0	0	0.500	0.101	0.552
PLA2G2D	PLA2G2E	9606.ENSP00000364246	9606.ENSP00000364257	0	0	0.095	0.877	0.058	0	0.500	0.257	0.641
PLA2G2E	PLA2G3	9606.ENSP00000364257	9606.ENSP00000215885	0	0	0	0	0.050	0	0.500	0.696	0.843
PLA2G2E	PLD2	9606.ENSP00000364257	9606.ENSP00000263088	0	0	0	0	0	0	0.650	0.122	0.679
PLA2G2E	PLA2G4D	9606.ENSP00000364257	9606.ENSP00000290472	0	0	0	0	0.042	0	0	0.432	0.432
PLA2G2E	PLAAT3	9606.ENSP00000364257	9606.ENSP00000320337	0	0	0	0	0	0	0.650	0.404	0.782
PLA2G2E	PLA2G6	9606.ENSP00000364257	9606.ENSP00000333142	0	0	0	0	0.098	0	0	0.492	0.522
PLA2G2E	PLD1	9606.ENSP00000364257	9606.ENSP00000342793	0	0	0	0	0	0	0.650	0.052	0.654
PLA2G2E	PLA2G4A	9606.ENSP00000364257	9606.ENSP00000356436	0	0	0	0	0	0	0	0.471	0.471
PLA2G2E	PLA2G2F	9606.ENSP00000364257	9606.ENSP00000364243	0	0	0.098	0.881	0.080	0	0.500	0.128	0.589
PLA2G2E	PLA2G5	9606.ENSP00000364257	9606.ENSP00000364249	0	0	0.086	0.895	0.044	0	0.500	0.113	0.560
PLA2G2E	PLA2G4C	9606.ENSP00000364257	9606.ENSP00000472546	0	0	0	0	0	0	0	0.411	0.411
PLA2G2E	PLA2G4F	9606.ENSP00000364257	9606.ENSP00000380442	0	0	0	0	0.044	0	0	0.433	0.434
PLA2G2F	PLA2G3	9606.ENSP00000364243	9606.ENSP00000215885	0	0	0	0	0.060	0	0.500	0.700	0.846
PLA2G2F	PLD2	9606.ENSP00000364243	9606.ENSP00000263088	0	0	0	0	0.042	0	0.650	0.065	0.659
PLA2G2F	PLA2G4D	9606.ENSP00000364243	9606.ENSP00000290472	0	0	0	0	0.057	0	0.400	0.500	0.692
PLA2G2F	PLAAT3	9606.ENSP00000364243	9606.ENSP00000320337	0	0	0	0	0	0	0.650	0.270	0.733
PLA2G2F	PLA2G6	9606.ENSP00000364243	9606.ENSP00000333142	0	0	0	0	0.065	0	0	0.490	0.503
PLA2G2F	PLD1	9606.ENSP00000364243	9606.ENSP00000342793	0	0	0	0	0	0	0.650	0.051	0.653
PLA2G2F	PLA2G4A	9606.ENSP00000364243	9606.ENSP00000356436	0	0	0	0	0	0	0.400	0.445	0.652
PLA2G2F	PLA2G4E	9606.ENSP00000364243	9606.ENSP00000382434	0	0	0	0	0	0	0	0.406	0.406
PLA2G2F	PLA2G4F	9606.ENSP00000364243	9606.ENSP00000380442	0	0	0	0	0.067	0	0	0.433	0.448
PLA2G2F	PLA2G4C	9606.ENSP00000364243	9606.ENSP00000472546	0	0	0	0	0	0	0	0.451	0.451
PLA2G2F	PLA2G5	9606.ENSP00000364243	9606.ENSP00000364249	0	0	0.091	0.871	0	0	0.500	0.132	0.571
PLA2G2F	PLA2G4B	9606.ENSP00000364243	9606.ENSP00000396045	0	0	0	0	0	0	0.400	0.424	0.639
PLA2G3	PLA2G4E	9606.ENSP00000215885	9606.ENSP00000382434	0	0	0	0	0	0	0	0.403	0.403
PLA2G3	PLA2G4B	9606.ENSP00000215885	9606.ENSP00000396045	0	0	0	0	0	0	0	0.427	0.427
PLA2G3	PLA2G4F	9606.ENSP00000215885	9606.ENSP00000380442	0	0	0	0	0.083	0	0	0.457	0.481
PLA2G3	PLA2G4A	9606.ENSP00000215885	9606.ENSP00000356436	0	0	0	0	0	0.052	0	0.475	0.481
PLA2G3	PLA2G6	9606.ENSP00000215885	9606.ENSP00000333142	0	0	0	0	0	0	0	0.560	0.560
PLA2G3	PLD1	9606.ENSP00000215885	9606.ENSP00000342793	0	0	0	0	0	0	0.650	0.050	0.653
PLA2G3	PLD2	9606.ENSP00000215885	9606.ENSP00000263088	0	0	0	0	0.044	0	0.650	0.183	0.703
PLA2G3	PLA2G5	9606.ENSP00000215885	9606.ENSP00000364249	0	0	0	0	0	0	0.500	0.663	0.824
PLA2G3	PLAAT3	9606.ENSP00000215885	9606.ENSP00000320337	0	0	0	0	0.086	0.067	0.650	0.499	0.830
PLA2G4A	PLCG1	9606.ENSP00000356436	9606.ENSP00000244007	0	0	0	0	0	0	0.900	0.353	0.932
PLA2G4A	PLD2	9606.ENSP00000356436	9606.ENSP00000263088	0	0	0	0	0.063	0	0.650	0.406	0.788
PLA2G4A	PRKCG	9606.ENSP00000356436	9606.ENSP00000263431	0	0	0	0	0.079	0	0.650	0.195	0.717
PLA2G4A	PLA2G4D	9606.ENSP00000356436	9606.ENSP00000290472	0	0	0.115	0.713	0	0	0.400	0.177	0.524
PLA2G4A	PLAAT3	9606.ENSP00000356436	9606.ENSP00000320337	0	0	0	0	0	0.045	0.650	0.528	0.828
PLA2G4A	PLA2G6	9606.ENSP00000356436	9606.ENSP00000333142	0	0	0	0	0	0	0.400	0.743	0.839
PLA2G4A	PLD1	9606.ENSP00000356436	9606.ENSP00000342793	0	0	0	0	0.103	0	0.650	0.247	0.743
PLA2G4A	PLA2G4C	9606.ENSP00000356436	9606.ENSP00000472546	0	0	0.129	0.674	0	0	0	0.341	0.401
PLA2G4A	PLA2G4F	9606.ENSP00000356436	9606.ENSP00000380442	0	0	0.103	0.751	0	0	0.400	0.165	0.511
PLA2G4A	PLA2G4E	9606.ENSP00000356436	9606.ENSP00000382434	0	0	0.130	0.734	0	0	0.400	0.165	0.526
PLA2G4A	PLA2G4B	9606.ENSP00000356436	9606.ENSP00000396045	0	0	0.121	0.698	0	0	0.400	0.290	0.593
PLA2G4A	PLA2G5	9606.ENSP00000356436	9606.ENSP00000364249	0	0	0	0	0	0	0	0.601	0.601
PLA2G4A	PRKCB	9606.ENSP00000356436	9606.ENSP00000496129	0	0	0	0	0.092	0	0.650	0.244	0.738
PLA2G4A	PRKCA	9606.ENSP00000356436	9606.ENSP00000408695	0	0	0	0	0.113	0.292	0.650	0.433	0.858
PLA2G4A	PLCG2	9606.ENSP00000356436	9606.ENSP00000482457	0	0	0	0	0.042	0	0.900	0.388	0.936
PLA2G4B	PLCG1	9606.ENSP00000396045	9606.ENSP00000244007	0	0	0	0	0	0	0.900	0.081	0.904
PLA2G4B	PLD2	9606.ENSP00000396045	9606.ENSP00000263088	0	0	0	0	0.060	0	0.650	0.116	0.684
PLA2G4B	PRKCG	9606.ENSP00000396045	9606.ENSP00000263431	0	0	0	0	0.061	0	0.650	0.203	0.715
PLA2G4B	PLA2G4D	9606.ENSP00000396045	9606.ENSP00000290472	0	0	0.070	0.940	0.049	0	0.400	0.097	0.456
PLA2G4B	PLAAT3	9606.ENSP00000396045	9606.ENSP00000320337	0	0	0	0	0	0	0.650	0.293	0.742
PLA2G4B	PLA2G6	9606.ENSP00000396045	9606.ENSP00000333142	0	0	0	0	0.082	0	0.400	0.357	0.615
PLA2G4B	PLD1	9606.ENSP00000396045	9606.ENSP00000342793	0	0	0	0	0.053	0	0.650	0.091	0.672
PLA2G4B	PLA2G5	9606.ENSP00000396045	9606.ENSP00000364249	0	0	0	0	0	0	0	0.849	0.849
PLA2G4B	PLA2G4F	9606.ENSP00000396045	9606.ENSP00000380442	0	0	0.082	0.898	0	0	0.400	0.103	0.463
PLA2G4B	PLA2G4E	9606.ENSP00000396045	9606.ENSP00000382434	0	0	0.083	0.913	0	0	0.400	0.095	0.458
PLA2G4B	PRKCB	9606.ENSP00000396045	9606.ENSP00000496129	0	0	0	0	0.061	0	0.650	0.118	0.685
PLA2G4B	PRKCA	9606.ENSP00000396045	9606.ENSP00000408695	0	0	0	0	0.061	0	0.650	0.131	0.689
PLA2G4B	PLCG2	9606.ENSP00000396045	9606.ENSP00000482457	0	0	0	0	0	0	0.900	0.126	0.908
PLA2G4C	PLCG1	9606.ENSP00000472546	9606.ENSP00000244007	0	0	0	0	0	0	0.900	0.066	0.902
PLA2G4C	PLD2	9606.ENSP00000472546	9606.ENSP00000263088	0	0	0	0	0.059	0	0.650	0.181	0.707
PLA2G4C	PRKCG	9606.ENSP00000472546	9606.ENSP00000263431	0	0	0	0	0.061	0	0.650	0.068	0.666
PLA2G4C	PLAAT3	9606.ENSP00000472546	9606.ENSP00000320337	0	0	0	0	0.049	0	0.650	0.402	0.783
PLA2G4C	PLA2G6	9606.ENSP00000472546	9606.ENSP00000333142	0	0	0	0	0.042	0	0	0.547	0.548
PLA2G4C	PLD1	9606.ENSP00000472546	9606.ENSP00000342793	0	0	0	0	0.053	0	0.650	0.091	0.672
PLA2G4C	PLA2G5	9606.ENSP00000472546	9606.ENSP00000364249	0	0	0	0	0.057	0	0	0.434	0.443
PLA2G4C	PRKCA	9606.ENSP00000472546	9606.ENSP00000408695	0	0	0	0	0.061	0	0.650	0.098	0.677
PLA2G4C	PRKCB	9606.ENSP00000472546	9606.ENSP00000496129	0	0	0	0	0.061	0	0.650	0.089	0.674
PLA2G4C	PLCG2	9606.ENSP00000472546	9606.ENSP00000482457	0	0	0	0	0.050	0	0.900	0.148	0.912
PLA2G4D	PLCG1	9606.ENSP00000290472	9606.ENSP00000244007	0	0	0	0	0	0	0.900	0.079	0.904
PLA2G4D	PLD2	9606.ENSP00000290472	9606.ENSP00000263088	0	0	0	0	0.053	0	0.650	0.153	0.694
PLA2G4D	PRKCG	9606.ENSP00000290472	9606.ENSP00000263431	0	0	0	0.553	0.061	0	0.650	0.104	0.680
PLA2G4D	PLA2G4E	9606.ENSP00000290472	9606.ENSP00000382434	0	0	0.079	0.921	0.085	0	0.400	0.103	0.486
PLA2G4D	PLA2G4F	9606.ENSP00000290472	9606.ENSP00000380442	0	0	0.090	0.889	0.065	0	0.400	0.126	0.494
PLA2G4D	PLA2G6	9606.ENSP00000290472	9606.ENSP00000333142	0	0	0	0	0	0	0.400	0.450	0.656
PLA2G4D	PRKCB	9606.ENSP00000290472	9606.ENSP00000496129	0	0	0	0.552	0.061	0	0.650	0.068	0.666
PLA2G4D	PRKCA	9606.ENSP00000290472	9606.ENSP00000408695	0	0	0	0.553	0.061	0	0.650	0.076	0.670
PLA2G4D	PLD1	9606.ENSP00000290472	9606.ENSP00000342793	0	0	0	0	0.053	0	0.650	0.091	0.672
PLA2G4D	PLAAT3	9606.ENSP00000290472	9606.ENSP00000320337	0	0	0	0	0	0	0.650	0.342	0.759
PLA2G4D	PLCG2	9606.ENSP00000290472	9606.ENSP00000482457	0	0	0	0	0	0	0.900	0.066	0.902
PLA2G4D	PLA2G5	9606.ENSP00000290472	9606.ENSP00000364249	0	0	0	0	0	0	0	0.957	0.957
PLA2G4E	PLCG1	9606.ENSP00000382434	9606.ENSP00000244007	0	0	0	0	0	0	0.900	0.066	0.902
PLA2G4E	PLD2	9606.ENSP00000382434	9606.ENSP00000263088	0	0	0	0	0.053	0	0.650	0.132	0.687
PLA2G4E	PRKCG	9606.ENSP00000382434	9606.ENSP00000263431	0	0	0	0	0.061	0	0.650	0.094	0.676
PLA2G4E	PLAAT3	9606.ENSP00000382434	9606.ENSP00000320337	0	0	0	0	0	0	0.650	0.330	0.755
PLA2G4E	PLA2G6	9606.ENSP00000382434	9606.ENSP00000333142	0	0	0	0	0	0	0.400	0.440	0.650
PLA2G4E	PLD1	9606.ENSP00000382434	9606.ENSP00000342793	0	0	0	0	0.053	0	0.650	0.091	0.672
PLA2G4E	PLA2G4F	9606.ENSP00000382434	9606.ENSP00000380442	0	0	0.093	0.886	0.049	0	0.400	0.118	0.482
PLA2G4E	PRKCB	9606.ENSP00000382434	9606.ENSP00000496129	0	0	0	0	0.061	0	0.650	0.086	0.673
PLA2G4E	PRKCA	9606.ENSP00000382434	9606.ENSP00000408695	0	0	0	0	0.061	0	0.650	0.119	0.685
PLA2G4E	PLCG2	9606.ENSP00000382434	9606.ENSP00000482457	0	0	0	0	0	0	0.900	0.140	0.910
PLA2G4F	PLCG1	9606.ENSP00000380442	9606.ENSP00000244007	0	0	0	0	0	0	0.900	0.066	0.902
PLA2G4F	PLD2	9606.ENSP00000380442	9606.ENSP00000263088	0	0	0	0	0.060	0	0.650	0.099	0.677
PLA2G4F	PRKCG	9606.ENSP00000380442	9606.ENSP00000263431	0	0	0	0	0.068	0	0.650	0.068	0.669
PLA2G4F	PLAAT3	9606.ENSP00000380442	9606.ENSP00000320337	0	0	0	0	0	0	0.650	0.226	0.717
PLA2G4F	PLA2G6	9606.ENSP00000380442	9606.ENSP00000333142	0	0	0	0	0.044	0	0.400	0.404	0.628
PLA2G4F	PLD1	9606.ENSP00000380442	9606.ENSP00000342793	0	0	0	0	0.053	0	0.650	0.091	0.672
PLA2G4F	PRKCB	9606.ENSP00000380442	9606.ENSP00000496129	0	0	0	0	0.061	0	0.650	0.068	0.666
PLA2G4F	PRKCA	9606.ENSP00000380442	9606.ENSP00000408695	0	0	0	0	0.061	0	0.650	0.120	0.685
PLA2G4F	PLCG2	9606.ENSP00000380442	9606.ENSP00000482457	0	0	0	0	0	0	0.900	0.093	0.905
PLA2G5	PLD2	9606.ENSP00000364249	9606.ENSP00000263088	0	0	0	0	0	0	0.650	0.150	0.689
PLA2G5	PLAAT3	9606.ENSP00000364249	9606.ENSP00000320337	0	0	0	0	0.042	0	0.650	0.482	0.811
PLA2G5	PLA2G6	9606.ENSP00000364249	9606.ENSP00000333142	0	0	0	0	0.067	0	0	0.612	0.623
PLA2G5	PLD1	9606.ENSP00000364249	9606.ENSP00000342793	0	0	0	0	0	0	0.650	0.101	0.671
PLA2G6	PLD2	9606.ENSP00000333142	9606.ENSP00000263088	0	0	0	0	0.060	0	0.650	0.254	0.733
PLA2G6	PRKCG	9606.ENSP00000333142	9606.ENSP00000263431	0	0	0	0	0.043	0	0.900	0	0.900
PLA2G6	PLAAT3	9606.ENSP00000333142	9606.ENSP00000320337	0	0	0	0	0	0.057	0.650	0.487	0.816
PLA2G6	PLD1	9606.ENSP00000333142	9606.ENSP00000342793	0	0	0	0	0	0	0.650	0.190	0.704
PLA2G6	PRKCB	9606.ENSP00000333142	9606.ENSP00000496129	0	0	0	0	0	0	0.900	0	0.900
PLA2G6	PRKCA	9606.ENSP00000333142	9606.ENSP00000408695	0	0	0	0	0	0	0.900	0.079	0.903
PLAAT3	PLD2	9606.ENSP00000320337	9606.ENSP00000263088	0	0	0	0	0.064	0.050	0.900	0.182	0.917
PLAAT3	PLD1	9606.ENSP00000320337	9606.ENSP00000342793	0	0	0	0	0.064	0.050	0.900	0.110	0.910
PLCE1	RALA	9606.ENSP00000360431	9606.ENSP00000005257	0	0	0	0	0	0.366	0	0.160	0.445
PLCE1	PLCG1	9606.ENSP00000360431	9606.ENSP00000244007	0	0	0	0.589	0	0	0.650	0.251	0.726
PLCE1	RRAS	9606.ENSP00000360431	9606.ENSP00000246792	0	0	0	0	0.067	0.176	0.900	0.206	0.930
PLCE1	RAP1B	9606.ENSP00000360431	9606.ENSP00000250559	0	0	0	0	0	0.176	0.900	0.057	0.915
PLCE1	RRAS2	9606.ENSP00000360431	9606.ENSP00000256196	0	0	0	0	0.067	0.176	0.900	0.080	0.919
PLCE1	PRKCG	9606.ENSP00000360431	9606.ENSP00000263431	0	0	0	0	0.069	0	0.900	0.107	0.909
PLCE1	RALB	9606.ENSP00000360431	9606.ENSP00000272519	0	0	0	0	0	0.366	0	0.097	0.403
PLCE1	RAP1A	9606.ENSP00000360431	9606.ENSP00000358723	0	0	0	0	0	0.176	0.900	0.425	0.948
PLCE1	PLCG2	9606.ENSP00000360431	9606.ENSP00000482457	0	0	0	0.588	0	0	0.650	0.210	0.711
PLCE1	PRKCB	9606.ENSP00000360431	9606.ENSP00000496129	0	0	0	0	0.069	0	0.900	0.107	0.909
PLCE1	PRKCA	9606.ENSP00000360431	9606.ENSP00000408695	0	0	0	0	0.075	0	0.900	0.267	0.926
PLCE1	RHOA	9606.ENSP00000360431	9606.ENSP00000400175	0	0	0	0	0	0.130	0.900	0.410	0.944
PLCG1	SOS2	9606.ENSP00000244007	9606.ENSP00000216373	0	0	0	0	0	0.552	0	0.422	0.730
PLCG1	RASGRF2	9606.ENSP00000244007	9606.ENSP00000265080	0	0	0	0	0.060	0.053	0	0.452	0.470
PLCG1	PLD2	9606.ENSP00000244007	9606.ENSP00000263088	0	0	0	0	0.060	0.292	0	0.314	0.504
PLCG1	TGFA	9606.ENSP00000244007	9606.ENSP00000404131	0	0	0	0	0	0	0.500	0.244	0.605
PLCG1	PLD1	9606.ENSP00000244007	9606.ENSP00000342793	0	0	0	0	0.044	0.497	0	0.315	0.642
PLCG1	RAC1	9606.ENSP00000244007	9606.ENSP00000348461	0	0	0	0	0.062	0.292	0.500	0.237	0.713
PLCG1	PTPN11	9606.ENSP00000244007	9606.ENSP00000489597	0	0	0	0.572	0.114	0.431	0	0.540	0.748
PLCG1	RHOA	9606.ENSP00000244007	9606.ENSP00000400175	0	0	0	0	0.044	0.292	0	0.696	0.776
PLCG1	RASA1	9606.ENSP00000244007	9606.ENSP00000274376	0	0	0	0.550	0.049	0.625	0	0.690	0.879
PLCG1	SHC1	9606.ENSP00000244007	9606.ENSP00000401303	0	0	0	0	0.049	0.292	0.500	0.729	0.896
PLCG1	PRKCG	9606.ENSP00000244007	9606.ENSP00000263431	0	0	0	0	0	0	0.900	0.222	0.918
PLCG1	PRKCB	9606.ENSP00000244007	9606.ENSP00000496129	0	0	0	0	0	0	0.900	0.543	0.952
PLCG1	SOS1	9606.ENSP00000244007	9606.ENSP00000384675	0	0	0	0	0.060	0.751	0.500	0.676	0.957
PLCG1	PRKCA	9606.ENSP00000244007	9606.ENSP00000408695	0	0	0	0	0.072	0	0.900	0.592	0.958
PLCG1	ZAP70	9606.ENSP00000244007	9606.ENSP00000264972	0	0	0	0.559	0.145	0.625	0.400	0.815	0.959
PLCG1	RASGRP1	9606.ENSP00000244007	9606.ENSP00000310244	0	0	0	0	0.067	0.050	0.900	0.626	0.962
PLCG1	PLCG2	9606.ENSP00000244007	9606.ENSP00000482457	0	0	0.070	0.939	0.042	0.387	0.900	0.448	0.964
PLCG2	RAC2	9606.ENSP00000482457	9606.ENSP00000249071	0	0	0	0	0.151	0.900	0	0.648	0.967
PLCG2	RASA4	9606.ENSP00000482457	9606.ENSP00000262940	0	0	0	0	0.047	0	0	0.428	0.431
PLCG2	PRKCG	9606.ENSP00000482457	9606.ENSP00000263431	0	0	0	0	0	0	0.900	0	0.900
PLCG2	ZAP70	9606.ENSP00000482457	9606.ENSP00000264972	0	0	0	0	0.105	0	0	0.840	0.851
PLCG2	RASGRP1	9606.ENSP00000482457	9606.ENSP00000310244	0	0	0	0	0.067	0.050	0	0.621	0.635
PLCG2	RASGRP2	9606.ENSP00000482457	9606.ENSP00000338864	0	0	0	0	0.138	0.050	0	0.386	0.453
PLCG2	PLD1	9606.ENSP00000482457	9606.ENSP00000342793	0	0	0	0	0.055	0.292	0	0.442	0.594
PLCG2	RAC1	9606.ENSP00000482457	9606.ENSP00000348461	0	0	0	0	0.074	0	0.500	0.140	0.567
PLCG2	SOS1	9606.ENSP00000482457	9606.ENSP00000384675	0	0	0	0	0	0.064	0.400	0.286	0.564
PLCG2	RASGRP3	9606.ENSP00000482457	9606.ENSP00000385886	0	0	0	0	0.098	0.050	0.900	0.314	0.933
PLCG2	SHC1	9606.ENSP00000482457	9606.ENSP00000401303	0	0	0	0.557	0.042	0.510	0.800	0.346	0.930
PLCG2	PRKCA	9606.ENSP00000482457	9606.ENSP00000408695	0	0	0	0	0.044	0.292	0.900	0.348	0.949
PLCG2	PTPN11	9606.ENSP00000482457	9606.ENSP00000489597	0	0	0	0.573	0.121	0.297	0.800	0.531	0.934
PLCG2	PRKCB	9606.ENSP00000482457	9606.ENSP00000496129	0	0	0	0	0.174	0	0.900	0.701	0.973
PLD1	RALA	9606.ENSP00000342793	9606.ENSP00000005257	0	0	0	0	0.042	0.525	0.900	0.690	0.984
PLD1	RRAS	9606.ENSP00000342793	9606.ENSP00000246792	0	0	0	0	0.055	0.071	0.900	0.121	0.912
PLD1	RRAS2	9606.ENSP00000342793	9606.ENSP00000256196	0	0	0	0	0.055	0.071	0.900	0.154	0.915
PLD1	PLD2	9606.ENSP00000342793	9606.ENSP00000263088	0	0	0.063	0.954	0.042	0	0.900	0.080	0.906
PLD1	RALB	9606.ENSP00000342793	9606.ENSP00000272519	0	0	0	0	0.056	0.071	0.900	0.646	0.964
PLD1	RAC1	9606.ENSP00000342793	9606.ENSP00000348461	0	0	0	0	0.042	0.071	0.500	0.205	0.599
PLD1	PRKCA	9606.ENSP00000342793	9606.ENSP00000408695	0	0	0	0	0.058	0.292	0.900	0.479	0.960
PLD1	RHOA	9606.ENSP00000342793	9606.ENSP00000400175	0	0	0	0	0.042	0.608	0.900	0.607	0.983
PLD2	RALA	9606.ENSP00000263088	9606.ENSP00000005257	0	0	0	0	0	0.071	0.900	0.743	0.974
PLD2	RRAS	9606.ENSP00000263088	9606.ENSP00000246792	0	0	0	0	0.087	0.071	0.900	0.105	0.914
PLD2	RAC2	9606.ENSP00000263088	9606.ENSP00000249071	0	0	0	0	0	0.512	0.500	0.770	0.939
PLD2	RRAS2	9606.ENSP00000263088	9606.ENSP00000256196	0	0	0	0	0.055	0.071	0.900	0.080	0.908
PLD2	RAC1	9606.ENSP00000263088	9606.ENSP00000348461	0	0	0	0	0	0.071	0.500	0.073	0.531
PLD2	RALB	9606.ENSP00000263088	9606.ENSP00000272519	0	0	0	0	0	0.071	0.900	0.269	0.926
PLD2	RHOA	9606.ENSP00000263088	9606.ENSP00000400175	0	0	0	0	0	0.071	0.900	0.413	0.940
PLD2	PRKCA	9606.ENSP00000263088	9606.ENSP00000408695	0	0	0	0	0.058	0.292	0.900	0.370	0.952
PRKACA	RAC2	9606.ENSP00000309591	9606.ENSP00000249071	0	0	0	0	0.092	0.100	0	0.357	0.429
PRKACA	RAP1B	9606.ENSP00000309591	9606.ENSP00000250559	0	0	0	0	0.077	0.129	0.900	0.381	0.943
PRKACA	RASGRF2	9606.ENSP00000309591	9606.ENSP00000265080	0	0	0	0	0	0.129	0.900	0.161	0.920
PRKACA	RASA1	9606.ENSP00000309591	9606.ENSP00000274376	0	0	0	0	0.068	0	0	0.389	0.407
PRKACA	RASGRP3	9606.ENSP00000309591	9606.ENSP00000385886	0	0	0	0	0	0.344	0	0.131	0.406
PRKACA	PRKCA	9606.ENSP00000309591	9606.ENSP00000408695	0	0	0	0.872	0.047	0	0	0.420	0.423
PRKACA	RAC1	9606.ENSP00000309591	9606.ENSP00000348461	0	0	0	0	0.080	0.214	0	0.285	0.439
PRKACA	RAF1	9606.ENSP00000309591	9606.ENSP00000401888	0	0	0	0.588	0.054	0.088	0.900	0.216	0.923
PRKACA	RASGRF1	9606.ENSP00000309591	9606.ENSP00000405963	0	0	0	0	0	0.129	0.900	0.240	0.928
PRKACA	RAP1A	9606.ENSP00000309591	9606.ENSP00000358723	0	0	0	0	0.068	0.129	0.900	0.343	0.939
PRKACA	PRKACG	9606.ENSP00000309591	9606.ENSP00000366488	0	0	0.049	0.982	0	0.669	0.900	0.042	0.965
PRKACA	RHOA	9606.ENSP00000309591	9606.ENSP00000400175	0	0	0	0	0.056	0.213	0.900	0.614	0.967
PRKACA	PRKACB	9606.ENSP00000309591	9606.ENSP00000359719	0	0	0.048	0.984	0.042	0.874	0.900	0.044	0.987
PRKACA	RELA	9606.ENSP00000309591	9606.ENSP00000384273	0	0	0	0	0.086	0.742	0.900	0.718	0.992
PRKACB	RAC2	9606.ENSP00000359719	9606.ENSP00000249071	0	0	0	0	0.062	0.215	0	0.359	0.487
PRKACB	RAP1B	9606.ENSP00000359719	9606.ENSP00000250559	0	0	0	0	0.078	0.129	0.900	0.393	0.944
PRKACB	RASGRF2	9606.ENSP00000359719	9606.ENSP00000265080	0	0	0	0	0.060	0.129	0.900	0.161	0.922
PRKACB	RASA1	9606.ENSP00000359719	9606.ENSP00000274376	0	0	0	0	0.093	0	0	0.390	0.423
PRKACB	RAP1A	9606.ENSP00000359719	9606.ENSP00000358723	0	0	0	0	0.070	0.129	0.900	0.359	0.941
PRKACB	PRKCA	9606.ENSP00000359719	9606.ENSP00000408695	0	0	0	0.849	0.049	0	0	0.428	0.432
PRKACB	RAF1	9606.ENSP00000359719	9606.ENSP00000401888	0	0	0	0.580	0.054	0.088	0.900	0.220	0.923
PRKACB	RASGRF1	9606.ENSP00000359719	9606.ENSP00000405963	0	0	0	0	0.062	0.129	0.900	0.250	0.930
PRKACB	RELA	9606.ENSP00000359719	9606.ENSP00000384273	0	0	0	0	0.061	0.069	0.900	0.565	0.956
PRKACB	RHOA	9606.ENSP00000359719	9606.ENSP00000400175	0	0	0	0	0.042	0.100	0.900	0.614	0.962
PRKACB	PRKACG	9606.ENSP00000359719	9606.ENSP00000366488	0	0	0.051	0.979	0	0.696	0.900	0.043	0.968
PRKACG	RAC2	9606.ENSP00000366488	9606.ENSP00000249071	0	0	0	0	0.055	0.100	0	0.357	0.405
PRKACG	RAP1B	9606.ENSP00000366488	9606.ENSP00000250559	0	0	0	0	0.056	0.129	0.900	0.392	0.943
PRKACG	RASGRF2	9606.ENSP00000366488	9606.ENSP00000265080	0	0	0	0	0	0.129	0.900	0.162	0.920
PRKACG	RASA1	9606.ENSP00000366488	9606.ENSP00000274376	0	0	0	0	0.061	0	0	0.389	0.402
PRKACG	RAP1A	9606.ENSP00000366488	9606.ENSP00000358723	0	0	0	0	0.056	0.129	0.900	0.347	0.939
PRKACG	PRKCA	9606.ENSP00000366488	9606.ENSP00000408695	0	0	0	0.863	0	0	0	0.441	0.441
PRKACG	RAF1	9606.ENSP00000366488	9606.ENSP00000401888	0	0	0	0.587	0.054	0.088	0.900	0.217	0.923
PRKACG	RASGRF1	9606.ENSP00000366488	9606.ENSP00000405963	0	0	0	0	0	0.129	0.900	0.246	0.928
PRKACG	RELA	9606.ENSP00000366488	9606.ENSP00000384273	0	0	0	0	0.061	0.069	0.900	0.565	0.956
PRKACG	RHOA	9606.ENSP00000366488	9606.ENSP00000400175	0	0	0	0	0	0.100	0.900	0.614	0.962
PRKCA	SOS2	9606.ENSP00000408695	9606.ENSP00000216373	0	0	0	0	0.049	0	0	0.514	0.518
PRKCA	RRAS	9606.ENSP00000408695	9606.ENSP00000246792	0	0	0	0	0.055	0	0.900	0.164	0.914
PRKCA	RRAS2	9606.ENSP00000408695	9606.ENSP00000256196	0	0	0	0	0.060	0	0.900	0.105	0.908
PRKCA	PRKCG	9606.ENSP00000408695	9606.ENSP00000263431	0	0	0.052	0.976	0	0.784	0.900	0.333	0.984
PRKCA	RASA1	9606.ENSP00000408695	9606.ENSP00000274376	0	0	0	0	0.067	0.100	0.500	0.501	0.762
PRKCA	TIAM1	9606.ENSP00000408695	9606.ENSP00000286827	0	0	0	0	0.043	0.294	0	0.253	0.452
PRKCA	RAC1	9606.ENSP00000408695	9606.ENSP00000348461	0	0	0	0	0.062	0.226	0	0.301	0.448
PRKCA	RALBP1	9606.ENSP00000408695	9606.ENSP00000372924	0	0	0	0	0	0.287	0	0.348	0.515
PRKCA	RELA	9606.ENSP00000408695	9606.ENSP00000384273	0	0	0	0	0.059	0	0	0.478	0.488
PRKCA	RHOA	9606.ENSP00000408695	9606.ENSP00000400175	0	0	0	0	0.072	0	0	0.725	0.734
PRKCA	SHC1	9606.ENSP00000408695	9606.ENSP00000401303	0	0	0	0	0.062	0	0.400	0.548	0.723
PRKCA	RAF1	9606.ENSP00000408695	9606.ENSP00000401888	0	0	0	0.580	0.042	0.050	0.900	0.199	0.917
PRKCA	PRKCB	9606.ENSP00000408695	9606.ENSP00000496129	0	0	0.050	0.981	0.084	0.623	0.900	0.056	0.963
PRKCB	RRAS	9606.ENSP00000496129	9606.ENSP00000246792	0	0	0	0	0.055	0	0.900	0.219	0.919
PRKCB	RAC2	9606.ENSP00000496129	9606.ENSP00000249071	0	0	0	0	0.173	0	0	0.338	0.430
PRKCB	RRAS2	9606.ENSP00000496129	9606.ENSP00000256196	0	0	0	0	0.062	0	0.900	0.245	0.923
PRKCB	PRKCG	9606.ENSP00000496129	9606.ENSP00000263431	0	0	0.053	0.974	0.062	0.452	0.900	0.061	0.946
PRKCB	RASA1	9606.ENSP00000496129	9606.ENSP00000274376	0	0	0	0	0.054	0.100	0.500	0.137	0.583
PRKCB	RASGRP3	9606.ENSP00000496129	9606.ENSP00000385886	0	0	0	0.554	0.060	0.510	0	0.143	0.571
PRKCB	SHC1	9606.ENSP00000496129	9606.ENSP00000401303	0	0	0	0	0.083	0	0	0.731	0.743
PRKCB	RAF1	9606.ENSP00000496129	9606.ENSP00000401888	0	0	0	0.572	0.047	0.050	0.900	0.111	0.908
PRKCG	RRAS	9606.ENSP00000263431	9606.ENSP00000246792	0	0	0	0	0.062	0	0.900	0.119	0.910
PRKCG	RRAS2	9606.ENSP00000263431	9606.ENSP00000256196	0	0	0	0	0.055	0	0.900	0.089	0.906
PRKCG	RAF1	9606.ENSP00000263431	9606.ENSP00000401888	0	0	0	0.562	0	0.050	0.900	0.065	0.903
PTPN11	SOS2	9606.ENSP00000489597	9606.ENSP00000216373	0	0	0	0	0.049	0.160	0.900	0.944	0.994
PTPN11	RRAS	9606.ENSP00000489597	9606.ENSP00000246792	0	0	0	0	0.060	0.118	0	0.440	0.496
PTPN11	RAC2	9606.ENSP00000489597	9606.ENSP00000249071	0	0.001	0	0	0.203	0.087	0	0.250	0.407
PTPN11	ZAP70	9606.ENSP00000489597	9606.ENSP00000264972	0	0	0	0	0.067	0.097	0.900	0.856	0.986
PTPN11	RASA2	9606.ENSP00000489597	9606.ENSP00000286364	0	0	0	0	0	0.166	0	0.555	0.613
PTPN11	SHC4	9606.ENSP00000489597	9606.ENSP00000329668	0	0	0	0	0.086	0.298	0	0.174	0.424
PTPN11	TBK1	9606.ENSP00000489597	9606.ENSP00000329967	0	0	0	0	0.102	0.097	0.400	0.810	0.895
PTPN11	SHOC2	9606.ENSP00000489597	9606.ENSP00000358464	0	0	0	0	0.058	0.113	0	0.744	0.768
PTPN11	SHC3	9606.ENSP00000489597	9606.ENSP00000364995	0	0	0	0.554	0.087	0.071	0	0.429	0.473
PTPN11	TEK	9606.ENSP00000489597	9606.ENSP00000369375	0	0	0	0	0.065	0.196	0.500	0.730	0.884
PTPN11	SOS1	9606.ENSP00000489597	9606.ENSP00000384675	0	0	0	0	0.060	0.994	0.900	0.997	0.999
PTPN11	RHOA	9606.ENSP00000489597	9606.ENSP00000400175	0	0	0	0	0.081	0.181	0	0.449	0.549
PTPN11	SHC1	9606.ENSP00000489597	9606.ENSP00000401303	0	0	0	0.555	0.094	0.201	0.800	0.982	0.997
PTPN11	RAF1	9606.ENSP00000489597	9606.ENSP00000401888	0	0	0	0	0.095	0.098	0	0.693	0.728
PTPN11	TGFA	9606.ENSP00000489597	9606.ENSP00000404131	0	0	0	0	0.044	0	0.400	0.256	0.536
PTPN11	SYNGAP1	9606.ENSP00000489597	9606.ENSP00000496007	0	0	0	0	0.085	0.058	0	0.408	0.445
RAB5A	RAP1B	9606.ENSP00000273047	9606.ENSP00000250559	0	0	0.082	0.814	0.109	0.496	0	0.160	0.609
RAB5A	TIAM1	9606.ENSP00000273047	9606.ENSP00000286827	0	0	0	0	0	0	0	0.406	0.406
RAB5A	RASGRF1	9606.ENSP00000273047	9606.ENSP00000405963	0	0	0	0	0.074	0.051	0	0.424	0.449
RAB5A	RAP1A	9606.ENSP00000273047	9606.ENSP00000358723	0	0	0.084	0.806	0.124	0.496	0	0.169	0.619
RAB5A	SOS1	9606.ENSP00000273047	9606.ENSP00000384675	0	0	0	0	0.081	0.051	0	0.632	0.651
RAB5A	RASA1	9606.ENSP00000273047	9606.ENSP00000274376	0	0	0	0	0.061	0.071	0	0.875	0.881
RAB5A	RIN1	9606.ENSP00000273047	9606.ENSP00000310406	0	0	0	0	0	0.505	0.900	0.787	0.988
RAB5A	RAB5C	9606.ENSP00000273047	9606.ENSP00000447053	0	0	0.050	0.981	0.100	0.832	0.900	0.410	0.989
RAB5A	RAB5B	9606.ENSP00000273047	9606.ENSP00000353444	0	0	0.050	0.980	0.062	0.994	0.900	0.058	0.999
RAB5B	RAP1B	9606.ENSP00000353444	9606.ENSP00000250559	0	0	0.081	0.818	0.281	0.480	0	0.087	0.645
RAB5B	RIN1	9606.ENSP00000353444	9606.ENSP00000310406	0	0	0	0	0	0.275	0.900	0.610	0.969
RAB5B	RAP1A	9606.ENSP00000353444	9606.ENSP00000358723	0	0	0.082	0.808	0.102	0.480	0	0.081	0.554
RAB5B	RAB5C	9606.ENSP00000353444	9606.ENSP00000447053	0	0	0.050	0.980	0.099	0.070	0.900	0.643	0.966
RAB5C	RAP1B	9606.ENSP00000447053	9606.ENSP00000250559	0	0	0.081	0.820	0.108	0.471	0	0.091	0.554
RAB5C	RIN1	9606.ENSP00000447053	9606.ENSP00000310406	0	0	0	0	0	0.098	0.900	0.374	0.938
RAB5C	RAP1A	9606.ENSP00000447053	9606.ENSP00000358723	0	0	0.082	0.807	0.091	0.471	0	0.074	0.538
RAC1	RALA	9606.ENSP00000348461	9606.ENSP00000005257	0	0	0	0.713	0.122	0.144	0.400	0.118	0.549
RAC1	SOS2	9606.ENSP00000348461	9606.ENSP00000216373	0	0	0	0	0.049	0.134	0.500	0.283	0.665
RAC1	RRAS	9606.ENSP00000348461	9606.ENSP00000246792	0	0	0	0.696	0.042	0.144	0.500	0.117	0.589
RAC1	RAC2	9606.ENSP00000348461	9606.ENSP00000249071	0	0	0.049	0.983	0.083	0.607	0.540	0.051	0.823
RAC1	RASGRF2	9606.ENSP00000348461	9606.ENSP00000265080	0	0	0	0	0	0.387	0.400	0.115	0.646
RAC1	RASA1	9606.ENSP00000348461	9606.ENSP00000274376	0	0	0	0	0.058	0.092	0	0.359	0.405
RAC1	TIAM1	9606.ENSP00000348461	9606.ENSP00000286827	0	0	0	0	0	0.786	0.500	0.707	0.966
RAC1	RAC3	9606.ENSP00000348461	9606.ENSP00000304283	0	0	0.049	0.983	0	0.828	0.540	0.046	0.918
RAC1	SHC1	9606.ENSP00000348461	9606.ENSP00000401303	0	0	0	0	0.103	0	0.500	0.218	0.618
RAC1	RALBP1	9606.ENSP00000348461	9606.ENSP00000372924	0	0	0	0	0.060	0.531	0.400	0.193	0.758
RAC1	RHOA	9606.ENSP00000348461	9606.ENSP00000400175	0	0	0.058	0.944	0.196	0.191	0.500	0.365	0.770
RAC1	SOS1	9606.ENSP00000348461	9606.ENSP00000384675	0	0	0	0	0.050	0.360	0.500	0.537	0.840
RAC2	RALA	9606.ENSP00000249071	9606.ENSP00000005257	0	0	0	0.732	0.172	0.144	0.900	0.164	0.932
RAC2	SOS1	9606.ENSP00000249071	9606.ENSP00000384675	0	0	0	0	0.043	0.134	0	0.354	0.418
RAC2	RASGRP1	9606.ENSP00000249071	9606.ENSP00000310244	0	0	0	0	0.064	0.134	0	0.356	0.432
RAC2	RAF1	9606.ENSP00000249071	9606.ENSP00000401888	0	0	0	0	0.077	0.110	0	0.371	0.439
RAC2	ZAP70	9606.ENSP00000249071	9606.ENSP00000264972	0	0	0	0	0.209	0.110	0	0.323	0.482
RAC2	RAP1A	9606.ENSP00000249071	9606.ENSP00000358723	0	0	0.083	0.760	0.102	0.144	0	0.465	0.572
RAC2	RASA1	9606.ENSP00000249071	9606.ENSP00000274376	0	0	0	0	0.074	0.092	0	0.568	0.606
RAC2	RAP1B	9606.ENSP00000249071	9606.ENSP00000250559	0	0	0.079	0.768	0.145	0.235	0	0.447	0.622
RAC2	RALBP1	9606.ENSP00000249071	9606.ENSP00000372924	0	0	0	0	0.044	0.100	0.900	0.185	0.920
RAC2	RELA	9606.ENSP00000249071	9606.ENSP00000384273	0	0	0	0	0.117	0.078	0.900	0.156	0.922
RAC2	RALB	9606.ENSP00000249071	9606.ENSP00000272519	0	0	0	0.746	0.122	0.144	0.900	0.119	0.924
RAC2	RALGDS	9606.ENSP00000249071	9606.ENSP00000361120	0	0	0	0	0.055	0.132	0.900	0.261	0.931
RAC2	RHOA	9606.ENSP00000249071	9606.ENSP00000400175	0	0	0.062	0.945	0.159	0.295	0.900	0.091	0.940
RAC2	TIAM1	9606.ENSP00000249071	9606.ENSP00000286827	0	0	0	0	0.042	0.148	0.900	0.520	0.955
RAC2	RAC3	9606.ENSP00000249071	9606.ENSP00000304283	0	0	0.049	0.983	0	0.766	0.900	0.054	0.976
RAC3	RALA	9606.ENSP00000304283	9606.ENSP00000005257	0	0	0	0.757	0	0.144	0.900	0.073	0.913
RAC3	RALB	9606.ENSP00000304283	9606.ENSP00000272519	0	0	0	0.765	0	0.144	0.900	0.088	0.915
RAC3	TIAM1	9606.ENSP00000304283	9606.ENSP00000286827	0	0	0	0	0	0.148	0.900	0.116	0.918
RAC3	RALBP1	9606.ENSP00000304283	9606.ENSP00000372924	0	0	0	0	0	0.100	0.900	0.080	0.909
RAC3	RELA	9606.ENSP00000304283	9606.ENSP00000384273	0	0	0	0	0.099	0.078	0.900	0.048	0.910
RAC3	RALGDS	9606.ENSP00000304283	9606.ENSP00000361120	0	0	0	0	0.058	0.132	0.900	0.062	0.913
RAC3	RHOA	9606.ENSP00000304283	9606.ENSP00000400175	0	0	0.062	0.946	0.102	0.191	0.900	0.059	0.924
RAF1	RALA	9606.ENSP00000401888	9606.ENSP00000005257	0	0	0	0	0.074	0.347	0	0.771	0.849
RAF1	SOS2	9606.ENSP00000401888	9606.ENSP00000216373	0	0	0	0	0.064	0.084	0	0.613	0.640
RAF1	RRAS	9606.ENSP00000401888	9606.ENSP00000246792	0	0	0	0	0.074	0.717	0.900	0.729	0.991
RAF1	RAP1B	9606.ENSP00000401888	9606.ENSP00000250559	0	0	0	0	0.081	0.284	0.900	0.351	0.951
RAF1	RRAS2	9606.ENSP00000401888	9606.ENSP00000256196	0	0	0	0	0.074	0.707	0.900	0.542	0.985
RAF1	RALB	9606.ENSP00000401888	9606.ENSP00000272519	0	0	0	0	0.074	0.347	0	0.382	0.594
RAF1	RASA1	9606.ENSP00000401888	9606.ENSP00000274376	0	0	0	0	0.049	0	0	0.464	0.469
RAF1	RASGRP1	9606.ENSP00000401888	9606.ENSP00000310244	0	0	0	0	0.055	0.084	0	0.384	0.420
RAF1	RIN1	9606.ENSP00000401888	9606.ENSP00000310406	0	0	0	0	0	0	0	0.716	0.716
RAF1	RASAL2	9606.ENSP00000401888	9606.ENSP00000356621	0	0	0	0	0	0	0	0.461	0.461
RAF1	SHOC2	9606.ENSP00000401888	9606.ENSP00000358464	0	0.002	0	0	0.074	0.648	0.900	0.545	0.983
RAF1	RAP1A	9606.ENSP00000401888	9606.ENSP00000358723	0	0	0	0	0.082	0.986	0.900	0.948	0.999
RAF1	RALGDS	9606.ENSP00000401888	9606.ENSP00000361120	0	0	0	0	0	0.292	0	0.675	0.760
RAF1	RELA	9606.ENSP00000401888	9606.ENSP00000384273	0	0	0	0	0.101	0.098	0.900	0.186	0.925
RAF1	SOS1	9606.ENSP00000401888	9606.ENSP00000384675	0	0	0	0	0.064	0.084	0	0.798	0.812
RAF1	RHOA	9606.ENSP00000401888	9606.ENSP00000400175	0	0	0	0	0.150	0.110	0.900	0.402	0.948
RAF1	SHC1	9606.ENSP00000401888	9606.ENSP00000401303	0	0	0	0	0.053	0.073	0	0.511	0.533
RAF1	RGL2	9606.ENSP00000401888	9606.ENSP00000420211	0	0	0	0	0.106	0	0	0.581	0.610
RALA	RAP1A	9606.ENSP00000005257	9606.ENSP00000358723	0	0	0.067	0.935	0.095	0.068	0	0.378	0.445
RALA	SOS2	9606.ENSP00000005257	9606.ENSP00000216373	0	0	0	0	0.052	0.157	0	0.366	0.449
RALA	RRAS2	9606.ENSP00000005257	9606.ENSP00000256196	0	0	0.068	0.915	0.049	0.060	0	0.449	0.479
RALA	TIAM1	9606.ENSP00000005257	9606.ENSP00000286827	0	0	0	0	0.048	0.128	0	0.448	0.502
RALA	SOS1	9606.ENSP00000005257	9606.ENSP00000384675	0	0	0	0	0.077	0.157	0	0.455	0.539
RALA	RALGAPA1	9606.ENSP00000005257	9606.ENSP00000490119	0	0	0	0	0.042	0.110	0	0.506	0.542
RALA	TBK1	9606.ENSP00000005257	9606.ENSP00000329967	0	0	0	0	0.088	0.110	0	0.578	0.628
RALA	RALGAPA2	9606.ENSP00000005257	9606.ENSP00000202677	0	0	0	0	0	0.110	0.750	0.400	0.854
RALA	RALGAPB	9606.ENSP00000005257	9606.ENSP00000262879	0	0	0	0	0.057	0	0.750	0.579	0.892
RALA	RHOA	9606.ENSP00000005257	9606.ENSP00000400175	0	0	0	0.752	0.071	0.212	0.900	0.165	0.930
RALA	RALB	9606.ENSP00000005257	9606.ENSP00000272519	0	0	0.051	0.979	0.064	0	0.900	0.391	0.938
RALA	RGL2	9606.ENSP00000005257	9606.ENSP00000420211	0	0	0	0	0.055	0.439	0.900	0.685	0.981
RALA	RASA1	9606.ENSP00000005257	9606.ENSP00000274376	0	0	0	0	0.093	0.099	0	0.987	0.988
RALA	RGL1	9606.ENSP00000005257	9606.ENSP00000303192	0	0	0	0	0.066	0.302	0.900	0.853	0.989
RALA	RALBP1	9606.ENSP00000005257	9606.ENSP00000372924	0	0	0	0	0.060	0.864	0.900	0.998	0.999
RALA	RALGDS	9606.ENSP00000005257	9606.ENSP00000361120	0	0	0	0	0.060	0.302	0.900	0.988	0.999
RALB	RRAS	9606.ENSP00000272519	9606.ENSP00000246792	0	0	0.074	0.914	0.067	0.060	0	0.398	0.446
RALB	RALGAPB	9606.ENSP00000272519	9606.ENSP00000262879	0	0	0	0	0.073	0	0	0.479	0.497
RALB	RALGAPA1	9606.ENSP00000272519	9606.ENSP00000490119	0	0	0	0	0.044	0.110	0	0.390	0.435
RALB	SOS1	9606.ENSP00000272519	9606.ENSP00000384675	0	0	0	0	0.058	0.157	0	0.348	0.437
RALB	REL	9606.ENSP00000272519	9606.ENSP00000295025	0	0	0	0	0.061	0.078	0	0.415	0.450
RALB	RASA1	9606.ENSP00000272519	9606.ENSP00000274376	0	0	0	0	0.086	0.099	0	0.413	0.475
RALB	TBK1	9606.ENSP00000272519	9606.ENSP00000329967	0	0	0	0	0.100	0.110	0	0.907	0.919
RALB	RHOA	9606.ENSP00000272519	9606.ENSP00000400175	0	0	0.084	0.767	0.096	0.095	0.900	0.107	0.920
RALB	RGL1	9606.ENSP00000272519	9606.ENSP00000303192	0	0	0	0	0.055	0.302	0.900	0.476	0.960
RALB	RGL2	9606.ENSP00000272519	9606.ENSP00000420211	0	0	0	0	0.058	0.302	0.900	0.631	0.972
RALB	RALGDS	9606.ENSP00000272519	9606.ENSP00000361120	0	0	0	0	0.055	0.302	0.900	0.952	0.996
RALB	RALBP1	9606.ENSP00000272519	9606.ENSP00000372924	0	0	0	0	0.049	0.979	0.900	0.969	0.999
RALBP1	RRAS	9606.ENSP00000372924	9606.ENSP00000246792	0	0	0	0	0	0.130	0.900	0.690	0.970
RALBP1	RRAS2	9606.ENSP00000372924	9606.ENSP00000256196	0	0	0	0	0	0.130	0.900	0.477	0.950
RALBP1	RASA1	9606.ENSP00000372924	9606.ENSP00000274376	0	0	0	0	0.049	0.091	0	0.741	0.756
RALBP1	RALGDS	9606.ENSP00000372924	9606.ENSP00000361120	0	0	0	0	0	0	0	0.784	0.784
RALGAPA1	RALGAPB	9606.ENSP00000490119	9606.ENSP00000262879	0	0	0	0.547	0.199	0.292	0	0.717	0.825
RALGAPA1	ZAP70	9606.ENSP00000490119	9606.ENSP00000264972	0	0	0	0	0	0	0.400	0.043	0.401
RALGAPA1	RGL2	9606.ENSP00000490119	9606.ENSP00000420211	0	0	0	0	0	0	0	0.448	0.448
RALGAPA2	RALGAPB	9606.ENSP00000202677	9606.ENSP00000262879	0	0	0	0.547	0.137	0.292	0.900	0.482	0.964
RALGAPB	RASA1	9606.ENSP00000262879	9606.ENSP00000274376	0	0	0	0	0.095	0	0	0.368	0.403
RALGAPB	SYNGAP1	9606.ENSP00000262879	9606.ENSP00000496007	0	0	0	0	0	0	0	0.409	0.409
RALGAPB	RALGDS	9606.ENSP00000262879	9606.ENSP00000361120	0	0	0	0	0.049	0	0	0.413	0.418
RALGAPB	RGL2	9606.ENSP00000262879	9606.ENSP00000420211	0	0	0	0	0.045	0	0	0.460	0.463
RALGDS	RRAS	9606.ENSP00000361120	9606.ENSP00000246792	0	0	0	0	0.055	0.435	0.900	0.985	0.999
RALGDS	RAP1B	9606.ENSP00000361120	9606.ENSP00000250559	0	0	0	0	0	0.697	0.900	0.614	0.987
RALGDS	RRAS2	9606.ENSP00000361120	9606.ENSP00000256196	0	0	0	0	0.055	0.538	0.900	0.404	0.970
RALGDS	RASA1	9606.ENSP00000361120	9606.ENSP00000274376	0	0	0	0	0	0	0	0.509	0.509
RALGDS	TIAM1	9606.ENSP00000361120	9606.ENSP00000286827	0	0	0	0	0.049	0	0	0.545	0.549
RALGDS	RIN1	9606.ENSP00000361120	9606.ENSP00000310406	0	0	0	0	0.042	0.230	0	0.826	0.860
RALGDS	SHOC2	9606.ENSP00000361120	9606.ENSP00000358464	0	0	0	0	0	0	0	0.417	0.417
RALGDS	RAP1A	9606.ENSP00000361120	9606.ENSP00000358723	0	0	0	0	0	0.757	0.900	0.978	0.999
RALGDS	RGL2	9606.ENSP00000361120	9606.ENSP00000420211	0	0	0	0.808	0.066	0	0	0.485	0.499
RALGDS	RASSF5	9606.ENSP00000361120	9606.ENSP00000462099	0	0	0	0	0.062	0	0	0.736	0.741
RALGDS	RHOA	9606.ENSP00000361120	9606.ENSP00000400175	0	0	0	0	0	0.132	0.900	0.592	0.961
RAP1A	RAP1B	9606.ENSP00000358723	9606.ENSP00000250559	0	0	0.048	0.984	0.140	0	0.900	0.056	0.912
RAP1A	RASA1	9606.ENSP00000358723	9606.ENSP00000274376	0	0	0	0	0.067	0.099	0	0.880	0.890
RAP1A	RASA2	9606.ENSP00000358723	9606.ENSP00000286364	0	0	0	0	0.049	0.084	0	0.597	0.618
RAP1A	TIAM1	9606.ENSP00000358723	9606.ENSP00000286827	0	0	0	0	0.043	0.128	0.900	0.332	0.936
RAP1A	RGL1	9606.ENSP00000358723	9606.ENSP00000303192	0	0	0	0	0	0.333	0	0.141	0.403
RAP1A	RASGRP1	9606.ENSP00000358723	9606.ENSP00000310244	0	0	0	0	0.047	0.474	0.900	0.436	0.967
RAP1A	RASA3	9606.ENSP00000358723	9606.ENSP00000335029	0	0	0	0	0.042	0.084	0	0.716	0.729
RAP1A	RASGRP2	9606.ENSP00000358723	9606.ENSP00000338864	0	0	0	0	0.044	0.797	0.900	0.712	0.993
RAP1A	RAPGEF5	9606.ENSP00000358723	9606.ENSP00000343656	0	0	0	0	0.042	0.538	0.900	0.730	0.986
RAP1A	RGL2	9606.ENSP00000358723	9606.ENSP00000420211	0	0	0	0	0	0.235	0	0.272	0.419
RAP1A	SHC1	9606.ENSP00000358723	9606.ENSP00000401303	0	0	0	0	0.074	0	0.500	0.162	0.578
RAP1A	RASGRF1	9606.ENSP00000358723	9606.ENSP00000405963	0	0	0	0	0.074	0.157	0	0.528	0.600
RAP1A	SYNGAP1	9606.ENSP00000358723	9606.ENSP00000496007	0	0	0	0	0	0.099	0	0.583	0.608
RAP1A	RASGRP4	9606.ENSP00000358723	9606.ENSP00000479844	0	0	0	0	0.042	0.552	0	0.225	0.639
RAP1A	SOS1	9606.ENSP00000358723	9606.ENSP00000384675	0	0	0	0	0.152	0.157	0.500	0.297	0.715
RAP1A	RHOA	9606.ENSP00000358723	9606.ENSP00000400175	0	0	0.083	0.770	0.140	0.095	0.900	0.151	0.928
RAP1A	RASGRP3	9606.ENSP00000358723	9606.ENSP00000385886	0	0	0	0	0.049	0.474	0.900	0.650	0.980
RAP1A	RASSF5	9606.ENSP00000358723	9606.ENSP00000462099	0	0	0	0	0.049	0.524	0.900	0.852	0.992
RAP1B	RGL1	9606.ENSP00000250559	9606.ENSP00000303192	0	0	0	0	0	0.333	0	0.216	0.455
RAP1B	RASA1	9606.ENSP00000250559	9606.ENSP00000274376	0	0	0	0	0.060	0.099	0	0.411	0.457
RAP1B	RIN1	9606.ENSP00000250559	9606.ENSP00000310406	0	0	0	0	0	0.095	0	0.435	0.467
RAP1B	RASA3	9606.ENSP00000250559	9606.ENSP00000335029	0	0	0	0	0.042	0.084	0	0.453	0.478
RAP1B	RASGRP4	9606.ENSP00000250559	9606.ENSP00000479844	0	0	0	0	0	0.293	0	0.304	0.487
RAP1B	SHC1	9606.ENSP00000250559	9606.ENSP00000401303	0	0	0	0	0.086	0	0.500	0.130	0.568
RAP1B	SOS1	9606.ENSP00000250559	9606.ENSP00000384675	0	0	0	0	0	0.157	0.500	0.217	0.641
RAP1B	RGL2	9606.ENSP00000250559	9606.ENSP00000420211	0	0	0	0	0	0.570	0	0.285	0.680
RAP1B	RAPGEF5	9606.ENSP00000250559	9606.ENSP00000343656	0	0	0	0	0.042	0.096	0.900	0.439	0.945
RAP1B	TIAM1	9606.ENSP00000250559	9606.ENSP00000286827	0	0	0	0	0	0.128	0.900	0.461	0.948
RAP1B	RASGRP3	9606.ENSP00000250559	9606.ENSP00000385886	0	0	0	0	0.048	0.474	0.900	0.272	0.958
RAP1B	RHOA	9606.ENSP00000250559	9606.ENSP00000400175	0	0	0.082	0.772	0.159	0.209	0.900	0.437	0.959
RAP1B	RASGRP1	9606.ENSP00000250559	9606.ENSP00000310244	0	0	0	0	0.074	0.474	0.900	0.522	0.973
RAP1B	RASSF5	9606.ENSP00000250559	9606.ENSP00000462099	0	0	0	0	0	0.259	0.900	0.666	0.973
RAP1B	RASGRP2	9606.ENSP00000250559	9606.ENSP00000338864	0	0	0	0	0	0.602	0.900	0.767	0.989
RAPGEF5	RRAS	9606.ENSP00000343656	9606.ENSP00000246792	0	0	0	0	0	0.096	0.900	0.192	0.920
RAPGEF5	RRAS2	9606.ENSP00000343656	9606.ENSP00000256196	0	0	0	0	0	0.096	0.900	0.145	0.916
RASA1	SOS2	9606.ENSP00000274376	9606.ENSP00000216373	0	0	0	0	0.337	0.092	0	0.522	0.687
RASA1	RRAS	9606.ENSP00000274376	9606.ENSP00000246792	0	0	0	0	0.044	0.099	0.900	0.786	0.979
RASA1	RRAS2	9606.ENSP00000274376	9606.ENSP00000256196	0	0	0	0	0.047	0.099	0.900	0.335	0.935
RASA1	RASA4	9606.ENSP00000274376	9606.ENSP00000262940	0	0	0	0.571	0	0.094	0.400	0.426	0.660
RASA1	ZAP70	9606.ENSP00000274376	9606.ENSP00000264972	0	0	0	0	0	0.292	0	0.241	0.439
RASA1	RASGRF2	9606.ENSP00000274376	9606.ENSP00000265080	0	0	0	0	0	0.092	0	0.562	0.586
RASA1	SHOC2	9606.ENSP00000274376	9606.ENSP00000358464	0	0	0	0	0.118	0.096	0	0.328	0.418
RASA1	RASGRP4	9606.ENSP00000274376	9606.ENSP00000479844	0	0	0	0	0	0.091	0	0.425	0.455
RASA1	TIAM1	9606.ENSP00000274376	9606.ENSP00000286827	0	0	0	0	0.042	0	0	0.476	0.477
RASA1	RASGRP2	9606.ENSP00000274376	9606.ENSP00000338864	0	0	0	0	0	0.091	0	0.481	0.508
RASA1	RASAL3	9606.ENSP00000274376	9606.ENSP00000341905	0	0	0	0.593	0	0	0.400	0.303	0.564
RASA1	SYNGAP1	9606.ENSP00000274376	9606.ENSP00000496007	0	0	0	0.572	0	0	0.400	0.405	0.628
RASA1	RASAL2	9606.ENSP00000274376	9606.ENSP00000356621	0	0	0	0.587	0	0	0.400	0.424	0.640
RASA1	RASAL1	9606.ENSP00000274376	9606.ENSP00000450244	0	0	0	0.592	0	0.094	0.400	0.391	0.640
RASA1	RASGRP1	9606.ENSP00000274376	9606.ENSP00000310244	0	0	0	0	0.044	0.091	0	0.662	0.681
RASA1	SHC1	9606.ENSP00000274376	9606.ENSP00000401303	0	0	0	0	0.060	0	0	0.686	0.693
RASA1	RASA3	9606.ENSP00000274376	9606.ENSP00000335029	0	0	0	0.582	0.049	0.094	0.400	0.511	0.713
RASA1	RASA2	9606.ENSP00000274376	9606.ENSP00000286364	0	0	0	0.573	0.060	0.094	0.400	0.545	0.736
RASA1	RHOA	9606.ENSP00000274376	9606.ENSP00000400175	0	0	0	0	0.074	0.092	0	0.796	0.813
RASA1	SOS1	9606.ENSP00000274376	9606.ENSP00000384675	0	0	0	0	0.436	0.092	0	0.890	0.939
RASA2	SOS2	9606.ENSP00000286364	9606.ENSP00000216373	0	0	0	0	0.086	0	0	0.603	0.622
RASA2	RRAS	9606.ENSP00000286364	9606.ENSP00000246792	0	0	0	0	0	0.084	0.900	0.596	0.959
RASA2	RRAS2	9606.ENSP00000286364	9606.ENSP00000256196	0	0	0	0	0.042	0.084	0.900	0.327	0.933
RASA2	RASA4	9606.ENSP00000286364	9606.ENSP00000262940	0	0	0	0.761	0.042	0	0.400	0.171	0.481
RASA2	RASAL1	9606.ENSP00000286364	9606.ENSP00000450244	0	0	0	0.740	0	0	0.400	0.179	0.486
RASA2	RASA3	9606.ENSP00000286364	9606.ENSP00000335029	0	0	0.057	0.965	0.066	0	0.400	0.271	0.563
RASA2	RASAL3	9606.ENSP00000286364	9606.ENSP00000341905	0	0	0	0.566	0.044	0.094	0.400	0.291	0.582
RASA2	SYNGAP1	9606.ENSP00000286364	9606.ENSP00000496007	0	0	0	0.568	0	0.094	0.400	0.360	0.621
RASA2	SOS1	9606.ENSP00000286364	9606.ENSP00000384675	0	0	0	0	0.079	0	0	0.626	0.641
RASA2	RASAL2	9606.ENSP00000286364	9606.ENSP00000356621	0	0	0	0.567	0.047	0.094	0.400	0.400	0.648
RASA2	SHOC2	9606.ENSP00000286364	9606.ENSP00000358464	0	0	0	0	0.076	0	0	0.636	0.649
RASA3	RRAS	9606.ENSP00000335029	9606.ENSP00000246792	0	0	0	0	0.072	0.084	0.650	0.570	0.855
RASA3	RRAS2	9606.ENSP00000335029	9606.ENSP00000256196	0	0	0	0	0.042	0.084	0.650	0.114	0.691
RASA3	RASA4	9606.ENSP00000335029	9606.ENSP00000262940	0	0	0	0.760	0.049	0	0.400	0.181	0.491
RASA3	RASGRP1	9606.ENSP00000335029	9606.ENSP00000310244	0	0	0	0	0.046	0	0	0.508	0.510
RASA3	RASAL1	9606.ENSP00000335029	9606.ENSP00000450244	0	0	0	0.784	0	0	0.400	0.163	0.476
RASA3	RASGRP2	9606.ENSP00000335029	9606.ENSP00000338864	0	0	0	0	0.071	0	0	0.571	0.584
RASA3	SYNGAP1	9606.ENSP00000335029	9606.ENSP00000496007	0	0	0	0.576	0.067	0.094	0.400	0.306	0.601
RASA3	RASAL3	9606.ENSP00000335029	9606.ENSP00000341905	0	0	0	0.579	0.067	0.094	0.400	0.331	0.615
RASA3	RASAL2	9606.ENSP00000335029	9606.ENSP00000356621	0	0	0	0.579	0	0.094	0.400	0.479	0.692
RASA4	RRAS	9606.ENSP00000262940	9606.ENSP00000246792	0	0	0	0	0.042	0.084	0.650	0.245	0.737
RASA4	RRAS2	9606.ENSP00000262940	9606.ENSP00000256196	0	0	0	0	0	0.084	0.650	0.118	0.692
RASA4	RASAL1	9606.ENSP00000262940	9606.ENSP00000450244	0	0	0.066	0.931	0	0	0.400	0.099	0.451
RASA4	RASGRP4	9606.ENSP00000262940	9606.ENSP00000479844	0	0	0	0	0.046	0	0	0.581	0.584
RASA4	SYNGAP1	9606.ENSP00000262940	9606.ENSP00000496007	0	0	0	0.573	0	0.094	0.400	0.302	0.587
RASA4	RASAL2	9606.ENSP00000262940	9606.ENSP00000356621	0	0	0	0.587	0	0.094	0.400	0.303	0.588
RASA4	RASAL3	9606.ENSP00000262940	9606.ENSP00000341905	0	0	0	0.560	0.062	0.094	0.400	0.325	0.609
RASA4	RASGRP1	9606.ENSP00000262940	9606.ENSP00000310244	0	0	0	0	0.051	0	0	0.825	0.827
RASA4B	RRAS	9606.ENSP00000440982	9606.ENSP00000246792	0	0	0	0	0	0.096	0.650	0.043	0.670
RASA4B	RRAS2	9606.ENSP00000440982	9606.ENSP00000256196	0	0	0	0	0	0.096	0.650	0.043	0.670
RASAL1	RRAS	9606.ENSP00000450244	9606.ENSP00000246792	0	0	0	0	0	0.084	0.650	0.278	0.748
RASAL1	RRAS2	9606.ENSP00000450244	9606.ENSP00000256196	0	0	0	0	0	0.084	0.650	0.154	0.705
RASAL1	RASGRP1	9606.ENSP00000450244	9606.ENSP00000310244	0	0	0	0	0.046	0	0	0.656	0.658
RASAL1	RASAL3	9606.ENSP00000450244	9606.ENSP00000341905	0	0	0	0.570	0	0.094	0.400	0.321	0.598
RASAL1	RASAL2	9606.ENSP00000450244	9606.ENSP00000356621	0	0	0	0.577	0	0.094	0.400	0.341	0.610
RASAL1	SYNGAP1	9606.ENSP00000450244	9606.ENSP00000496007	0	0	0	0.571	0	0.095	0.400	0.302	0.587
RASAL2	RRAS	9606.ENSP00000356621	9606.ENSP00000246792	0	0	0	0	0	0.099	0.650	0.191	0.722
RASAL2	RRAS2	9606.ENSP00000356621	9606.ENSP00000256196	0	0	0	0	0	0.099	0.650	0.174	0.716
RASAL2	RASAL3	9606.ENSP00000356621	9606.ENSP00000341905	0	0	0	0.789	0	0	0.400	0.164	0.477
RASAL2	SYNGAP1	9606.ENSP00000356621	9606.ENSP00000496007	0	0	0.058	0.914	0	0.443	0.400	0.072	0.669
RASAL3	RRAS	9606.ENSP00000341905	9606.ENSP00000246792	0	0	0	0	0	0.099	0.650	0.265	0.748
RASAL3	RRAS2	9606.ENSP00000341905	9606.ENSP00000256196	0	0	0	0	0	0.099	0.650	0.115	0.696
RASAL3	ZAP70	9606.ENSP00000341905	9606.ENSP00000264972	0	0	0	0	0.313	0	0	0.203	0.429
RASAL3	RASGRP2	9606.ENSP00000341905	9606.ENSP00000338864	0	0	0	0	0.324	0.091	0	0.164	0.441
RASAL3	SYNGAP1	9606.ENSP00000341905	9606.ENSP00000496007	0	0	0	0.766	0.049	0	0.400	0.125	0.457
RASGRF1	RRAS	9606.ENSP00000405963	9606.ENSP00000246792	0	0	0	0	0.055	0.157	0.900	0.315	0.938
RASGRF1	RRAS2	9606.ENSP00000405963	9606.ENSP00000256196	0	0	0	0	0.055	0.157	0.900	0.239	0.931
RASGRF1	RASGRF2	9606.ENSP00000405963	9606.ENSP00000265080	0	0	0.055	0.970	0.062	0	0.900	0.394	0.939
RASGRF1	RHOA	9606.ENSP00000405963	9606.ENSP00000400175	0	0	0	0	0.058	0.134	0.900	0.467	0.950
RASGRF1	SYNGAP1	9606.ENSP00000405963	9606.ENSP00000496007	0	0	0	0	0.062	0.092	0	0.423	0.466
RASGRF2	RRAS	9606.ENSP00000265080	9606.ENSP00000246792	0	0	0	0	0.055	0.157	0.900	0.249	0.932
RASGRF2	RRAS2	9606.ENSP00000265080	9606.ENSP00000256196	0	0	0	0	0.055	0.157	0.900	0.219	0.929
RASGRF2	RASGRP4	9606.ENSP00000265080	9606.ENSP00000479844	0	0	0	0.569	0	0	0.400	0.215	0.508
RASGRF2	SHC1	9606.ENSP00000265080	9606.ENSP00000401303	0	0	0	0	0.067	0.071	0	0.492	0.522
RASGRF2	RASGRP1	9606.ENSP00000265080	9606.ENSP00000310244	0	0	0	0.567	0.049	0	0.400	0.236	0.526
RASGRF2	SOS1	9606.ENSP00000265080	9606.ENSP00000384675	0	0	0	0.563	0.049	0.114	0.400	0.185	0.532
RASGRF2	RHOA	9606.ENSP00000265080	9606.ENSP00000400175	0	0	0	0	0.058	0.387	0.400	0.506	0.806
RASGRP1	SOS2	9606.ENSP00000310244	9606.ENSP00000216373	0	0	0	0.555	0.049	0	0.900	0.312	0.928
RASGRP1	RRAS	9606.ENSP00000310244	9606.ENSP00000246792	0	0	0	0	0	0.182	0.650	0.398	0.812
RASGRP1	RRAS2	9606.ENSP00000310244	9606.ENSP00000256196	0	0	0	0	0.054	0.182	0.650	0.476	0.839
RASGRP1	ZAP70	9606.ENSP00000310244	9606.ENSP00000264972	0	0	0	0	0.131	0.084	0	0.580	0.636
RASGRP1	TIAM1	9606.ENSP00000310244	9606.ENSP00000286827	0	0	0	0	0.063	0.078	0	0.418	0.453
RASGRP1	RASGRP4	9606.ENSP00000310244	9606.ENSP00000479844	0	0	0.078	0.920	0.044	0	0.400	0.121	0.473
RASGRP1	SHC1	9606.ENSP00000310244	9606.ENSP00000401303	0	0	0	0	0	0.067	0	0.482	0.496
RASGRP1	RASGRP3	9606.ENSP00000310244	9606.ENSP00000385886	0	0	0.061	0.941	0.056	0	0.800	0.094	0.817
RASGRP1	RASGRP2	9606.ENSP00000310244	9606.ENSP00000338864	0	0	0.067	0.920	0.067	0	0.900	0.137	0.914
RASGRP1	SOS1	9606.ENSP00000310244	9606.ENSP00000384675	0	0	0	0.557	0.049	0	0.900	0.322	0.929
RASGRP2	RRAS	9606.ENSP00000338864	9606.ENSP00000246792	0	0	0	0	0.042	0.182	0.650	0.334	0.793
RASGRP2	RRAS2	9606.ENSP00000338864	9606.ENSP00000256196	0	0	0	0	0	0.182	0.650	0.081	0.713
RASGRP2	TIAM1	9606.ENSP00000338864	9606.ENSP00000286827	0	0	0	0	0.044	0.078	0	0.418	0.442
RASGRP2	SOS1	9606.ENSP00000338864	9606.ENSP00000384675	0	0	0	0.557	0	0	0	0.433	0.433
RASGRP3	SOS2	9606.ENSP00000385886	9606.ENSP00000216373	0	0	0	0.559	0.061	0	0.900	0.193	0.917
RASGRP3	RRAS	9606.ENSP00000385886	9606.ENSP00000246792	0	0	0	0	0	0.182	0.650	0.396	0.812
RASGRP3	RRAS2	9606.ENSP00000385886	9606.ENSP00000256196	0	0	0	0	0.055	0.182	0.650	0.256	0.771
RASGRP3	SOS1	9606.ENSP00000385886	9606.ENSP00000384675	0	0	0	0.561	0.047	0	0.900	0.226	0.919
RASGRP4	RRAS	9606.ENSP00000479844	9606.ENSP00000246792	0	0	0	0	0	0.182	0.650	0.134	0.730
RASGRP4	RRAS2	9606.ENSP00000479844	9606.ENSP00000256196	0	0	0	0	0	0.182	0.650	0.186	0.746
RASSF1	RRAS	9606.ENSP00000349547	9606.ENSP00000246792	0	0	0	0	0.067	0.070	0.900	0.163	0.917
RASSF1	RRAS2	9606.ENSP00000349547	9606.ENSP00000256196	0	0	0	0	0.048	0.070	0.900	0.112	0.910
RASSF1	TIAM1	9606.ENSP00000349547	9606.ENSP00000286827	0	0	0	0	0	0	0.900	0.205	0.917
RASSF1	RHOA	9606.ENSP00000349547	9606.ENSP00000400175	0	0	0	0	0.058	0.313	0	0.493	0.643
RASSF1	RASSF5	9606.ENSP00000349547	9606.ENSP00000462099	0	0	0.059	0.902	0.062	0.749	0.900	0.870	0.996
RASSF1	STK4	9606.ENSP00000349547	9606.ENSP00000361892	0	0	0	0	0	0.940	0.900	0.755	0.998
RASSF5	RRAS	9606.ENSP00000462099	9606.ENSP00000246792	0	0	0	0	0	0.313	0.900	0.621	0.971
RASSF5	RRAS2	9606.ENSP00000462099	9606.ENSP00000256196	0	0	0	0	0	0.070	0.900	0.231	0.922
RASSF5	RIN1	9606.ENSP00000462099	9606.ENSP00000310406	0	0	0	0	0	0	0	0.490	0.490
RASSF5	STK4	9606.ENSP00000462099	9606.ENSP00000361892	0	0	0	0	0.072	0.989	0.900	0.679	0.999
RASSF5	RGL2	9606.ENSP00000462099	9606.ENSP00000420211	0	0	0	0	0	0	0	0.585	0.585
REL	TBK1	9606.ENSP00000295025	9606.ENSP00000329967	0	0	0	0	0.066	0.334	0.900	0.399	0.957
REL	RELA	9606.ENSP00000295025	9606.ENSP00000384273	0	0	0.078	0.884	0.075	0.910	0.540	0.984	0.999
RELA	TBK1	9606.ENSP00000384273	9606.ENSP00000329967	0	0	0	0	0.148	0.647	0.900	0.618	0.986
RGL1	RRAS	9606.ENSP00000303192	9606.ENSP00000246792	0	0	0	0	0.057	0.235	0.900	0.155	0.931
RGL1	RRAS2	9606.ENSP00000303192	9606.ENSP00000256196	0	0	0	0	0.055	0.341	0.900	0.121	0.937
RGL1	RGL2	9606.ENSP00000303192	9606.ENSP00000420211	0	0	0	0.800	0	0	0	0.477	0.477
RGL2	RRAS	9606.ENSP00000420211	9606.ENSP00000246792	0	0	0	0	0.080	0.235	0.900	0.303	0.944
RGL2	RRAS2	9606.ENSP00000420211	9606.ENSP00000256196	0	0	0	0	0.055	0.235	0.900	0.279	0.940
RGL2	RIN1	9606.ENSP00000420211	9606.ENSP00000310406	0	0	0	0	0.042	0	0	0.519	0.520
RHOA	SOS2	9606.ENSP00000400175	9606.ENSP00000216373	0	0	0	0	0.065	0.134	0.400	0.468	0.707
RHOA	RRAS	9606.ENSP00000400175	9606.ENSP00000246792	0	0	0.098	0.725	0.067	0.095	0.900	0.191	0.927
RHOA	TIAM1	9606.ENSP00000400175	9606.ENSP00000286827	0	0	0	0	0	0.469	0.400	0.730	0.906
RHOA	TEK	9606.ENSP00000400175	9606.ENSP00000369375	0	0	0	0	0	0.071	0	0.420	0.439
RHOA	SOS1	9606.ENSP00000400175	9606.ENSP00000384675	0	0	0	0	0.058	0.134	0.400	0.452	0.696
RHOA	SHC1	9606.ENSP00000400175	9606.ENSP00000401303	0	0	0	0	0.083	0	0	0.419	0.444
RIN1	RRAS	9606.ENSP00000310406	9606.ENSP00000246792	0	0	0	0	0.083	0.328	0.900	0.208	0.944
RIN1	RRAS2	9606.ENSP00000310406	9606.ENSP00000256196	0	0	0	0	0	0.793	0.900	0.183	0.981
RIN1	TIAM1	9606.ENSP00000310406	9606.ENSP00000286827	0	0	0	0	0	0	0	0.486	0.486
RRAS	SOS2	9606.ENSP00000246792	9606.ENSP00000216373	0	0	0	0	0.056	0.157	0.900	0.512	0.955
RRAS	SYNGAP1	9606.ENSP00000246792	9606.ENSP00000496007	0	0	0	0	0.056	0.099	0.650	0.406	0.799
RRAS	RRAS2	9606.ENSP00000246792	9606.ENSP00000256196	0	0	0.058	0.964	0.042	0	0.900	0.072	0.905
RRAS	TIAM1	9606.ENSP00000246792	9606.ENSP00000286827	0	0	0	0	0	0.128	0.900	0.274	0.931
RRAS	SOS1	9606.ENSP00000246792	9606.ENSP00000384675	0	0	0	0	0.056	0.157	0.900	0.547	0.959
RRAS	SHOC2	9606.ENSP00000246792	9606.ENSP00000358464	0	0	0	0	0.042	0.171	0.900	0.604	0.964
RRAS2	SOS2	9606.ENSP00000256196	9606.ENSP00000216373	0	0	0	0	0.056	0.157	0.900	0.335	0.940
RRAS2	SYNGAP1	9606.ENSP00000256196	9606.ENSP00000496007	0	0	0	0	0	0.099	0.650	0.263	0.747
RRAS2	TIAM1	9606.ENSP00000256196	9606.ENSP00000286827	0	0	0	0	0	0.128	0.900	0.131	0.917
RRAS2	SOS1	9606.ENSP00000256196	9606.ENSP00000384675	0	0	0	0	0.056	0.157	0.900	0.429	0.948
RRAS2	SHOC2	9606.ENSP00000256196	9606.ENSP00000358464	0	0	0	0	0.056	0.171	0.900	0.428	0.949
SHC1	SOS2	9606.ENSP00000401303	9606.ENSP00000216373	0	0	0	0	0.055	0.430	0.900	0.995	0.999
SHC1	SHC2	9606.ENSP00000401303	9606.ENSP00000264554	0	0	0.054	0.919	0	0.234	0.400	0.118	0.565
SHC1	ZAP70	9606.ENSP00000401303	9606.ENSP00000264972	0	0	0	0	0.053	0.637	0.900	0.944	0.997
SHC1	SHC3	9606.ENSP00000401303	9606.ENSP00000364995	0	0	0.058	0.918	0	0	0.400	0.324	0.584
SHC1	TEK	9606.ENSP00000401303	9606.ENSP00000369375	0	0	0	0	0.055	0.339	0.650	0.270	0.819
SHC1	SOS1	9606.ENSP00000401303	9606.ENSP00000384675	0	0	0	0	0.062	0.895	0.900	0.996	0.999
SHC1	TGFA	9606.ENSP00000401303	9606.ENSP00000404131	0	0	0	0	0	0	0.400	0.418	0.635
SHC2	SOS2	9606.ENSP00000264554	9606.ENSP00000216373	0	0	0	0	0	0.067	0.900	0.228	0.921
SHC2	SHC3	9606.ENSP00000264554	9606.ENSP00000364995	0	0	0.060	0.906	0.102	0	0.400	0.140	0.506
SHC2	TEK	9606.ENSP00000264554	9606.ENSP00000369375	0	0	0	0	0.094	0.105	0.650	0.071	0.701
SHC2	ZAP70	9606.ENSP00000264554	9606.ENSP00000264972	0	0	0	0	0.043	0.073	0.900	0.147	0.914
SHC2	SOS1	9606.ENSP00000264554	9606.ENSP00000384675	0	0	0	0	0	0.067	0.900	0.242	0.923
SHC3	SOS2	9606.ENSP00000364995	9606.ENSP00000216373	0	0	0	0	0.055	0.091	0.900	0.299	0.931
SHC3	ZAP70	9606.ENSP00000364995	9606.ENSP00000264972	0	0	0	0	0.053	0.315	0.900	0.168	0.938
SHC3	SHC4	9606.ENSP00000364995	9606.ENSP00000329668	0	0	0.061	0.900	0.047	0.479	0	0.103	0.526
SHC3	TEK	9606.ENSP00000364995	9606.ENSP00000369375	0	0	0	0	0.087	0.105	0.650	0.071	0.698
SHC3	SOS1	9606.ENSP00000364995	9606.ENSP00000384675	0	0	0	0	0.055	0.092	0.900	0.586	0.959
SHC4	SOS2	9606.ENSP00000329668	9606.ENSP00000216373	0	0	0	0	0	0.067	0.900	0.166	0.915
SHC4	ZAP70	9606.ENSP00000329668	9606.ENSP00000264972	0	0	0	0	0	0.073	0.900	0.130	0.912
SHC4	TEK	9606.ENSP00000329668	9606.ENSP00000369375	0	0	0	0	0.055	0.339	0.650	0.119	0.781
SHC4	SOS1	9606.ENSP00000329668	9606.ENSP00000384675	0	0	0	0	0	0.067	0.900	0.227	0.921
SHOC2	SOS2	9606.ENSP00000358464	9606.ENSP00000216373	0	0	0	0	0.125	0.052	0	0.618	0.656
SHOC2	SYNGAP1	9606.ENSP00000358464	9606.ENSP00000496007	0	0	0	0	0	0.098	0	0.375	0.413
SHOC2	SOS1	9606.ENSP00000358464	9606.ENSP00000384675	0	0	0	0	0.080	0.052	0	0.857	0.865
SOS1	SOS2	9606.ENSP00000384675	9606.ENSP00000216373	0	0	0.054	0.972	0.447	0	0.900	0.439	0.966
SOS1	ZAP70	9606.ENSP00000384675	9606.ENSP00000264972	0	0	0	0	0	0.084	0	0.425	0.450
SOS1	TIAM1	9606.ENSP00000384675	9606.ENSP00000286827	0	0	0	0	0.052	0.078	0	0.474	0.501
SOS1	TEK	9606.ENSP00000384675	9606.ENSP00000369375	0	0	0	0	0	0.071	0.400	0.146	0.482
SOS1	TGFA	9606.ENSP00000384675	9606.ENSP00000404131	0	0	0	0	0.066	0	0.400	0.269	0.554
SOS1	SYNGAP1	9606.ENSP00000384675	9606.ENSP00000496007	0	0	0	0	0	0.092	0	0.688	0.705
TEK	VEGFD	9606.ENSP00000369375	9606.ENSP00000297904	0	0	0	0	0.061	0.042	0.650	0.623	0.865
TEK	VEGFB	9606.ENSP00000369375	9606.ENSP00000311127	0	0	0	0	0	0.180	0.650	0.604	0.876
TEK	TGFA	9606.ENSP00000369375	9606.ENSP00000404131	0	0	0	0	0	0	0.650	0.348	0.762
TEK	VEGFC	9606.ENSP00000369375	9606.ENSP00000480043	0	0	0	0	0.082	0.042	0.650	0.873	0.955
TGFA	VEGFB	9606.ENSP00000404131	9606.ENSP00000311127	0	0	0	0	0.052	0	0	0.419	0.425
TGFA	VEGFC	9606.ENSP00000404131	9606.ENSP00000480043	0	0	0	0	0	0	0	0.400	0.400
VEGFB	VEGFD	9606.ENSP00000311127	9606.ENSP00000297904	0	0	0	0.647	0	0.051	0.900	0.883	0.987
VEGFB	VEGFC	9606.ENSP00000311127	9606.ENSP00000480043	0	0	0	0.651	0	0.051	0.900	0.719	0.971
VEGFC	VEGFD	9606.ENSP00000480043	9606.ENSP00000297904	0	0	0	0.868	0	0	0.900	0.728	0.971
