#node1	node2	node1_string_id	node2_string_id	homology	experimentally_determined_interaction	database_annotated	automated_textmining	combined_score
ATP12A	ATP4A	9606.ENSP00000218548	9606.ENSP00000262623	0	0	0.900	0	0.900
ATP12A	ATP4B	9606.ENSP00000218548	9606.ENSP00000334216	0	0.448	0.900	0	0.942
ATP4A	ATP4B	9606.ENSP00000262623	9606.ENSP00000334216	0	0.738	0.900	0	0.972
ATP5F1A	ATP5F1D	9606.ENSP00000381736	9606.ENSP00000215375	0	0.906	0.980	0	0.998
ATP5F1A	ATP6V1D	9606.ENSP00000381736	9606.ENSP00000216442	0	0	0.900	0	0.900
ATP5F1A	ATP6V1B1	9606.ENSP00000381736	9606.ENSP00000234396	0	0	0.900	0	0.900
ATP5F1A	ATP5F1E	9606.ENSP00000381736	9606.ENSP00000243997	0	0.775	0.967	0	0.992
ATP5F1A	ATP6V1E1	9606.ENSP00000381736	9606.ENSP00000253413	0	0	0.744	0	0.744
ATP5F1A	ATP5F1B	9606.ENSP00000381736	9606.ENSP00000262030	0	0.908	0.967	0	0.996
ATP5F1A	ATP6V1A	9606.ENSP00000381736	9606.ENSP00000273398	0	0.205	0.900	0	0.917
ATP5F1A	ATP6V1B2	9606.ENSP00000381736	9606.ENSP00000276390	0	0.307	0.900	0	0.927
ATP5F1A	ATP5MC3	9606.ENSP00000381736	9606.ENSP00000284727	0	0.720	0.764	0	0.931
ATP5F1A	ATP5PO	9606.ENSP00000381736	9606.ENSP00000290299	0	0.791	0.978	0	0.995
ATP5F1A	ATP5MF	9606.ENSP00000381736	9606.ENSP00000292475	0	0.764	0.900	0	0.975
ATP5F1A	ATP5MG	9606.ENSP00000381736	9606.ENSP00000300688	0	0.755	0.944	0	0.985
ATP5F1A	ATP5PD	9606.ENSP00000381736	9606.ENSP00000301587	0	0.894	0.967	0	0.996
ATP5F1A	ATP5ME	9606.ENSP00000381736	9606.ENSP00000306003	0	0.907	0.967	0	0.996
ATP5F1A	ATP6V0C	9606.ENSP00000381736	9606.ENSP00000329757	0	0.624	0.510	0	0.808
ATP5F1A	ATP5F1C	9606.ENSP00000381736	9606.ENSP00000349142	0	0.897	0.980	0	0.997
ATP5F1A	MT-ATP6	9606.ENSP00000381736	9606.ENSP00000354632	0	0.786	0.980	0	0.995
ATP5F1A	MT-ATP8	9606.ENSP00000381736	9606.ENSP00000355265	0	0.377	0.967	0	0.979
ATP5F1A	ATP5PB	9606.ENSP00000381736	9606.ENSP00000358737	0	0.890	0.967	0	0.996
ATP5F1A	ATP5MC1	9606.ENSP00000381736	9606.ENSP00000377033	0	0.518	0.856	0	0.928
ATP5F1A	ATP6V1F	9606.ENSP00000381736	9606.ENSP00000417378	0	0	0.851	0	0.851
ATP5F1A	ATP5MGL	9606.ENSP00000381736	9606.ENSP00000421076	0	0.500	0.744	0	0.866
ATP5F1A	ATP5MC2	9606.ENSP00000381736	9606.ENSP00000499883	0	0.719	0.764	0	0.931
ATP5F1A	ATP5PF	9606.ENSP00000381736	9606.ENSP00000389649	0	0.887	0.900	0	0.988
ATP5F1B	ATP5F1D	9606.ENSP00000262030	9606.ENSP00000215375	0	0.899	0.967	0	0.996
ATP5F1B	ATP6V1D	9606.ENSP00000262030	9606.ENSP00000216442	0	0	0.791	0	0.791
ATP5F1B	ATP6V1B1	9606.ENSP00000262030	9606.ENSP00000234396	0	0	0.925	0	0.925
ATP5F1B	ATP5F1E	9606.ENSP00000262030	9606.ENSP00000243997	0	0.560	0.967	0	0.985
ATP5F1B	ATP6V1E1	9606.ENSP00000262030	9606.ENSP00000253413	0	0	0.925	0	0.925
ATP5F1B	ATP6V1H	9606.ENSP00000262030	9606.ENSP00000352522	0	0	0.720	0	0.720
ATP5F1B	ATP6V1C1	9606.ENSP00000262030	9606.ENSP00000430282	0	0	0.720	0	0.720
ATP5F1B	ATP6V1G2	9606.ENSP00000262030	9606.ENSP00000302194	0	0	0.720	0	0.720
ATP5F1B	ATP6V1F	9606.ENSP00000262030	9606.ENSP00000417378	0	0	0.820	0	0.820
ATP5F1B	ATP5MGL	9606.ENSP00000262030	9606.ENSP00000421076	0	0.470	0.744	0	0.858
ATP5F1B	ATP5MC2	9606.ENSP00000262030	9606.ENSP00000499883	0	0.720	0.563	0	0.872
ATP5F1B	ATP6V1G1	9606.ENSP00000262030	9606.ENSP00000363162	0	0	0.900	0	0.900
ATP5F1B	ATP5MC1	9606.ENSP00000262030	9606.ENSP00000377033	0	0.606	0.734	0	0.890
ATP5F1B	ATP6V1A	9606.ENSP00000262030	9606.ENSP00000273398	0	0.162	0.925	0	0.934
ATP5F1B	ATP5MC3	9606.ENSP00000262030	9606.ENSP00000284727	0	0.752	0.563	0	0.887
ATP5F1B	ATP6V1B2	9606.ENSP00000262030	9606.ENSP00000276390	0	0.366	0.925	0	0.950
ATP5F1B	ATP5MF	9606.ENSP00000262030	9606.ENSP00000292475	0	0.778	0.900	0	0.976
ATP5F1B	MT-ATP8	9606.ENSP00000262030	9606.ENSP00000355265	0	0.592	0.967	0	0.986
ATP5F1B	ATP5MG	9606.ENSP00000262030	9606.ENSP00000300688	0	0.807	0.944	0	0.988
ATP5F1B	MT-ATP6	9606.ENSP00000262030	9606.ENSP00000354632	0	0.721	0.967	0	0.990
ATP5F1B	ATP5PF	9606.ENSP00000262030	9606.ENSP00000389649	0	0.889	0.900	0	0.988
ATP5F1B	ATP5ME	9606.ENSP00000262030	9606.ENSP00000306003	0	0.825	0.967	0	0.994
ATP5F1B	ATP5PO	9606.ENSP00000262030	9606.ENSP00000290299	0	0.803	0.944	0	0.988
ATP5F1B	ATP5PD	9606.ENSP00000262030	9606.ENSP00000301587	0	0.896	0.967	0	0.996
ATP5F1B	ATP5PB	9606.ENSP00000262030	9606.ENSP00000358737	0	0.927	0.967	0	0.997
ATP5F1B	ATP5F1C	9606.ENSP00000262030	9606.ENSP00000349142	0	0.890	0.967	0	0.996
ATP5F1C	ATP5F1D	9606.ENSP00000349142	9606.ENSP00000215375	0	0.896	0.980	0	0.997
ATP5F1C	ATP6V1D	9606.ENSP00000349142	9606.ENSP00000216442	0	0	0.900	0	0.900
ATP5F1C	ATP6V1B1	9606.ENSP00000349142	9606.ENSP00000234396	0	0.224	0.900	0	0.919
ATP5F1C	ATP5F1E	9606.ENSP00000349142	9606.ENSP00000243997	0	0.759	0.967	0	0.991
ATP5F1C	ATP6V1E1	9606.ENSP00000349142	9606.ENSP00000253413	0	0	0.744	0	0.744
ATP5F1C	ATP6V1A	9606.ENSP00000349142	9606.ENSP00000273398	0	0.404	0.900	0	0.937
ATP5F1C	ATP6V1B2	9606.ENSP00000349142	9606.ENSP00000276390	0	0.179	0.900	0	0.914
ATP5F1C	ATP5MC3	9606.ENSP00000349142	9606.ENSP00000284727	0	0.747	0.764	0	0.937
ATP5F1C	ATP5PO	9606.ENSP00000349142	9606.ENSP00000290299	0	0.797	0.978	0	0.995
ATP5F1C	ATP5MF	9606.ENSP00000349142	9606.ENSP00000292475	0	0.382	0.900	0	0.935
ATP5F1C	ATP5MG	9606.ENSP00000349142	9606.ENSP00000300688	0	0.697	0.944	0	0.982
ATP5F1C	ATP5PD	9606.ENSP00000349142	9606.ENSP00000301587	0	0.889	0.967	0	0.996
ATP5F1C	ATP5ME	9606.ENSP00000349142	9606.ENSP00000306003	0	0.672	0.967	0	0.988
ATP5F1C	ATP6V0C	9606.ENSP00000349142	9606.ENSP00000329757	0	0.593	0.510	0	0.792
ATP5F1C	ATP5MGL	9606.ENSP00000349142	9606.ENSP00000421076	0	0.250	0.744	0	0.800
ATP5F1C	ATP6V1F	9606.ENSP00000349142	9606.ENSP00000417378	0	0	0.851	0	0.851
ATP5F1C	ATP5MC2	9606.ENSP00000349142	9606.ENSP00000499883	0	0.747	0.764	0	0.937
ATP5F1C	ATP5MC1	9606.ENSP00000349142	9606.ENSP00000377033	0	0.771	0.856	0	0.965
ATP5F1C	MT-ATP8	9606.ENSP00000349142	9606.ENSP00000355265	0	0.551	0.967	0	0.984
ATP5F1C	ATP5PF	9606.ENSP00000349142	9606.ENSP00000389649	0	0.776	0.900	0	0.976
ATP5F1C	ATP5PB	9606.ENSP00000349142	9606.ENSP00000358737	0	0.890	0.967	0	0.996
ATP5F1C	MT-ATP6	9606.ENSP00000349142	9606.ENSP00000354632	0	0.883	0.980	0	0.997
ATP5F1D	ATP6V1E1	9606.ENSP00000215375	9606.ENSP00000253413	0	0	0.744	0	0.744
ATP5F1D	ATP6V0C	9606.ENSP00000215375	9606.ENSP00000329757	0	0.533	0.510	0	0.761
ATP5F1D	ATP6V1F	9606.ENSP00000215375	9606.ENSP00000417378	0	0	0.851	0	0.851
ATP5F1D	ATP5MGL	9606.ENSP00000215375	9606.ENSP00000421076	0	0.485	0.744	0	0.862
ATP5F1D	ATP6V1B1	9606.ENSP00000215375	9606.ENSP00000234396	0	0	0.900	0	0.900
ATP5F1D	ATP6V1A	9606.ENSP00000215375	9606.ENSP00000273398	0	0	0.900	0	0.900
ATP5F1D	ATP6V1B2	9606.ENSP00000215375	9606.ENSP00000276390	0	0	0.900	0	0.900
ATP5F1D	ATP6V1D	9606.ENSP00000215375	9606.ENSP00000216442	0	0	0.900	0	0.900
ATP5F1D	ATP5MC2	9606.ENSP00000215375	9606.ENSP00000499883	0	0.747	0.764	0	0.937
ATP5F1D	ATP5MC1	9606.ENSP00000215375	9606.ENSP00000377033	0	0.741	0.856	0	0.961
ATP5F1D	ATP5MC3	9606.ENSP00000215375	9606.ENSP00000284727	0	0.856	0.764	0	0.964
ATP5F1D	ATP5MF	9606.ENSP00000215375	9606.ENSP00000292475	0	0.846	0.900	0	0.983
ATP5F1D	ATP5MG	9606.ENSP00000215375	9606.ENSP00000300688	0	0.791	0.944	0	0.987
ATP5F1D	ATP5PF	9606.ENSP00000215375	9606.ENSP00000389649	0	0.879	0.900	0	0.987
ATP5F1D	MT-ATP8	9606.ENSP00000215375	9606.ENSP00000355265	0	0.714	0.967	0	0.990
ATP5F1D	ATP5ME	9606.ENSP00000215375	9606.ENSP00000306003	0	0.909	0.967	0	0.996
ATP5F1D	MT-ATP6	9606.ENSP00000215375	9606.ENSP00000354632	0	0.749	0.980	0	0.994
ATP5F1D	ATP5PB	9606.ENSP00000215375	9606.ENSP00000358737	0	0.890	0.967	0	0.996
ATP5F1D	ATP5F1E	9606.ENSP00000215375	9606.ENSP00000243997	0	0.898	0.967	0	0.996
ATP5F1D	ATP5PD	9606.ENSP00000215375	9606.ENSP00000301587	0	0.899	0.967	0	0.996
ATP5F1D	ATP5PO	9606.ENSP00000215375	9606.ENSP00000290299	0	0.817	0.978	0	0.995
ATP5F1E	ATP5MGL	9606.ENSP00000243997	9606.ENSP00000421076	0	0.489	0.744	0	0.863
ATP5F1E	ATP5MC2	9606.ENSP00000243997	9606.ENSP00000499883	0	0.746	0.540	0	0.878
ATP5F1E	ATP5MC3	9606.ENSP00000243997	9606.ENSP00000284727	0	0.747	0.540	0	0.878
ATP5F1E	ATP5MC1	9606.ENSP00000243997	9606.ENSP00000377033	0	0.749	0.720	0	0.926
ATP5F1E	ATP5MG	9606.ENSP00000243997	9606.ENSP00000300688	0	0.489	0.944	0	0.970
ATP5F1E	ATP5MF	9606.ENSP00000243997	9606.ENSP00000292475	0	0.724	0.900	0	0.971
ATP5F1E	ATP5PO	9606.ENSP00000243997	9606.ENSP00000290299	0	0.505	0.944	0	0.971
ATP5F1E	MT-ATP8	9606.ENSP00000243997	9606.ENSP00000355265	0	0.378	0.967	0	0.979
ATP5F1E	ATP5PF	9606.ENSP00000243997	9606.ENSP00000389649	0	0.921	0.900	0	0.991
ATP5F1E	MT-ATP6	9606.ENSP00000243997	9606.ENSP00000354632	0	0.749	0.967	0	0.991
ATP5F1E	ATP5PD	9606.ENSP00000243997	9606.ENSP00000301587	0	0.749	0.967	0	0.991
ATP5F1E	ATP5PB	9606.ENSP00000243997	9606.ENSP00000358737	0	0.749	0.967	0	0.991
ATP5F1E	ATP5ME	9606.ENSP00000243997	9606.ENSP00000306003	0	0.916	0.967	0	0.997
ATP5MC1	ATP6V0A1	9606.ENSP00000377033	9606.ENSP00000264649	0	0.256	0.657	0	0.733
ATP5MC1	ATP5MC3	9606.ENSP00000377033	9606.ENSP00000284727	0	0.749	0.900	0	0.973
ATP5MC1	ATP6V0D2	9606.ENSP00000377033	9606.ENSP00000285393	0	0.339	0.589	0	0.717
ATP5MC1	ATP5PO	9606.ENSP00000377033	9606.ENSP00000290299	0	0.496	0.820	0	0.905
ATP5MC1	ATP6V0D1	9606.ENSP00000377033	9606.ENSP00000290949	0	0.339	0.705	0	0.796
ATP5MC1	ATP5MF	9606.ENSP00000377033	9606.ENSP00000292475	0	0.749	0.800	0	0.947
ATP5MC1	ATP5MG	9606.ENSP00000377033	9606.ENSP00000300688	0	0.480	0.800	0	0.891
ATP5MC1	ATP5PD	9606.ENSP00000377033	9606.ENSP00000301587	0	0.749	0.800	0	0.947
ATP5MC1	ATP5ME	9606.ENSP00000377033	9606.ENSP00000306003	0	0.749	0.800	0	0.947
ATP5MC1	MT-ATP6	9606.ENSP00000377033	9606.ENSP00000354632	0	0.749	0.897	0	0.973
ATP5MC1	MT-ATP8	9606.ENSP00000377033	9606.ENSP00000355265	0	0.749	0.800	0	0.947
ATP5MC1	ATP5PB	9606.ENSP00000377033	9606.ENSP00000358737	0	0.749	0.800	0	0.947
ATP5MC1	ATP5MGL	9606.ENSP00000377033	9606.ENSP00000421076	0	0.480	0.540	0	0.750
ATP5MC1	ATP5PF	9606.ENSP00000377033	9606.ENSP00000389649	0	0.774	0.800	0	0.953
ATP5MC1	ATP5MC2	9606.ENSP00000377033	9606.ENSP00000499883	0	0.749	0.900	0	0.973
ATP5MC2	ATP6V0A1	9606.ENSP00000499883	9606.ENSP00000264649	0	0.256	0.657	0	0.733
ATP5MC2	ATP5MC3	9606.ENSP00000499883	9606.ENSP00000284727	0	0.749	0.900	0	0.973
ATP5MC2	ATP6V0D2	9606.ENSP00000499883	9606.ENSP00000285393	0	0.339	0.589	0	0.717
ATP5MC2	ATP5PO	9606.ENSP00000499883	9606.ENSP00000290299	0	0.451	0.705	0	0.831
ATP5MC2	ATP6V0D1	9606.ENSP00000499883	9606.ENSP00000290949	0	0.339	0.705	0	0.796
ATP5MC2	ATP5MF	9606.ENSP00000499883	9606.ENSP00000292475	0	0.482	0.800	0	0.891
ATP5MC2	ATP5MG	9606.ENSP00000499883	9606.ENSP00000300688	0	0.374	0.800	0	0.869
ATP5MC2	ATP5PD	9606.ENSP00000499883	9606.ENSP00000301587	0	0.733	0.800	0	0.944
ATP5MC2	ATP5ME	9606.ENSP00000499883	9606.ENSP00000306003	0	0.477	0.800	0	0.890
ATP5MC2	MT-ATP6	9606.ENSP00000499883	9606.ENSP00000354632	0	0.697	0.897	0	0.967
ATP5MC2	MT-ATP8	9606.ENSP00000499883	9606.ENSP00000355265	0	0.508	0.800	0	0.897
ATP5MC2	ATP5PB	9606.ENSP00000499883	9606.ENSP00000358737	0	0.733	0.800	0	0.944
ATP5MC2	ATP5PF	9606.ENSP00000499883	9606.ENSP00000389649	0	0.720	0.800	0	0.941
ATP5MC3	ATP6V0A1	9606.ENSP00000284727	9606.ENSP00000264649	0	0.256	0.657	0	0.733
ATP5MC3	ATP5MGL	9606.ENSP00000284727	9606.ENSP00000421076	0	0.377	0.540	0	0.701
ATP5MC3	ATP6V0D2	9606.ENSP00000284727	9606.ENSP00000285393	0	0.339	0.589	0	0.717
ATP5MC3	ATP6V0D1	9606.ENSP00000284727	9606.ENSP00000290949	0	0.339	0.705	0	0.796
ATP5MC3	ATP5MG	9606.ENSP00000284727	9606.ENSP00000300688	0	0.377	0.800	0	0.870
ATP5MC3	ATP5PO	9606.ENSP00000284727	9606.ENSP00000290299	0	0.456	0.705	0	0.832
ATP5MC3	ATP5MF	9606.ENSP00000284727	9606.ENSP00000292475	0	0.497	0.800	0	0.895
ATP5MC3	ATP5ME	9606.ENSP00000284727	9606.ENSP00000306003	0	0.504	0.800	0	0.896
ATP5MC3	MT-ATP8	9606.ENSP00000284727	9606.ENSP00000355265	0	0.513	0.800	0	0.898
ATP5MC3	ATP5PB	9606.ENSP00000284727	9606.ENSP00000358737	0	0.734	0.800	0	0.944
ATP5MC3	ATP5PF	9606.ENSP00000284727	9606.ENSP00000389649	0	0.722	0.800	0	0.942
ATP5MC3	ATP5PD	9606.ENSP00000284727	9606.ENSP00000301587	0	0.733	0.800	0	0.944
ATP5MC3	MT-ATP6	9606.ENSP00000284727	9606.ENSP00000354632	0	0.595	0.897	0	0.956
ATP5ME	ATP5PO	9606.ENSP00000306003	9606.ENSP00000290299	0	0.817	0.944	0	0.989
ATP5ME	ATP5MF	9606.ENSP00000306003	9606.ENSP00000292475	0	0.749	0.900	0	0.973
ATP5ME	ATP5MG	9606.ENSP00000306003	9606.ENSP00000300688	0	0.828	0.944	0	0.990
ATP5ME	ATP5PD	9606.ENSP00000306003	9606.ENSP00000301587	0	0.913	0.967	0	0.997
ATP5ME	ATP5MGL	9606.ENSP00000306003	9606.ENSP00000421076	0	0.503	0.744	0	0.867
ATP5ME	ATP5PF	9606.ENSP00000306003	9606.ENSP00000389649	0	0.895	0.900	0	0.989
ATP5ME	MT-ATP6	9606.ENSP00000306003	9606.ENSP00000354632	0	0.749	0.967	0	0.991
ATP5ME	MT-ATP8	9606.ENSP00000306003	9606.ENSP00000355265	0	0.834	0.967	0	0.994
ATP5ME	ATP5PB	9606.ENSP00000306003	9606.ENSP00000358737	0	0.890	0.967	0	0.996
ATP5MF	ATP5PO	9606.ENSP00000292475	9606.ENSP00000290299	0	0.460	0.900	0	0.943
ATP5MF	ATP5MGL	9606.ENSP00000292475	9606.ENSP00000421076	0	0.501	0.540	0	0.760
ATP5MF	MT-ATP8	9606.ENSP00000292475	9606.ENSP00000355265	0	0.718	0.900	0	0.970
ATP5MF	MT-ATP6	9606.ENSP00000292475	9606.ENSP00000354632	0	0.749	0.900	0	0.973
ATP5MF	ATP5PD	9606.ENSP00000292475	9606.ENSP00000301587	0	0.737	0.900	0	0.972
ATP5MF	ATP5MG	9606.ENSP00000292475	9606.ENSP00000300688	0	0.597	0.900	0	0.958
ATP5MF	ATP5PF	9606.ENSP00000292475	9606.ENSP00000389649	0	0.772	0.900	0	0.976
ATP5MF	ATP5PB	9606.ENSP00000292475	9606.ENSP00000358737	0	0.927	0.900	0	0.992
ATP5MG	ATP5PO	9606.ENSP00000300688	9606.ENSP00000290299	0	0.633	0.933	0	0.974
ATP5MG	ATP6V0C	9606.ENSP00000300688	9606.ENSP00000329757	0	0.596	0.540	0	0.806
ATP5MG	MT-ATP8	9606.ENSP00000300688	9606.ENSP00000355265	0	0.379	0.944	0	0.964
ATP5MG	MT-ATP6	9606.ENSP00000300688	9606.ENSP00000354632	0	0.504	0.944	0	0.971
ATP5MG	ATP5PF	9606.ENSP00000300688	9606.ENSP00000389649	0	0.710	0.900	0	0.969
ATP5MG	ATP5PD	9606.ENSP00000300688	9606.ENSP00000301587	0	0.772	0.944	0	0.986
ATP5MG	ATP5PB	9606.ENSP00000300688	9606.ENSP00000358737	0	0.861	0.944	0	0.991
ATP5MGL	ATP5PO	9606.ENSP00000421076	9606.ENSP00000290299	0	0.374	0.693	0	0.800
ATP5MGL	ATP5PD	9606.ENSP00000421076	9606.ENSP00000301587	0	0.490	0.744	0	0.864
ATP5MGL	MT-ATP6	9606.ENSP00000421076	9606.ENSP00000354632	0	0.504	0.744	0	0.867
ATP5MGL	MT-ATP8	9606.ENSP00000421076	9606.ENSP00000355265	0	0.379	0.744	0	0.834
ATP5MGL	ATP5PB	9606.ENSP00000421076	9606.ENSP00000358737	0	0.502	0.744	0	0.867
ATP5MGL	ATP5PF	9606.ENSP00000421076	9606.ENSP00000389649	0	0.479	0.540	0	0.750
ATP5PB	ATP5PO	9606.ENSP00000358737	9606.ENSP00000290299	0	0.789	0.944	0	0.987
ATP5PB	ATP5PD	9606.ENSP00000358737	9606.ENSP00000301587	0	0.890	0.967	0	0.996
ATP5PB	ATP6V0C	9606.ENSP00000358737	9606.ENSP00000329757	0	0.473	0.540	0	0.747
ATP5PB	MT-ATP6	9606.ENSP00000358737	9606.ENSP00000354632	0	0.749	0.967	0	0.991
ATP5PB	MT-ATP8	9606.ENSP00000358737	9606.ENSP00000355265	0	0.904	0.967	0	0.996
ATP5PB	ATP5PF	9606.ENSP00000358737	9606.ENSP00000389649	0	0.890	0.900	0	0.988
ATP5PD	ATP5PO	9606.ENSP00000301587	9606.ENSP00000290299	0	0.801	0.944	0	0.988
ATP5PD	MT-ATP8	9606.ENSP00000301587	9606.ENSP00000355265	0	0.749	0.967	0	0.991
ATP5PD	ATP5PF	9606.ENSP00000301587	9606.ENSP00000389649	0	0.886	0.900	0	0.988
ATP5PD	MT-ATP6	9606.ENSP00000301587	9606.ENSP00000354632	0	0.749	0.967	0	0.991
ATP5PF	ATP5PO	9606.ENSP00000389649	9606.ENSP00000290299	0	0.817	0.900	0	0.980
ATP5PF	ATP6V0C	9606.ENSP00000389649	9606.ENSP00000329757	0	0.553	0.360	0	0.702
ATP5PF	MT-ATP6	9606.ENSP00000389649	9606.ENSP00000354632	0	0.747	0.900	0	0.973
ATP5PF	MT-ATP8	9606.ENSP00000389649	9606.ENSP00000355265	0	0.596	0.900	0	0.957
ATP5PO	ATP6V1D	9606.ENSP00000290299	9606.ENSP00000216442	0	0	0.800	0	0.800
ATP5PO	ATP6V1B1	9606.ENSP00000290299	9606.ENSP00000234396	0	0	0.800	0	0.800
ATP5PO	ATP6V0A1	9606.ENSP00000290299	9606.ENSP00000264649	0	0.462	0.718	0	0.842
ATP5PO	ATP6V1A	9606.ENSP00000290299	9606.ENSP00000273398	0	0	0.800	0	0.800
ATP5PO	ATP6V1B2	9606.ENSP00000290299	9606.ENSP00000276390	0	0	0.800	0	0.800
ATP5PO	ATP6V1F	9606.ENSP00000290299	9606.ENSP00000417378	0	0	0.744	0	0.744
ATP5PO	ATP6V0B	9606.ENSP00000290299	9606.ENSP00000434729	0	0.340	0.705	0	0.796
ATP5PO	ATP6V0C	9606.ENSP00000290299	9606.ENSP00000329757	0	0.602	0.705	0	0.877
ATP5PO	MT-ATP8	9606.ENSP00000290299	9606.ENSP00000355265	0	0.354	0.944	0	0.962
ATP5PO	MT-ATP6	9606.ENSP00000290299	9606.ENSP00000354632	0	0.505	0.978	0	0.988
ATP6AP1	ATP6V1D	9606.ENSP00000358777	9606.ENSP00000216442	0	0.947	0.540	0	0.974
ATP6AP1	ATP6V1E1	9606.ENSP00000358777	9606.ENSP00000253413	0	0.895	0.540	0	0.949
ATP6AP1	ATP6V0A1	9606.ENSP00000358777	9606.ENSP00000264649	0	0.903	0.900	0	0.989
ATP6AP1	TCIRG1	9606.ENSP00000358777	9606.ENSP00000265686	0	0.624	0.900	0	0.960
ATP6AP1	ATP6V1C2	9606.ENSP00000358777	9606.ENSP00000272238	0	0.497	0.540	0	0.758
ATP6AP1	ATP6V1A	9606.ENSP00000358777	9606.ENSP00000273398	0	0.936	0.540	0	0.969
ATP6AP1	ATP6V1B2	9606.ENSP00000358777	9606.ENSP00000276390	0	0.908	0.540	0	0.956
ATP6AP1	ATP6V0D2	9606.ENSP00000358777	9606.ENSP00000285393	0	0.784	0.900	0	0.977
ATP6AP1	ATP6V0D1	9606.ENSP00000358777	9606.ENSP00000290949	0	0.959	0.900	0	0.995
ATP6AP1	ATP6V1G2	9606.ENSP00000358777	9606.ENSP00000302194	0	0.685	0.540	0	0.849
ATP6AP1	ATP6V1E2	9606.ENSP00000358777	9606.ENSP00000304891	0	0.498	0.500	0	0.738
ATP6AP1	ATP6V0A4	9606.ENSP00000358777	9606.ENSP00000308122	0	0.925	0.900	0	0.992
ATP6AP1	ATP6V0C	9606.ENSP00000358777	9606.ENSP00000329757	0	0.954	0.900	0	0.995
ATP6AP1	ATP6V0A2	9606.ENSP00000358777	9606.ENSP00000332247	0	0.732	0.900	0	0.972
ATP6AP1	ATP6V1H	9606.ENSP00000358777	9606.ENSP00000352522	0	0.941	0.900	0	0.993
ATP6AP1	ATP6V1G3	9606.ENSP00000358777	9606.ENSP00000417171	0	0.401	0.540	0	0.712
ATP6AP1	ATP6V1F	9606.ENSP00000358777	9606.ENSP00000417378	0	0.910	0.540	0	0.957
ATP6AP1	ATP6V1C1	9606.ENSP00000358777	9606.ENSP00000430282	0	0.912	0.540	0	0.958
ATP6AP1	ATP6V1G1	9606.ENSP00000358777	9606.ENSP00000363162	0	0.928	0.540	0	0.965
ATP6AP1	ATP6V0E1	9606.ENSP00000358777	9606.ENSP00000429690	0	0.925	0.500	0	0.960
ATP6AP1	ATP6V0B	9606.ENSP00000358777	9606.ENSP00000434729	0	0.947	0.900	0	0.994
ATP6V0A1	ATP6V1D	9606.ENSP00000264649	9606.ENSP00000216442	0	0.903	0.828	0	0.982
ATP6V0A1	ATP6V1B1	9606.ENSP00000264649	9606.ENSP00000234396	0	0.750	0.828	0	0.955
ATP6V0A1	ATP6V1E1	9606.ENSP00000264649	9606.ENSP00000253413	0	0.786	0.828	0	0.961
ATP6V0A1	ATP6V1C2	9606.ENSP00000264649	9606.ENSP00000272238	0	0.378	0.540	0	0.701
ATP6V0A1	MT-ATP6	9606.ENSP00000264649	9606.ENSP00000354632	0	0	0.800	0	0.800
ATP6V0A1	ATP6V0E2	9606.ENSP00000264649	9606.ENSP00000411672	0	0.378	0.720	0	0.818
ATP6V0A1	ATP6V1E2	9606.ENSP00000264649	9606.ENSP00000304891	0	0.503	0.694	0	0.841
ATP6V0A1	ATP6V0A4	9606.ENSP00000264649	9606.ENSP00000308122	0	0	0.900	0	0.900
ATP6V0A1	ATP6V0E1	9606.ENSP00000264649	9606.ENSP00000429690	0	0.890	0.500	0	0.942
ATP6V0A1	TCIRG1	9606.ENSP00000264649	9606.ENSP00000265686	0	0.366	0.900	0	0.933
ATP6V0A1	ATP6V1G2	9606.ENSP00000264649	9606.ENSP00000302194	0	0.818	0.720	0	0.946
ATP6V0A1	ATP6V1B2	9606.ENSP00000264649	9606.ENSP00000276390	0	0.785	0.828	0	0.961
ATP6V0A1	ATP6V0A2	9606.ENSP00000264649	9606.ENSP00000332247	0	0.584	0.900	0	0.956
ATP6V0A1	ATP6V1G1	9606.ENSP00000264649	9606.ENSP00000363162	0	0.871	0.720	0	0.962
ATP6V0A1	ATP6V1C1	9606.ENSP00000264649	9606.ENSP00000430282	0	0.899	0.720	0	0.970
ATP6V0A1	ATP6V0B	9606.ENSP00000264649	9606.ENSP00000434729	0	0.749	0.925	0	0.980
ATP6V0A1	ATP6V1H	9606.ENSP00000264649	9606.ENSP00000352522	0	0.885	0.900	0	0.988
ATP6V0A1	ATP6V1A	9606.ENSP00000264649	9606.ENSP00000273398	0	0.892	0.828	0	0.980
ATP6V0A1	ATP6V1F	9606.ENSP00000264649	9606.ENSP00000417378	0	0.889	0.878	0	0.986
ATP6V0A1	ATP6V0D2	9606.ENSP00000264649	9606.ENSP00000285393	0	0.801	0.938	0	0.987
ATP6V0A1	ATP6V0D1	9606.ENSP00000264649	9606.ENSP00000290949	0	0.805	0.938	0	0.987
ATP6V0A1	ATP6V0C	9606.ENSP00000264649	9606.ENSP00000329757	0	0.903	0.925	0	0.992
ATP6V0A2	ATP6V1D	9606.ENSP00000332247	9606.ENSP00000216442	0	0.766	0.718	0	0.931
ATP6V0A2	ATP6V1B1	9606.ENSP00000332247	9606.ENSP00000234396	0	0.679	0.718	0	0.905
ATP6V0A2	ATP6V1E1	9606.ENSP00000332247	9606.ENSP00000253413	0	0.707	0.718	0	0.914
ATP6V0A2	TCIRG1	9606.ENSP00000332247	9606.ENSP00000265686	0	0.234	0.900	0	0.920
ATP6V0A2	ATP6V1A	9606.ENSP00000332247	9606.ENSP00000273398	0	0.353	0.718	0	0.810
ATP6V0A2	ATP6V1B2	9606.ENSP00000332247	9606.ENSP00000276390	0	0.699	0.718	0	0.912
ATP6V0A2	ATP6V0D2	9606.ENSP00000332247	9606.ENSP00000285393	0	0.735	0.938	0	0.983
ATP6V0A2	ATP6V0D1	9606.ENSP00000332247	9606.ENSP00000290949	0	0.729	0.938	0	0.982
ATP6V0A2	ATP6V1G2	9606.ENSP00000332247	9606.ENSP00000302194	0	0.459	0.540	0	0.740
ATP6V0A2	ATP6V1E2	9606.ENSP00000332247	9606.ENSP00000304891	0	0.352	0.694	0	0.793
ATP6V0A2	ATP6V0A4	9606.ENSP00000332247	9606.ENSP00000308122	0	0.436	0.900	0	0.941
ATP6V0A2	ATP6V0C	9606.ENSP00000332247	9606.ENSP00000329757	0	0.750	0.925	0	0.980
ATP6V0A2	MT-ATP6	9606.ENSP00000332247	9606.ENSP00000354632	0	0	0.723	0	0.723
ATP6V0A2	ATP6V0E1	9606.ENSP00000332247	9606.ENSP00000429690	0	0.719	0.500	0	0.853
ATP6V0A2	ATP6V1C1	9606.ENSP00000332247	9606.ENSP00000430282	0	0.712	0.540	0	0.862
ATP6V0A2	ATP6V1H	9606.ENSP00000332247	9606.ENSP00000352522	0	0.378	0.900	0	0.935
ATP6V0A2	ATP6V1F	9606.ENSP00000332247	9606.ENSP00000417378	0	0.730	0.800	0	0.944
ATP6V0A2	ATP6V0B	9606.ENSP00000332247	9606.ENSP00000434729	0	0.378	0.925	0	0.951
ATP6V0A4	ATP6V1D	9606.ENSP00000308122	9606.ENSP00000216442	0	0.926	0.828	0	0.986
ATP6V0A4	ATP6V1B1	9606.ENSP00000308122	9606.ENSP00000234396	0	0.540	0.828	0	0.918
ATP6V0A4	ATP6V1E1	9606.ENSP00000308122	9606.ENSP00000253413	0	0.940	0.828	0	0.989
ATP6V0A4	TCIRG1	9606.ENSP00000308122	9606.ENSP00000265686	0	0	0.900	0	0.900
ATP6V0A4	ATP6V1C2	9606.ENSP00000308122	9606.ENSP00000272238	0	0.378	0.540	0	0.701
ATP6V0A4	ATP6V1A	9606.ENSP00000308122	9606.ENSP00000273398	0	0.895	0.828	0	0.981
ATP6V0A4	ATP6V1B2	9606.ENSP00000308122	9606.ENSP00000276390	0	0.928	0.828	0	0.987
ATP6V0A4	ATP6V0D2	9606.ENSP00000308122	9606.ENSP00000285393	0	0.708	0.938	0	0.981
ATP6V0A4	ATP6V0D1	9606.ENSP00000308122	9606.ENSP00000290949	0	0.928	0.938	0	0.995
ATP6V0A4	ATP6V1G2	9606.ENSP00000308122	9606.ENSP00000302194	0	0.486	0.720	0	0.849
ATP6V0A4	ATP6V1E2	9606.ENSP00000308122	9606.ENSP00000304891	0	0.378	0.694	0	0.801
ATP6V0A4	MT-ATP6	9606.ENSP00000308122	9606.ENSP00000354632	0	0	0.723	0	0.723
ATP6V0A4	ATP6V0E2	9606.ENSP00000308122	9606.ENSP00000411672	0	0.378	0.720	0	0.818
ATP6V0A4	ATP6V0E1	9606.ENSP00000308122	9606.ENSP00000429690	0	0.895	0.500	0	0.945
ATP6V0A4	ATP6V1G1	9606.ENSP00000308122	9606.ENSP00000363162	0	0.872	0.720	0	0.962
ATP6V0A4	ATP6V1C1	9606.ENSP00000308122	9606.ENSP00000430282	0	0.944	0.720	0	0.983
ATP6V0A4	ATP6V1H	9606.ENSP00000308122	9606.ENSP00000352522	0	0.895	0.900	0	0.989
ATP6V0A4	ATP6V1F	9606.ENSP00000308122	9606.ENSP00000417378	0	0.944	0.878	0	0.992
ATP6V0A4	ATP6V0B	9606.ENSP00000308122	9606.ENSP00000434729	0	0.895	0.925	0	0.991
ATP6V0A4	ATP6V0C	9606.ENSP00000308122	9606.ENSP00000329757	0	0.936	0.925	0	0.995
ATP6V0B	ATP6V1D	9606.ENSP00000434729	9606.ENSP00000216442	0	0.947	0.909	0	0.995
ATP6V0B	ATP6V1B1	9606.ENSP00000434729	9606.ENSP00000234396	0	0.500	0.820	0	0.906
ATP6V0B	ATP6V1E1	9606.ENSP00000434729	9606.ENSP00000253413	0	0.895	0.820	0	0.980
ATP6V0B	TCIRG1	9606.ENSP00000434729	9606.ENSP00000265686	0	0.378	0.925	0	0.951
ATP6V0B	ATP6V1C2	9606.ENSP00000434729	9606.ENSP00000272238	0	0.500	0.540	0	0.760
ATP6V0B	ATP6V1A	9606.ENSP00000434729	9606.ENSP00000273398	0	0.946	0.909	0	0.994
ATP6V0B	ATP6V1B2	9606.ENSP00000434729	9606.ENSP00000276390	0	0.895	0.820	0	0.980
ATP6V0B	ATP6V0D2	9606.ENSP00000434729	9606.ENSP00000285393	0	0.500	0.935	0	0.966
ATP6V0B	ATP6V0D1	9606.ENSP00000434729	9606.ENSP00000290949	0	0.895	0.935	0	0.993
ATP6V0B	ATP6V1G2	9606.ENSP00000434729	9606.ENSP00000302194	0	0.736	0.720	0	0.922
ATP6V0B	ATP6V1E2	9606.ENSP00000434729	9606.ENSP00000304891	0	0.500	0.679	0	0.832
ATP6V0B	ATP6V0C	9606.ENSP00000434729	9606.ENSP00000329757	0	0.947	0.967	0	0.998
ATP6V0B	ATP6V1H	9606.ENSP00000434729	9606.ENSP00000352522	0	0.947	0.967	0	0.998
ATP6V0B	MT-ATP6	9606.ENSP00000434729	9606.ENSP00000354632	0	0.370	0.764	0	0.845
ATP6V0B	ATP6V1G1	9606.ENSP00000434729	9606.ENSP00000363162	0	0.875	0.720	0	0.963
ATP6V0B	ATP6V0E2	9606.ENSP00000434729	9606.ENSP00000411672	0	0.499	0.720	0	0.853
ATP6V0B	ATP6V1G3	9606.ENSP00000434729	9606.ENSP00000417171	0	0.404	0.540	0	0.714
ATP6V0B	ATP6V1F	9606.ENSP00000434729	9606.ENSP00000417378	0	0.947	0.909	0	0.995
ATP6V0B	ATP6V0E1	9606.ENSP00000434729	9606.ENSP00000429690	0	0.946	0.500	0	0.971
ATP6V0B	ATP6V1C1	9606.ENSP00000434729	9606.ENSP00000430282	0	0.946	0.720	0	0.984
ATP6V0C	ATP6V1D	9606.ENSP00000329757	9606.ENSP00000216442	0	0.947	0.909	0	0.995
ATP6V0C	ATP6V1B1	9606.ENSP00000329757	9606.ENSP00000234396	0	0.572	0.820	0	0.919
ATP6V0C	ATP6V1E1	9606.ENSP00000329757	9606.ENSP00000253413	0	0.895	0.820	0	0.980
ATP6V0C	TCIRG1	9606.ENSP00000329757	9606.ENSP00000265686	0	0.497	0.925	0	0.960
ATP6V0C	ATP6V1C2	9606.ENSP00000329757	9606.ENSP00000272238	0	0.500	0.540	0	0.760
ATP6V0C	ATP6V1A	9606.ENSP00000329757	9606.ENSP00000273398	0	0.947	0.909	0	0.995
ATP6V0C	ATP6V1B2	9606.ENSP00000329757	9606.ENSP00000276390	0	0.937	0.820	0	0.988
ATP6V0C	ATP6V0D2	9606.ENSP00000329757	9606.ENSP00000285393	0	0.821	0.935	0	0.988
ATP6V0C	ATP6V0D1	9606.ENSP00000329757	9606.ENSP00000290949	0	0.958	0.935	0	0.997
ATP6V0C	ATP6V1G2	9606.ENSP00000329757	9606.ENSP00000302194	0	0.633	0.720	0	0.893
ATP6V0C	ATP6V1E2	9606.ENSP00000329757	9606.ENSP00000304891	0	0.500	0.679	0	0.832
ATP6V0C	ATP6V1G3	9606.ENSP00000329757	9606.ENSP00000417171	0	0.404	0.540	0	0.714
ATP6V0C	ATP6V0E2	9606.ENSP00000329757	9606.ENSP00000411672	0	0.499	0.720	0	0.853
ATP6V0C	MT-ATP6	9606.ENSP00000329757	9606.ENSP00000354632	0	0.685	0.764	0	0.922
ATP6V0C	ATP6V1G1	9606.ENSP00000329757	9606.ENSP00000363162	0	0.875	0.720	0	0.963
ATP6V0C	ATP6V0E1	9606.ENSP00000329757	9606.ENSP00000429690	0	0.947	0.500	0	0.972
ATP6V0C	ATP6V1C1	9606.ENSP00000329757	9606.ENSP00000430282	0	0.947	0.720	0	0.984
ATP6V0C	ATP6V1H	9606.ENSP00000329757	9606.ENSP00000352522	0	0.947	0.967	0	0.998
ATP6V0C	ATP6V1F	9606.ENSP00000329757	9606.ENSP00000417378	0	0.968	0.909	0	0.997
ATP6V0D1	ATP6V1D	9606.ENSP00000290949	9606.ENSP00000216442	0	0.959	0.956	0	0.998
ATP6V0D1	ATP6V1B1	9606.ENSP00000290949	9606.ENSP00000234396	0	0.507	0.956	0	0.977
ATP6V0D1	ATP6V1E1	9606.ENSP00000290949	9606.ENSP00000253413	0	0.924	0.956	0	0.996
ATP6V0D1	TCIRG1	9606.ENSP00000290949	9606.ENSP00000265686	0	0.707	0.938	0	0.981
ATP6V0D1	ATP6V1C2	9606.ENSP00000290949	9606.ENSP00000272238	0	0.378	0.540	0	0.701
ATP6V0D1	ATP6V1A	9606.ENSP00000290949	9606.ENSP00000273398	0	0.946	0.956	0	0.997
ATP6V0D1	ATP6V1B2	9606.ENSP00000290949	9606.ENSP00000276390	0	0.947	0.956	0	0.997
ATP6V0D1	ATP6V0D2	9606.ENSP00000290949	9606.ENSP00000285393	0	0.618	0.900	0	0.960
ATP6V0D1	ATP6V0E2	9606.ENSP00000290949	9606.ENSP00000411672	0	0.378	0.720	0	0.818
ATP6V0D1	ATP6V1G2	9606.ENSP00000290949	9606.ENSP00000302194	0	0.384	0.720	0	0.820
ATP6V0D1	ATP6V1E2	9606.ENSP00000290949	9606.ENSP00000304891	0	0.378	0.783	0	0.859
ATP6V0D1	ATP6V0E1	9606.ENSP00000290949	9606.ENSP00000429690	0	0.895	0.500	0	0.945
ATP6V0D1	ATP6V1C1	9606.ENSP00000290949	9606.ENSP00000430282	0	0.931	0.720	0	0.980
ATP6V0D1	ATP6V1G1	9606.ENSP00000290949	9606.ENSP00000363162	0	0.938	0.900	0	0.993
ATP6V0D1	ATP6V1H	9606.ENSP00000290949	9606.ENSP00000352522	0	0.958	0.900	0	0.995
ATP6V0D1	ATP6V1F	9606.ENSP00000290949	9606.ENSP00000417378	0	0.956	0.978	0	0.999
ATP6V0D2	ATP6V1D	9606.ENSP00000285393	9606.ENSP00000216442	0	0.495	0.956	0	0.977
ATP6V0D2	ATP6V1B1	9606.ENSP00000285393	9606.ENSP00000234396	0	0.664	0.956	0	0.984
ATP6V0D2	ATP6V1E1	9606.ENSP00000285393	9606.ENSP00000253413	0	0.378	0.956	0	0.971
ATP6V0D2	TCIRG1	9606.ENSP00000285393	9606.ENSP00000265686	0	0.768	0.938	0	0.985
ATP6V0D2	ATP6V1C2	9606.ENSP00000285393	9606.ENSP00000272238	0	0.378	0.540	0	0.701
ATP6V0D2	ATP6V1A	9606.ENSP00000285393	9606.ENSP00000273398	0	0.378	0.956	0	0.971
ATP6V0D2	ATP6V1B2	9606.ENSP00000285393	9606.ENSP00000276390	0	0.625	0.956	0	0.983
ATP6V0D2	ATP6V0E1	9606.ENSP00000285393	9606.ENSP00000429690	0	0.498	0.500	0	0.738
ATP6V0D2	ATP6V1C1	9606.ENSP00000285393	9606.ENSP00000430282	0	0.378	0.720	0	0.818
ATP6V0D2	ATP6V0E2	9606.ENSP00000285393	9606.ENSP00000411672	0	0.378	0.720	0	0.818
ATP6V0D2	ATP6V1E2	9606.ENSP00000285393	9606.ENSP00000304891	0	0.378	0.783	0	0.859
ATP6V0D2	ATP6V1G2	9606.ENSP00000285393	9606.ENSP00000302194	0	0.632	0.720	0	0.892
ATP6V0D2	ATP6V1G1	9606.ENSP00000285393	9606.ENSP00000363162	0	0.363	0.900	0	0.933
ATP6V0D2	ATP6V1H	9606.ENSP00000285393	9606.ENSP00000352522	0	0.495	0.900	0	0.947
ATP6V0D2	ATP6V1F	9606.ENSP00000285393	9606.ENSP00000417378	0	0.784	0.978	0	0.995
ATP6V0E1	ATP6V1D	9606.ENSP00000429690	9606.ENSP00000216442	0	0.947	0.500	0	0.972
ATP6V0E1	ATP6V1B1	9606.ENSP00000429690	9606.ENSP00000234396	0	0.498	0.500	0	0.738
ATP6V0E1	ATP6V1E1	9606.ENSP00000429690	9606.ENSP00000253413	0	0.895	0.500	0	0.945
ATP6V0E1	ATP6V1A	9606.ENSP00000429690	9606.ENSP00000273398	0	0.947	0.500	0	0.972
ATP6V0E1	ATP6V1B2	9606.ENSP00000429690	9606.ENSP00000276390	0	0.895	0.500	0	0.945
ATP6V0E1	ATP6V1G2	9606.ENSP00000429690	9606.ENSP00000302194	0	0.591	0.500	0	0.786
ATP6V0E1	ATP6V1E2	9606.ENSP00000429690	9606.ENSP00000304891	0	0.498	0.500	0	0.738
ATP6V0E1	ATP6V1H	9606.ENSP00000429690	9606.ENSP00000352522	0	0.941	0.500	0	0.969
ATP6V0E1	ATP6V1G1	9606.ENSP00000429690	9606.ENSP00000363162	0	0.869	0.500	0	0.931
ATP6V0E1	ATP6V0E2	9606.ENSP00000429690	9606.ENSP00000411672	0	0	0.900	0	0.900
ATP6V0E1	ATP6V1F	9606.ENSP00000429690	9606.ENSP00000417378	0	0.942	0.500	0	0.969
ATP6V0E1	ATP6V1C1	9606.ENSP00000429690	9606.ENSP00000430282	0	0.947	0.500	0	0.972
ATP6V0E2	ATP6V1D	9606.ENSP00000411672	9606.ENSP00000216442	0	0.496	0.720	0	0.852
ATP6V0E2	ATP6V1B1	9606.ENSP00000411672	9606.ENSP00000234396	0	0.378	0.720	0	0.818
ATP6V0E2	ATP6V1E1	9606.ENSP00000411672	9606.ENSP00000253413	0	0.378	0.720	0	0.818
ATP6V0E2	ATP6V1C2	9606.ENSP00000411672	9606.ENSP00000272238	0	0.378	0.540	0	0.701
ATP6V0E2	ATP6V1A	9606.ENSP00000411672	9606.ENSP00000273398	0	0.496	0.720	0	0.852
ATP6V0E2	ATP6V1B2	9606.ENSP00000411672	9606.ENSP00000276390	0	0.378	0.720	0	0.818
ATP6V0E2	ATP6V1G2	9606.ENSP00000411672	9606.ENSP00000302194	0	0.406	0.720	0	0.826
ATP6V0E2	ATP6V1H	9606.ENSP00000411672	9606.ENSP00000352522	0	0.496	0.720	0	0.852
ATP6V0E2	ATP6V1G1	9606.ENSP00000411672	9606.ENSP00000363162	0	0.363	0.720	0	0.814
ATP6V0E2	ATP6V1C1	9606.ENSP00000411672	9606.ENSP00000430282	0	0.496	0.720	0	0.852
ATP6V0E2	ATP6V1F	9606.ENSP00000411672	9606.ENSP00000417378	0	0.497	0.720	0	0.853
ATP6V1A	ATP6V1D	9606.ENSP00000273398	9606.ENSP00000216442	0	0.981	0.967	0	0.999
ATP6V1A	ATP6V1B1	9606.ENSP00000273398	9606.ENSP00000234396	0	0.786	0.956	0	0.990
ATP6V1A	ATP6V1E1	9606.ENSP00000273398	9606.ENSP00000253413	0	0.979	0.956	0	0.999
ATP6V1A	TCIRG1	9606.ENSP00000273398	9606.ENSP00000265686	0	0.353	0.718	0	0.810
ATP6V1A	ATP6V1C2	9606.ENSP00000273398	9606.ENSP00000272238	0	0.786	0.540	0	0.897
ATP6V1A	ATP6V1E2	9606.ENSP00000273398	9606.ENSP00000304891	0	0.480	0.783	0	0.882
ATP6V1A	ATP6V1G2	9606.ENSP00000273398	9606.ENSP00000302194	0	0.895	0.720	0	0.969
ATP6V1A	ATP6V1C1	9606.ENSP00000273398	9606.ENSP00000430282	0	0.949	0.720	0	0.985
ATP6V1A	ATP6V1H	9606.ENSP00000273398	9606.ENSP00000352522	0	0.958	0.909	0	0.996
ATP6V1A	ATP6V1G1	9606.ENSP00000273398	9606.ENSP00000363162	0	0.976	0.900	0	0.997
ATP6V1A	ATP6V1B2	9606.ENSP00000273398	9606.ENSP00000276390	0	0.977	0.956	0	0.998
ATP6V1A	ATP6V1F	9606.ENSP00000273398	9606.ENSP00000417378	0	0.977	0.978	0	0.999
ATP6V1B1	ATP6V1D	9606.ENSP00000234396	9606.ENSP00000216442	0	0.800	0.956	0	0.991
ATP6V1B1	TCIRG1	9606.ENSP00000234396	9606.ENSP00000265686	0	0.610	0.718	0	0.885
ATP6V1B1	ATP6V1C2	9606.ENSP00000234396	9606.ENSP00000272238	0	0.774	0.540	0	0.891
ATP6V1B1	ATP6V1H	9606.ENSP00000234396	9606.ENSP00000352522	0	0.559	0.720	0	0.871
ATP6V1B1	ATP6V1G2	9606.ENSP00000234396	9606.ENSP00000302194	0	0.815	0.720	0	0.946
ATP6V1B1	ATP6V1C1	9606.ENSP00000234396	9606.ENSP00000430282	0	0.777	0.720	0	0.935
ATP6V1B1	ATP6V1E2	9606.ENSP00000234396	9606.ENSP00000304891	0	0.786	0.783	0	0.951
ATP6V1B1	ATP6V1B2	9606.ENSP00000234396	9606.ENSP00000276390	0	0.671	0.900	0	0.965
ATP6V1B1	ATP6V1G1	9606.ENSP00000234396	9606.ENSP00000363162	0	0.781	0.900	0	0.977
ATP6V1B1	ATP6V1E1	9606.ENSP00000234396	9606.ENSP00000253413	0	0.775	0.956	0	0.989
ATP6V1B1	ATP6V1F	9606.ENSP00000234396	9606.ENSP00000417378	0	0.815	0.978	0	0.995
ATP6V1B2	ATP6V1D	9606.ENSP00000276390	9606.ENSP00000216442	0	0.981	0.956	0	0.999
ATP6V1B2	ATP6V1E1	9606.ENSP00000276390	9606.ENSP00000253413	0	0.977	0.956	0	0.998
ATP6V1B2	TCIRG1	9606.ENSP00000276390	9606.ENSP00000265686	0	0.613	0.718	0	0.886
ATP6V1B2	ATP6V1C2	9606.ENSP00000276390	9606.ENSP00000272238	0	0.769	0.540	0	0.889
ATP6V1B2	ATP6V1G2	9606.ENSP00000276390	9606.ENSP00000302194	0	0.789	0.720	0	0.938
ATP6V1B2	ATP6V1E2	9606.ENSP00000276390	9606.ENSP00000304891	0	0.746	0.783	0	0.942
ATP6V1B2	ATP6V1H	9606.ENSP00000276390	9606.ENSP00000352522	0	0.958	0.720	0	0.988
ATP6V1B2	ATP6V1C1	9606.ENSP00000276390	9606.ENSP00000430282	0	0.955	0.720	0	0.986
ATP6V1B2	ATP6V1G1	9606.ENSP00000276390	9606.ENSP00000363162	0	0.976	0.900	0	0.997
ATP6V1B2	ATP6V1F	9606.ENSP00000276390	9606.ENSP00000417378	0	0.963	0.978	0	0.999
ATP6V1C1	ATP6V1D	9606.ENSP00000430282	9606.ENSP00000216442	0	0.956	0.720	0	0.987
ATP6V1C1	ATP6V1E1	9606.ENSP00000430282	9606.ENSP00000253413	0	0.957	0.720	0	0.987
ATP6V1C1	TCIRG1	9606.ENSP00000430282	9606.ENSP00000265686	0	0.618	0.540	0	0.817
ATP6V1C1	ATP6V1C2	9606.ENSP00000430282	9606.ENSP00000272238	0	0.640	0.900	0	0.962
ATP6V1C1	ATP6V1G2	9606.ENSP00000430282	9606.ENSP00000302194	0	0.886	0.720	0	0.966
ATP6V1C1	ATP6V1E2	9606.ENSP00000430282	9606.ENSP00000304891	0	0.495	0.500	0	0.736
ATP6V1C1	ATP6V1H	9606.ENSP00000430282	9606.ENSP00000352522	0	0.942	0.720	0	0.983
ATP6V1C1	ATP6V1G1	9606.ENSP00000430282	9606.ENSP00000363162	0	0.954	0.720	0	0.986
ATP6V1C1	ATP6V1F	9606.ENSP00000430282	9606.ENSP00000417378	0	0.950	0.720	0	0.985
ATP6V1C2	ATP6V1D	9606.ENSP00000272238	9606.ENSP00000216442	0	0.783	0.540	0	0.896
ATP6V1C2	ATP6V1E1	9606.ENSP00000272238	9606.ENSP00000253413	0	0.774	0.540	0	0.892
ATP6V1C2	ATP6V1H	9606.ENSP00000272238	9606.ENSP00000352522	0	0.497	0.540	0	0.758
ATP6V1C2	ATP6V1G1	9606.ENSP00000272238	9606.ENSP00000363162	0	0.778	0.540	0	0.893
ATP6V1C2	ATP6V1G2	9606.ENSP00000272238	9606.ENSP00000302194	0	0.803	0.540	0	0.905
ATP6V1C2	ATP6V1F	9606.ENSP00000272238	9606.ENSP00000417378	0	0.793	0.540	0	0.900
ATP6V1C2	ATP6V1E2	9606.ENSP00000272238	9606.ENSP00000304891	0	0.786	0.500	0	0.888
ATP6V1D	ATP6V1G3	9606.ENSP00000216442	9606.ENSP00000417171	0	0.401	0.540	0	0.712
ATP6V1D	ATP6V1G2	9606.ENSP00000216442	9606.ENSP00000302194	0	0.745	0.720	0	0.925
ATP6V1D	TCIRG1	9606.ENSP00000216442	9606.ENSP00000265686	0	0.771	0.718	0	0.932
ATP6V1D	ATP6V1E2	9606.ENSP00000216442	9606.ENSP00000304891	0	0.794	0.783	0	0.953
ATP6V1D	ATP6V1G1	9606.ENSP00000216442	9606.ENSP00000363162	0	0.955	0.900	0	0.995
ATP6V1D	ATP6V1E1	9606.ENSP00000216442	9606.ENSP00000253413	0	0.963	0.956	0	0.998
ATP6V1D	ATP6V1H	9606.ENSP00000216442	9606.ENSP00000352522	0	0.978	0.935	0	0.998
ATP6V1D	ATP6V1F	9606.ENSP00000216442	9606.ENSP00000417378	0	0.981	0.978	0	0.999
ATP6V1E1	ATP6V1E2	9606.ENSP00000253413	9606.ENSP00000304891	0	0	0.900	0	0.900
ATP6V1E1	TCIRG1	9606.ENSP00000253413	9606.ENSP00000265686	0	0.710	0.718	0	0.915
ATP6V1E1	ATP6V1G2	9606.ENSP00000253413	9606.ENSP00000302194	0	0.822	0.720	0	0.948
ATP6V1E1	ATP6V1H	9606.ENSP00000253413	9606.ENSP00000352522	0	0.957	0.720	0	0.987
ATP6V1E1	ATP6V1G1	9606.ENSP00000253413	9606.ENSP00000363162	0	0.976	0.900	0	0.997
ATP6V1E1	ATP6V1F	9606.ENSP00000253413	9606.ENSP00000417378	0	0.960	0.978	0	0.999
ATP6V1E2	TCIRG1	9606.ENSP00000304891	9606.ENSP00000265686	0	0.352	0.694	0	0.793
ATP6V1E2	ATP6V1G2	9606.ENSP00000304891	9606.ENSP00000302194	0	0.822	0.500	0	0.907
ATP6V1E2	ATP6V1H	9606.ENSP00000304891	9606.ENSP00000352522	0	0.495	0.500	0	0.736
ATP6V1E2	ATP6V1F	9606.ENSP00000304891	9606.ENSP00000417378	0	0.495	0.891	0	0.942
ATP6V1E2	ATP6V1G1	9606.ENSP00000304891	9606.ENSP00000363162	0	0.781	0.500	0	0.885
ATP6V1F	TCIRG1	9606.ENSP00000417378	9606.ENSP00000265686	0	0.638	0.800	0	0.924
ATP6V1F	ATP6V1G2	9606.ENSP00000417378	9606.ENSP00000302194	0	0.782	0.720	0	0.936
ATP6V1F	ATP6V1H	9606.ENSP00000417378	9606.ENSP00000352522	0	0.979	0.935	0	0.998
ATP6V1F	ATP6V1G1	9606.ENSP00000417378	9606.ENSP00000363162	0	0.953	0.900	0	0.995
ATP6V1F	ATP6V1G3	9606.ENSP00000417378	9606.ENSP00000417171	0	0.401	0.540	0	0.712
ATP6V1G1	ATP6V1G2	9606.ENSP00000363162	9606.ENSP00000302194	0	0.609	0.900	0	0.959
ATP6V1G1	ATP6V1H	9606.ENSP00000363162	9606.ENSP00000352522	0	0.932	0.720	0	0.980
ATP6V1G2	TCIRG1	9606.ENSP00000302194	9606.ENSP00000265686	0	0.599	0.540	0	0.807
ATP6V1G2	ATP6V1H	9606.ENSP00000302194	9606.ENSP00000352522	0	0.402	0.720	0	0.825
ATP6V1G3	ATP6V1H	9606.ENSP00000417171	9606.ENSP00000352522	0	0.402	0.540	0	0.713
ATP6V1H	TCIRG1	9606.ENSP00000352522	9606.ENSP00000265686	0	0.378	0.900	0	0.935
COX15	UQCRFS1	9606.ENSP00000016171	9606.ENSP00000306397	0	0	0.720	0	0.720
COX15	NDUFA4	9606.ENSP00000016171	9606.ENSP00000339720	0	0.074	0.720	0	0.729
COX15	UQCRC2	9606.ENSP00000016171	9606.ENSP00000268379	0	0.079	0.720	0	0.731
COX15	COX7C	9606.ENSP00000016171	9606.ENSP00000425759	0	0	0.720	0	0.720
COX15	COX5A	9606.ENSP00000016171	9606.ENSP00000317780	0	0.095	0.720	0	0.735
COX15	CYC1	9606.ENSP00000016171	9606.ENSP00000317159	0	0.575	0.540	0	0.796
COX15	MT-CO1	9606.ENSP00000016171	9606.ENSP00000354499	0	0	0.944	0	0.944
COX15	MT-CO2	9606.ENSP00000016171	9606.ENSP00000354876	0	0.095	0.944	0	0.947
COX4I1	NDUFB4	9606.ENSP00000457513	9606.ENSP00000184266	0	0.831	0	0	0.831
COX4I1	UQCRC1	9606.ENSP00000457513	9606.ENSP00000203407	0	0.947	0.540	0	0.974
COX4I1	NDUFB7	9606.ENSP00000457513	9606.ENSP00000215565	0	0.883	0	0	0.883
COX4I1	COX6A1	9606.ENSP00000457513	9606.ENSP00000229379	0	0.945	0.851	0	0.991
COX4I1	NDUFS7	9606.ENSP00000457513	9606.ENSP00000233627	0	0.847	0	0	0.847
COX4I1	NDUFA2	9606.ENSP00000457513	9606.ENSP00000252102	0	0.889	0	0	0.889
COX4I1	NDUFA10	9606.ENSP00000457513	9606.ENSP00000252711	0	0.867	0	0	0.867
COX4I1	COX5B	9606.ENSP00000457513	9606.ENSP00000258424	0	0.971	0.866	0	0.996
COX4I1	NDUFB5	9606.ENSP00000457513	9606.ENSP00000259037	0	0.820	0	0	0.820
COX4I1	NDUFS3	9606.ENSP00000457513	9606.ENSP00000263774	0	0.888	0	0	0.888
COX4I1	NDUFA9	9606.ENSP00000457513	9606.ENSP00000266544	0	0.882	0	0	0.882
COX4I1	UQCRC2	9606.ENSP00000457513	9606.ENSP00000268379	0	0.951	0.540	0	0.976
COX4I1	NDUFB10	9606.ENSP00000457513	9606.ENSP00000268668	0	0.859	0	0	0.859
COX4I1	NDUFS6	9606.ENSP00000457513	9606.ENSP00000274137	0	0.862	0	0	0.862
COX4I1	NDUFB11	9606.ENSP00000457513	9606.ENSP00000276062	0	0.852	0	0	0.852
COX4I1	NDUFB9	9606.ENSP00000457513	9606.ENSP00000276689	0	0.855	0	0	0.855
COX4I1	NDUFC2	9606.ENSP00000457513	9606.ENSP00000281031	0	0.813	0	0	0.813
COX4I1	COX6A2	9606.ENSP00000457513	9606.ENSP00000287490	0	0.903	0.659	0	0.965
COX4I1	COX7A1	9606.ENSP00000457513	9606.ENSP00000292907	0	0.920	0.360	0	0.946
COX4I1	NDUFS4	9606.ENSP00000457513	9606.ENSP00000296684	0	0.871	0	0	0.871
COX4I1	NDUFB8	9606.ENSP00000457513	9606.ENSP00000299166	0	0.835	0	0	0.835
COX4I1	NDUFA7	9606.ENSP00000457513	9606.ENSP00000301457	0	0.807	0	0	0.807
COX4I1	UQCRFS1	9606.ENSP00000457513	9606.ENSP00000306397	0	0.903	0.540	0	0.953
COX4I1	UQCRH	9606.ENSP00000457513	9606.ENSP00000309565	0	0.889	0.540	0	0.947
COX4I1	NDUFS8	9606.ENSP00000457513	9606.ENSP00000315774	0	0.856	0	0	0.856
COX4I1	CYC1	9606.ENSP00000457513	9606.ENSP00000317159	0	0.906	0.540	0	0.955
COX4I1	COX5A	9606.ENSP00000457513	9606.ENSP00000317780	0	0.978	0.888	0	0.997
COX4I1	COX8A	9606.ENSP00000457513	9606.ENSP00000321260	0	0.913	0.800	0	0.981
COX4I1	NDUFV2	9606.ENSP00000457513	9606.ENSP00000327268	0	0.837	0	0	0.837
COX4I1	NDUFA12	9606.ENSP00000457513	9606.ENSP00000330737	0	0.842	0	0	0.842
COX4I1	UQCR10	9606.ENSP00000457513	9606.ENSP00000332887	0	0.884	0.540	0	0.944
COX4I1	NDUFA4	9606.ENSP00000457513	9606.ENSP00000339720	0	0.860	0.800	0	0.970
COX4I1	NDUFV3	9606.ENSP00000457513	9606.ENSP00000346196	0	0.826	0	0	0.826
COX4I1	MT-CO1	9606.ENSP00000457513	9606.ENSP00000354499	0	0.970	0.800	0	0.993
COX4I1	MT-CYB	9606.ENSP00000457513	9606.ENSP00000354554	0	0.869	0.540	0	0.937
COX4I1	MT-ND6	9606.ENSP00000457513	9606.ENSP00000354665	0	0.816	0	0	0.816
COX4I1	MT-ND1	9606.ENSP00000457513	9606.ENSP00000354687	0	0.816	0	0	0.816
COX4I1	MT-ND4L	9606.ENSP00000457513	9606.ENSP00000354728	0	0.816	0	0	0.816
COX4I1	MT-ND5	9606.ENSP00000457513	9606.ENSP00000354813	0	0.816	0	0	0.816
COX4I1	MT-CO2	9606.ENSP00000457513	9606.ENSP00000354876	0	0.983	0.888	0	0.998
COX4I1	MT-ND4	9606.ENSP00000457513	9606.ENSP00000354961	0	0.816	0	0	0.816
COX4I1	MT-ND2	9606.ENSP00000457513	9606.ENSP00000355046	0	0.816	0	0	0.816
COX4I1	MT-ND3	9606.ENSP00000457513	9606.ENSP00000355206	0	0.816	0	0	0.816
COX4I1	NDUFS2	9606.ENSP00000457513	9606.ENSP00000356972	0	0.880	0	0	0.880
COX4I1	COX7A2	9606.ENSP00000457513	9606.ENSP00000359098	0	0.889	0.540	0	0.946
COX4I1	NDUFA1	9606.ENSP00000457513	9606.ENSP00000360492	0	0.816	0	0	0.816
COX4I1	NDUFS5	9606.ENSP00000457513	9606.ENSP00000362058	0	0.823	0	0	0.823
COX4I1	NDUFA8	9606.ENSP00000457513	9606.ENSP00000362873	0	0.879	0	0	0.879
COX4I1	COX4I2	9606.ENSP00000457513	9606.ENSP00000365243	0	0	0.900	0	0.900
COX4I1	COX7A2L	9606.ENSP00000457513	9606.ENSP00000367938	0	0.653	0.800	0	0.927
COX4I1	UQCRQ	9606.ENSP00000457513	9606.ENSP00000367939	0	0.938	0.540	0	0.970
COX4I1	NDUFB6	9606.ENSP00000457513	9606.ENSP00000369176	0	0.820	0	0	0.820
COX4I1	COX7B2	9606.ENSP00000457513	9606.ENSP00000379784	0	0.740	0.540	0	0.875
COX4I1	NDUFA11	9606.ENSP00000457513	9606.ENSP00000389160	0	0.807	0	0	0.807
COX4I1	NDUFS1	9606.ENSP00000457513	9606.ENSP00000392709	0	0.890	0	0	0.890
COX4I1	NDUFB3	9606.ENSP00000457513	9606.ENSP00000407336	0	0.832	0	0	0.832
COX4I1	NDUFA5	9606.ENSP00000457513	9606.ENSP00000417142	0	0.883	0	0	0.883
COX4I1	NDUFA3	9606.ENSP00000457513	9606.ENSP00000418438	0	0.816	0	0	0.816
COX4I1	NDUFB2	9606.ENSP00000457513	9606.ENSP00000419087	0	0.800	0	0	0.800
COX4I1	NDUFA13	9606.ENSP00000457513	9606.ENSP00000423673	0	0.861	0	0	0.861
COX4I1	COX7C	9606.ENSP00000457513	9606.ENSP00000425759	0	0.948	0.888	0	0.994
COX4I1	COX6C	9606.ENSP00000457513	9606.ENSP00000429707	0	0.974	0.800	0	0.994
COX4I1	UQCRB	9606.ENSP00000457513	9606.ENSP00000430494	0	0.946	0.540	0	0.974
COX4I1	NDUFC1	9606.ENSP00000457513	9606.ENSP00000441126	0	0.800	0	0	0.800
COX4I1	NDUFA6	9606.ENSP00000457513	9606.ENSP00000482543	0	0.828	0	0	0.828
COX4I1	NDUFB1	9606.ENSP00000457513	9606.ENSP00000483888	0	0.828	0	0	0.828
COX4I1	NDUFAB1	9606.ENSP00000457513	9606.ENSP00000458770	0	0.831	0	0	0.831
COX4I1	NDUFV1	9606.ENSP00000457513	9606.ENSP00000497587	0	0.846	0	0	0.846
COX4I1	UQCR11	9606.ENSP00000457513	9606.ENSP00000467262	0	0.869	0.540	0	0.937
COX4I1	COX7B	9606.ENSP00000457513	9606.ENSP00000497474	0	0.942	0.800	0	0.988
COX4I1	COX6B1	9606.ENSP00000457513	9606.ENSP00000466818	0	0.946	0.850	0	0.991
COX4I2	COX6A1	9606.ENSP00000365243	9606.ENSP00000229379	0	0.738	0.659	0	0.907
COX4I2	COX5B	9606.ENSP00000365243	9606.ENSP00000258424	0	0.371	0.693	0	0.799
COX4I2	UQCRC2	9606.ENSP00000365243	9606.ENSP00000268379	0	0.393	0.540	0	0.708
COX4I2	COX6A2	9606.ENSP00000365243	9606.ENSP00000287490	0	0.375	0.659	0	0.778
COX4I2	UQCRFS1	9606.ENSP00000365243	9606.ENSP00000306397	0	0.470	0.540	0	0.745
COX4I2	CYC1	9606.ENSP00000365243	9606.ENSP00000317159	0	0.489	0.540	0	0.754
COX4I2	COX5A	9606.ENSP00000365243	9606.ENSP00000317780	0	0.732	0.744	0	0.928
COX4I2	UQCR10	9606.ENSP00000365243	9606.ENSP00000332887	0	0.448	0.540	0	0.735
COX4I2	MT-CO1	9606.ENSP00000365243	9606.ENSP00000354499	0	0.453	0.540	0	0.737
COX4I2	MT-CO2	9606.ENSP00000365243	9606.ENSP00000354876	0	0.429	0.744	0	0.847
COX4I2	UQCRB	9606.ENSP00000365243	9606.ENSP00000430494	0	0.616	0.540	0	0.815
COX4I2	COX6C	9606.ENSP00000365243	9606.ENSP00000429707	0	0.635	0.540	0	0.825
COX4I2	UQCRQ	9606.ENSP00000365243	9606.ENSP00000367939	0	0.676	0.540	0	0.844
COX4I2	COX7C	9606.ENSP00000365243	9606.ENSP00000425759	0	0.378	0.744	0	0.834
COX4I2	COX6B1	9606.ENSP00000365243	9606.ENSP00000466818	0	0.491	0.655	0	0.817
COX5A	NDUFB4	9606.ENSP00000317780	9606.ENSP00000184266	0	0.826	0	0	0.826
COX5A	UQCRC1	9606.ENSP00000317780	9606.ENSP00000203407	0	0.895	0.540	0	0.949
COX5A	NDUFB7	9606.ENSP00000317780	9606.ENSP00000215565	0	0.807	0	0	0.807
COX5A	COX6A1	9606.ENSP00000317780	9606.ENSP00000229379	0	0.895	0.888	0	0.987
COX5A	NDUFS7	9606.ENSP00000317780	9606.ENSP00000233627	0	0.837	0	0	0.837
COX5A	NDUFA2	9606.ENSP00000317780	9606.ENSP00000252102	0	0.838	0	0	0.838
COX5A	NDUFA10	9606.ENSP00000317780	9606.ENSP00000252711	0	0.843	0	0	0.843
COX5A	COX5B	9606.ENSP00000317780	9606.ENSP00000258424	0	0.978	0.959	0	0.999
COX5A	NDUFB5	9606.ENSP00000317780	9606.ENSP00000259037	0	0.807	0	0	0.807
COX5A	NDUFS3	9606.ENSP00000317780	9606.ENSP00000263774	0	0.866	0	0	0.866
COX5A	NDUFA9	9606.ENSP00000317780	9606.ENSP00000266544	0	0.821	0	0	0.821
COX5A	UQCRC2	9606.ENSP00000317780	9606.ENSP00000268379	0	0.950	0.900	0	0.994
COX5A	NDUFB10	9606.ENSP00000317780	9606.ENSP00000268668	0	0.863	0	0	0.863
COX5A	NDUFS6	9606.ENSP00000317780	9606.ENSP00000274137	0	0.838	0	0	0.838
COX5A	NDUFB11	9606.ENSP00000317780	9606.ENSP00000276062	0	0.807	0	0	0.807
COX5A	NDUFB9	9606.ENSP00000317780	9606.ENSP00000276689	0	0.859	0	0	0.859
COX5A	NDUFC2	9606.ENSP00000317780	9606.ENSP00000281031	0	0.818	0	0	0.818
COX5A	COX6A2	9606.ENSP00000317780	9606.ENSP00000287490	0	0.922	0.744	0	0.979
COX5A	COX7A1	9606.ENSP00000317780	9606.ENSP00000292907	0	0.896	0.360	0	0.930
COX5A	NDUFS4	9606.ENSP00000317780	9606.ENSP00000296684	0	0.837	0	0	0.837
COX5A	NDUFB8	9606.ENSP00000317780	9606.ENSP00000299166	0	0.807	0	0	0.807
COX5A	NDUFA7	9606.ENSP00000317780	9606.ENSP00000301457	0	0.800	0	0	0.800
COX5A	UQCRFS1	9606.ENSP00000317780	9606.ENSP00000306397	0	0.947	0.900	0	0.994
COX5A	UQCRH	9606.ENSP00000317780	9606.ENSP00000309565	0	0.866	0.540	0	0.935
COX5A	NDUFS8	9606.ENSP00000317780	9606.ENSP00000315774	0	0.825	0	0	0.825
COX5A	CYC1	9606.ENSP00000317780	9606.ENSP00000317159	0	0.957	0.540	0	0.979
COX5A	NDUFV3	9606.ENSP00000317780	9606.ENSP00000346196	0	0.800	0	0	0.800
COX5A	NDUFC1	9606.ENSP00000317780	9606.ENSP00000441126	0	0.800	0	0	0.800
COX5A	NDUFB2	9606.ENSP00000317780	9606.ENSP00000419087	0	0.800	0	0	0.800
COX5A	NDUFA11	9606.ENSP00000317780	9606.ENSP00000389160	0	0.803	0	0	0.803
COX5A	NDUFA1	9606.ENSP00000317780	9606.ENSP00000360492	0	0.807	0	0	0.807
COX5A	NDUFA6	9606.ENSP00000317780	9606.ENSP00000482543	0	0.807	0	0	0.807
COX5A	NDUFB3	9606.ENSP00000317780	9606.ENSP00000407336	0	0.807	0	0	0.807
COX5A	MT-ND1	9606.ENSP00000317780	9606.ENSP00000354687	0	0.807	0	0	0.807
COX5A	NDUFA8	9606.ENSP00000317780	9606.ENSP00000362873	0	0.807	0	0	0.807
COX5A	NDUFB1	9606.ENSP00000317780	9606.ENSP00000483888	0	0.807	0	0	0.807
COX5A	MT-ND5	9606.ENSP00000317780	9606.ENSP00000354813	0	0.807	0	0	0.807
COX5A	MT-ND2	9606.ENSP00000317780	9606.ENSP00000355046	0	0.807	0	0	0.807
COX5A	MT-ND4	9606.ENSP00000317780	9606.ENSP00000354961	0	0.807	0	0	0.807
COX5A	MT-ND6	9606.ENSP00000317780	9606.ENSP00000354665	0	0.807	0	0	0.807
COX5A	NDUFA3	9606.ENSP00000317780	9606.ENSP00000418438	0	0.807	0	0	0.807
COX5A	NDUFA5	9606.ENSP00000317780	9606.ENSP00000417142	0	0.807	0	0	0.807
COX5A	MT-ND3	9606.ENSP00000317780	9606.ENSP00000355206	0	0.807	0	0	0.807
COX5A	MT-ND4L	9606.ENSP00000317780	9606.ENSP00000354728	0	0.807	0	0	0.807
COX5A	NDUFS1	9606.ENSP00000317780	9606.ENSP00000392709	0	0.817	0	0	0.817
COX5A	COX6B2	9606.ENSP00000317780	9606.ENSP00000467266	0	0.402	0.604	0	0.753
COX5A	NDUFA13	9606.ENSP00000317780	9606.ENSP00000423673	0	0.825	0	0	0.825
COX5A	NDUFS5	9606.ENSP00000317780	9606.ENSP00000362058	0	0.831	0	0	0.831
COX5A	NDUFB6	9606.ENSP00000317780	9606.ENSP00000369176	0	0.831	0	0	0.831
COX5A	NDUFAB1	9606.ENSP00000317780	9606.ENSP00000458770	0	0.841	0	0	0.841
COX5A	NDUFS2	9606.ENSP00000317780	9606.ENSP00000356972	0	0.842	0	0	0.842
COX5A	NDUFA12	9606.ENSP00000317780	9606.ENSP00000330737	0	0.843	0	0	0.843
COX5A	NDUFV2	9606.ENSP00000317780	9606.ENSP00000327268	0	0.843	0	0	0.843
COX5A	NDUFV1	9606.ENSP00000317780	9606.ENSP00000497587	0	0.886	0	0	0.886
COX5A	COX7A2	9606.ENSP00000317780	9606.ENSP00000359098	0	0.800	0.540	0	0.904
COX5A	COX7A2L	9606.ENSP00000317780	9606.ENSP00000367938	0	0.675	0.800	0	0.932
COX5A	UQCR11	9606.ENSP00000317780	9606.ENSP00000467262	0	0.869	0.540	0	0.937
COX5A	MT-CYB	9606.ENSP00000317780	9606.ENSP00000354554	0	0.877	0.540	0	0.941
COX5A	UQCR10	9606.ENSP00000317780	9606.ENSP00000332887	0	0.941	0.540	0	0.971
COX5A	UQCRQ	9606.ENSP00000317780	9606.ENSP00000367939	0	0.943	0.540	0	0.973
COX5A	COX7B	9606.ENSP00000317780	9606.ENSP00000497474	0	0.865	0.800	0	0.972
COX5A	UQCRB	9606.ENSP00000317780	9606.ENSP00000430494	0	0.938	0.540	0	0.970
COX5A	NDUFA4	9606.ENSP00000317780	9606.ENSP00000339720	0	0.838	0.900	0	0.983
COX5A	COX8A	9606.ENSP00000317780	9606.ENSP00000321260	0	0.825	0.800	0	0.963
COX5A	MT-CO2	9606.ENSP00000317780	9606.ENSP00000354876	0	0.972	0.979	0	0.999
COX5A	COX6B1	9606.ENSP00000317780	9606.ENSP00000466818	0	0.929	0.876	0	0.990
COX5A	MT-CO1	9606.ENSP00000317780	9606.ENSP00000354499	0	0.953	0.967	0	0.998
COX5A	COX7C	9606.ENSP00000317780	9606.ENSP00000425759	0	0.949	0.979	0	0.998
COX5A	COX6C	9606.ENSP00000317780	9606.ENSP00000429707	0	0.965	0.935	0	0.997
COX5B	NDUFB4	9606.ENSP00000258424	9606.ENSP00000184266	0	0.828	0	0	0.828
COX5B	UQCRC1	9606.ENSP00000258424	9606.ENSP00000203407	0	0.902	0.540	0	0.953
COX5B	NDUFB7	9606.ENSP00000258424	9606.ENSP00000215565	0	0.828	0	0	0.828
COX5B	COX6A1	9606.ENSP00000258424	9606.ENSP00000229379	0	0.937	0.888	0	0.992
COX5B	NDUFS7	9606.ENSP00000258424	9606.ENSP00000233627	0	0.810	0	0	0.810
COX5B	NDUFA2	9606.ENSP00000258424	9606.ENSP00000252102	0	0.842	0	0	0.842
COX5B	NDUFA10	9606.ENSP00000258424	9606.ENSP00000252711	0	0.865	0	0	0.865
COX5B	UQCRHL	9606.ENSP00000258424	9606.ENSP00000485401	0	0.407	0.540	0	0.715
COX5B	COX6B2	9606.ENSP00000258424	9606.ENSP00000467266	0	0.402	0.604	0	0.753
COX5B	NDUFB2	9606.ENSP00000258424	9606.ENSP00000419087	0	0.800	0	0	0.800
COX5B	NDUFV3	9606.ENSP00000258424	9606.ENSP00000346196	0	0.800	0	0	0.800
COX5B	NDUFA7	9606.ENSP00000258424	9606.ENSP00000301457	0	0.800	0	0	0.800
COX5B	NDUFC1	9606.ENSP00000258424	9606.ENSP00000441126	0	0.800	0	0	0.800
COX5B	MT-ND5	9606.ENSP00000258424	9606.ENSP00000354813	0	0.807	0	0	0.807
COX5B	MT-ND2	9606.ENSP00000258424	9606.ENSP00000355046	0	0.807	0	0	0.807
COX5B	NDUFS5	9606.ENSP00000258424	9606.ENSP00000362058	0	0.816	0	0	0.816
COX5B	MT-ND6	9606.ENSP00000258424	9606.ENSP00000354665	0	0.816	0	0	0.816
COX5B	MT-ND4	9606.ENSP00000258424	9606.ENSP00000354961	0	0.816	0	0	0.816
COX5B	NDUFA3	9606.ENSP00000258424	9606.ENSP00000418438	0	0.816	0	0	0.816
COX5B	NDUFB8	9606.ENSP00000258424	9606.ENSP00000299166	0	0.816	0	0	0.816
COX5B	MT-ND3	9606.ENSP00000258424	9606.ENSP00000355206	0	0.816	0	0	0.816
COX5B	NDUFB5	9606.ENSP00000258424	9606.ENSP00000259037	0	0.816	0	0	0.816
COX5B	MT-ND4L	9606.ENSP00000258424	9606.ENSP00000354728	0	0.816	0	0	0.816
COX5B	NDUFV1	9606.ENSP00000258424	9606.ENSP00000497587	0	0.816	0	0	0.816
COX5B	NDUFB11	9606.ENSP00000258424	9606.ENSP00000276062	0	0.816	0	0	0.816
COX5B	NDUFA1	9606.ENSP00000258424	9606.ENSP00000360492	0	0.816	0	0	0.816
COX5B	NDUFS3	9606.ENSP00000258424	9606.ENSP00000263774	0	0.816	0	0	0.816
COX5B	NDUFA6	9606.ENSP00000258424	9606.ENSP00000482543	0	0.816	0	0	0.816
COX5B	MT-ND1	9606.ENSP00000258424	9606.ENSP00000354687	0	0.816	0	0	0.816
COX5B	NDUFB3	9606.ENSP00000258424	9606.ENSP00000407336	0	0.816	0	0	0.816
COX5B	NDUFA8	9606.ENSP00000258424	9606.ENSP00000362873	0	0.816	0	0	0.816
COX5B	NDUFA9	9606.ENSP00000258424	9606.ENSP00000266544	0	0.818	0	0	0.818
COX5B	NDUFC2	9606.ENSP00000258424	9606.ENSP00000281031	0	0.825	0	0	0.825
COX5B	NDUFS8	9606.ENSP00000258424	9606.ENSP00000315774	0	0.828	0	0	0.828
COX5B	NDUFA13	9606.ENSP00000258424	9606.ENSP00000423673	0	0.829	0	0	0.829
COX5B	NDUFB10	9606.ENSP00000258424	9606.ENSP00000268668	0	0.829	0	0	0.829
COX5B	NDUFA12	9606.ENSP00000258424	9606.ENSP00000330737	0	0.830	0	0	0.830
COX5B	NDUFB9	9606.ENSP00000258424	9606.ENSP00000276689	0	0.831	0	0	0.831
COX5B	COX7B2	9606.ENSP00000258424	9606.ENSP00000379784	0	0.651	0.540	0	0.832
COX5B	NDUFB6	9606.ENSP00000258424	9606.ENSP00000369176	0	0.833	0	0	0.833
COX5B	NDUFS2	9606.ENSP00000258424	9606.ENSP00000356972	0	0.836	0	0	0.836
COX5B	NDUFS4	9606.ENSP00000258424	9606.ENSP00000296684	0	0.842	0	0	0.842
COX5B	NDUFA5	9606.ENSP00000258424	9606.ENSP00000417142	0	0.842	0	0	0.842
COX5B	NDUFV2	9606.ENSP00000258424	9606.ENSP00000327268	0	0.842	0	0	0.842
COX5B	NDUFAB1	9606.ENSP00000258424	9606.ENSP00000458770	0	0.842	0	0	0.842
COX5B	NDUFS1	9606.ENSP00000258424	9606.ENSP00000392709	0	0.816	0	0	0.816
COX5B	NDUFS6	9606.ENSP00000258424	9606.ENSP00000274137	0	0.848	0	0	0.848
COX5B	NDUFB1	9606.ENSP00000258424	9606.ENSP00000483888	0	0.816	0	0	0.816
COX5B	COX7A2L	9606.ENSP00000258424	9606.ENSP00000367938	0	0.622	0.800	0	0.921
COX5B	NDUFA11	9606.ENSP00000258424	9606.ENSP00000389160	0	0.923	0	0	0.923
COX5B	UQCRH	9606.ENSP00000258424	9606.ENSP00000309565	0	0.876	0.540	0	0.940
COX5B	UQCRQ	9606.ENSP00000258424	9606.ENSP00000367939	0	0.895	0.540	0	0.949
COX5B	MT-CYB	9606.ENSP00000258424	9606.ENSP00000354554	0	0.902	0.540	0	0.953
COX5B	COX7A2	9606.ENSP00000258424	9606.ENSP00000359098	0	0.900	0.540	0	0.952
COX5B	UQCR11	9606.ENSP00000258424	9606.ENSP00000467262	0	0.902	0.540	0	0.953
COX5B	NDUFA4	9606.ENSP00000258424	9606.ENSP00000339720	0	0.838	0.800	0	0.966
COX5B	UQCRB	9606.ENSP00000258424	9606.ENSP00000430494	0	0.946	0.540	0	0.974
COX5B	UQCRFS1	9606.ENSP00000258424	9606.ENSP00000306397	0	0.947	0.540	0	0.974
COX5B	CYC1	9606.ENSP00000258424	9606.ENSP00000317159	0	0.947	0.540	0	0.974
COX5B	UQCR10	9606.ENSP00000258424	9606.ENSP00000332887	0	0.946	0.540	0	0.974
COX5B	UQCRC2	9606.ENSP00000258424	9606.ENSP00000268379	0	0.959	0.540	0	0.980
COX5B	COX7A1	9606.ENSP00000258424	9606.ENSP00000292907	0	0.926	0.360	0	0.951
COX5B	COX6A2	9606.ENSP00000258424	9606.ENSP00000287490	0	0.943	0.744	0	0.984
COX5B	COX8A	9606.ENSP00000258424	9606.ENSP00000321260	0	0.800	0.800	0	0.958
COX5B	COX7B	9606.ENSP00000258424	9606.ENSP00000497474	0	0.865	0.800	0	0.971
COX5B	COX6B1	9606.ENSP00000258424	9606.ENSP00000466818	0	0.929	0.876	0	0.990
COX5B	MT-CO1	9606.ENSP00000258424	9606.ENSP00000354499	0	0.972	0.935	0	0.998
COX5B	COX7C	9606.ENSP00000258424	9606.ENSP00000425759	0	0.970	0.959	0	0.998
COX5B	COX6C	9606.ENSP00000258424	9606.ENSP00000429707	0	0.843	0.935	0	0.989
COX5B	MT-CO2	9606.ENSP00000258424	9606.ENSP00000354876	0	0.984	0.959	0	0.999
COX6A1	UQCRC1	9606.ENSP00000229379	9606.ENSP00000203407	0	0.744	0.540	0	0.877
COX6A1	MT-CYB	9606.ENSP00000229379	9606.ENSP00000354554	0	0.377	0.540	0	0.701
COX6A1	UQCR11	9606.ENSP00000229379	9606.ENSP00000467262	0	0.407	0.540	0	0.715
COX6A1	UQCR10	9606.ENSP00000229379	9606.ENSP00000332887	0	0.472	0.540	0	0.746
COX6A1	CYC1	9606.ENSP00000229379	9606.ENSP00000317159	0	0.483	0.540	0	0.752
COX6A1	UQCRC2	9606.ENSP00000229379	9606.ENSP00000268379	0	0.496	0.540	0	0.758
COX6A1	UQCRFS1	9606.ENSP00000229379	9606.ENSP00000306397	0	0.500	0.540	0	0.760
COX6A1	UQCRQ	9606.ENSP00000229379	9606.ENSP00000367939	0	0.671	0.540	0	0.842
COX6A1	UQCRB	9606.ENSP00000229379	9606.ENSP00000430494	0	0.715	0.540	0	0.863
COX6A1	COX6A2	9606.ENSP00000229379	9606.ENSP00000287490	0	0	0.900	0	0.900
COX6A1	COX7A2L	9606.ENSP00000229379	9606.ENSP00000367938	0	0.611	0.800	0	0.919
COX6A1	COX8A	9606.ENSP00000229379	9606.ENSP00000321260	0	0.800	0.800	0	0.958
COX6A1	COX7B	9606.ENSP00000229379	9606.ENSP00000497474	0	0.859	0.800	0	0.970
COX6A1	COX7C	9606.ENSP00000229379	9606.ENSP00000425759	0	0.895	0.888	0	0.987
COX6A1	COX7A2	9606.ENSP00000229379	9606.ENSP00000359098	0	0.906	0.540	0	0.954
COX6A1	NDUFA4	9606.ENSP00000229379	9606.ENSP00000339720	0	0.838	0.800	0	0.966
COX6A1	MT-CO2	9606.ENSP00000229379	9606.ENSP00000354876	0	0.940	0.888	0	0.993
COX6A1	MT-CO1	9606.ENSP00000229379	9606.ENSP00000354499	0	0.960	0.800	0	0.991
COX6A1	COX6C	9606.ENSP00000229379	9606.ENSP00000429707	0	0.948	0.800	0	0.989
COX6A1	COX6B1	9606.ENSP00000229379	9606.ENSP00000466818	0	0.974	0.851	0	0.995
COX6A2	NDUFB4	9606.ENSP00000287490	9606.ENSP00000184266	0	0.828	0	0	0.828
COX6A2	UQCRC1	9606.ENSP00000287490	9606.ENSP00000203407	0	0.876	0.540	0	0.940
COX6A2	NDUFB7	9606.ENSP00000287490	9606.ENSP00000215565	0	0.828	0	0	0.828
COX6A2	NDUFS7	9606.ENSP00000287490	9606.ENSP00000233627	0	0.816	0	0	0.816
COX6A2	NDUFA2	9606.ENSP00000287490	9606.ENSP00000252102	0	0.842	0	0	0.842
COX6A2	NDUFA10	9606.ENSP00000287490	9606.ENSP00000252711	0	0.842	0	0	0.842
COX6A2	NDUFB5	9606.ENSP00000287490	9606.ENSP00000259037	0	0.818	0	0	0.818
COX6A2	NDUFS3	9606.ENSP00000287490	9606.ENSP00000263774	0	0.818	0	0	0.818
COX6A2	NDUFA9	9606.ENSP00000287490	9606.ENSP00000266544	0	0.859	0	0	0.859
COX6A2	UQCRC2	9606.ENSP00000287490	9606.ENSP00000268379	0	0.894	0.540	0	0.949
COX6A2	NDUFB10	9606.ENSP00000287490	9606.ENSP00000268668	0	0.842	0	0	0.842
COX6A2	NDUFS6	9606.ENSP00000287490	9606.ENSP00000274137	0	0.842	0	0	0.842
COX6A2	NDUFB11	9606.ENSP00000287490	9606.ENSP00000276062	0	0.818	0	0	0.818
COX6A2	NDUFB9	9606.ENSP00000287490	9606.ENSP00000276689	0	0.832	0	0	0.832
COX6A2	NDUFC2	9606.ENSP00000287490	9606.ENSP00000281031	0	0.819	0	0	0.819
COX6A2	NDUFB2	9606.ENSP00000287490	9606.ENSP00000419087	0	0.800	0	0	0.800
COX6A2	NDUFV3	9606.ENSP00000287490	9606.ENSP00000346196	0	0.800	0	0	0.800
COX6A2	NDUFC1	9606.ENSP00000287490	9606.ENSP00000441126	0	0.800	0	0	0.800
COX6A2	NDUFA7	9606.ENSP00000287490	9606.ENSP00000301457	0	0.806	0	0	0.806
COX6A2	NDUFA11	9606.ENSP00000287490	9606.ENSP00000389160	0	0.808	0	0	0.808
COX6A2	MT-ND5	9606.ENSP00000287490	9606.ENSP00000354813	0	0.816	0	0	0.816
COX6A2	MT-ND2	9606.ENSP00000287490	9606.ENSP00000355046	0	0.816	0	0	0.816
COX6A2	NDUFB1	9606.ENSP00000287490	9606.ENSP00000483888	0	0.818	0	0	0.818
COX6A2	MT-ND6	9606.ENSP00000287490	9606.ENSP00000354665	0	0.818	0	0	0.818
COX6A2	MT-ND4	9606.ENSP00000287490	9606.ENSP00000354961	0	0.818	0	0	0.818
COX6A2	NDUFA6	9606.ENSP00000287490	9606.ENSP00000482543	0	0.818	0	0	0.818
COX6A2	NDUFA1	9606.ENSP00000287490	9606.ENSP00000360492	0	0.818	0	0	0.818
COX6A2	NDUFA3	9606.ENSP00000287490	9606.ENSP00000418438	0	0.818	0	0	0.818
COX6A2	NDUFB8	9606.ENSP00000287490	9606.ENSP00000299166	0	0.818	0	0	0.818
COX6A2	NDUFA8	9606.ENSP00000287490	9606.ENSP00000362873	0	0.818	0	0	0.818
COX6A2	NDUFV2	9606.ENSP00000287490	9606.ENSP00000327268	0	0.818	0	0	0.818
COX6A2	MT-ND4L	9606.ENSP00000287490	9606.ENSP00000354728	0	0.818	0	0	0.818
COX6A2	NDUFS4	9606.ENSP00000287490	9606.ENSP00000296684	0	0.818	0	0	0.818
COX6A2	MT-ND3	9606.ENSP00000287490	9606.ENSP00000355206	0	0.818	0	0	0.818
COX6A2	MT-ND1	9606.ENSP00000287490	9606.ENSP00000354687	0	0.818	0	0	0.818
COX6A2	NDUFB3	9606.ENSP00000287490	9606.ENSP00000407336	0	0.818	0	0	0.818
COX6A2	NDUFV1	9606.ENSP00000287490	9606.ENSP00000497587	0	0.820	0	0	0.820
COX6A2	NDUFA13	9606.ENSP00000287490	9606.ENSP00000423673	0	0.828	0	0	0.828
COX6A2	NDUFS8	9606.ENSP00000287490	9606.ENSP00000315774	0	0.828	0	0	0.828
COX6A2	NDUFS5	9606.ENSP00000287490	9606.ENSP00000362058	0	0.828	0	0	0.828
COX6A2	NDUFS1	9606.ENSP00000287490	9606.ENSP00000392709	0	0.828	0	0	0.828
COX6A2	NDUFAB1	9606.ENSP00000287490	9606.ENSP00000458770	0	0.831	0	0	0.831
COX6A2	NDUFB6	9606.ENSP00000287490	9606.ENSP00000369176	0	0.831	0	0	0.831
COX6A2	NDUFA12	9606.ENSP00000287490	9606.ENSP00000330737	0	0.835	0	0	0.835
COX6A2	NDUFS2	9606.ENSP00000287490	9606.ENSP00000356972	0	0.836	0	0	0.836
COX6A2	NDUFA5	9606.ENSP00000287490	9606.ENSP00000417142	0	0.842	0	0	0.842
COX6A2	MT-CO2	9606.ENSP00000287490	9606.ENSP00000354876	0	0.731	0.744	0	0.928
COX6A2	COX6C	9606.ENSP00000287490	9606.ENSP00000429707	0	0.585	0.540	0	0.801
COX6A2	UQCRH	9606.ENSP00000287490	9606.ENSP00000309565	0	0.867	0.540	0	0.936
COX6A2	MT-CYB	9606.ENSP00000287490	9606.ENSP00000354554	0	0.870	0.540	0	0.937
COX6A2	UQCR11	9606.ENSP00000287490	9606.ENSP00000467262	0	0.876	0.540	0	0.940
COX6A2	UQCRB	9606.ENSP00000287490	9606.ENSP00000430494	0	0.892	0.540	0	0.948
COX6A2	UQCR10	9606.ENSP00000287490	9606.ENSP00000332887	0	0.894	0.540	0	0.949
COX6A2	CYC1	9606.ENSP00000287490	9606.ENSP00000317159	0	0.894	0.540	0	0.949
COX6A2	UQCRFS1	9606.ENSP00000287490	9606.ENSP00000306397	0	0.895	0.540	0	0.949
COX6A2	UQCRQ	9606.ENSP00000287490	9606.ENSP00000367939	0	0.894	0.540	0	0.949
COX6A2	MT-CO1	9606.ENSP00000287490	9606.ENSP00000354499	0	0.919	0.540	0	0.961
COX6A2	COX7B	9606.ENSP00000287490	9606.ENSP00000497474	0	0.865	0.540	0	0.935
COX6A2	COX7A1	9606.ENSP00000287490	9606.ENSP00000292907	0	0.871	0.360	0	0.914
COX6A2	COX7C	9606.ENSP00000287490	9606.ENSP00000425759	0	0.880	0.744	0	0.968
COX6A2	COX6B1	9606.ENSP00000287490	9606.ENSP00000466818	0	0.872	0.659	0	0.954
COX6B1	NDUFB4	9606.ENSP00000466818	9606.ENSP00000184266	0	0.864	0	0	0.864
COX6B1	UQCRC1	9606.ENSP00000466818	9606.ENSP00000203407	0	0.867	0.540	0	0.936
COX6B1	NDUFB7	9606.ENSP00000466818	9606.ENSP00000215565	0	0.832	0	0	0.832
COX6B1	NDUFS7	9606.ENSP00000466818	9606.ENSP00000233627	0	0.842	0	0	0.842
COX6B1	NDUFA2	9606.ENSP00000466818	9606.ENSP00000252102	0	0.842	0	0	0.842
COX6B1	NDUFA10	9606.ENSP00000466818	9606.ENSP00000252711	0	0.877	0	0	0.877
COX6B1	NDUFB5	9606.ENSP00000466818	9606.ENSP00000259037	0	0.821	0	0	0.821
COX6B1	NDUFS3	9606.ENSP00000466818	9606.ENSP00000263774	0	0.849	0	0	0.849
COX6B1	NDUFA9	9606.ENSP00000466818	9606.ENSP00000266544	0	0.837	0	0	0.837
COX6B1	UQCRC2	9606.ENSP00000466818	9606.ENSP00000268379	0	0.931	0.540	0	0.967
COX6B1	NDUFB10	9606.ENSP00000466818	9606.ENSP00000268668	0	0.821	0	0	0.821
COX6B1	NDUFS6	9606.ENSP00000466818	9606.ENSP00000274137	0	0.842	0	0	0.842
COX6B1	NDUFB11	9606.ENSP00000466818	9606.ENSP00000276062	0	0.818	0	0	0.818
COX6B1	NDUFB9	9606.ENSP00000466818	9606.ENSP00000276689	0	0.881	0	0	0.881
COX6B1	NDUFC2	9606.ENSP00000466818	9606.ENSP00000281031	0	0.853	0	0	0.853
COX6B1	COX7A1	9606.ENSP00000466818	9606.ENSP00000292907	0	0.919	0.360	0	0.946
COX6B1	NDUFS4	9606.ENSP00000466818	9606.ENSP00000296684	0	0.867	0	0	0.867
COX6B1	NDUFB8	9606.ENSP00000466818	9606.ENSP00000299166	0	0.818	0	0	0.818
COX6B1	NDUFA7	9606.ENSP00000466818	9606.ENSP00000301457	0	0.862	0	0	0.862
COX6B1	UQCRFS1	9606.ENSP00000466818	9606.ENSP00000306397	0	0.910	0.540	0	0.957
COX6B1	UQCRH	9606.ENSP00000466818	9606.ENSP00000309565	0	0.864	0.540	0	0.935
COX6B1	NDUFS8	9606.ENSP00000466818	9606.ENSP00000315774	0	0.828	0	0	0.828
COX6B1	CYC1	9606.ENSP00000466818	9606.ENSP00000317159	0	0.875	0.540	0	0.940
COX6B1	COX8A	9606.ENSP00000466818	9606.ENSP00000321260	0	0.800	0.800	0	0.958
COX6B1	NDUFV2	9606.ENSP00000466818	9606.ENSP00000327268	0	0.821	0	0	0.821
COX6B1	NDUFA12	9606.ENSP00000466818	9606.ENSP00000330737	0	0.842	0	0	0.842
COX6B1	UQCR10	9606.ENSP00000466818	9606.ENSP00000332887	0	0.909	0.540	0	0.956
COX6B1	NDUFA4	9606.ENSP00000466818	9606.ENSP00000339720	0	0.919	0.800	0	0.983
COX6B1	NDUFV3	9606.ENSP00000466818	9606.ENSP00000346196	0	0.800	0	0	0.800
COX6B1	MT-CO1	9606.ENSP00000466818	9606.ENSP00000354499	0	0.936	0.800	0	0.986
COX6B1	MT-CYB	9606.ENSP00000466818	9606.ENSP00000354554	0	0.866	0.540	0	0.936
COX6B1	MT-ND6	9606.ENSP00000466818	9606.ENSP00000354665	0	0.818	0	0	0.818
COX6B1	MT-ND1	9606.ENSP00000466818	9606.ENSP00000354687	0	0.818	0	0	0.818
COX6B1	MT-ND4L	9606.ENSP00000466818	9606.ENSP00000354728	0	0.818	0	0	0.818
COX6B1	MT-ND5	9606.ENSP00000466818	9606.ENSP00000354813	0	0.818	0	0	0.818
COX6B1	MT-CO2	9606.ENSP00000466818	9606.ENSP00000354876	0	0.982	0.876	0	0.997
COX6B1	MT-ND4	9606.ENSP00000466818	9606.ENSP00000354961	0	0.818	0	0	0.818
COX6B1	MT-ND2	9606.ENSP00000466818	9606.ENSP00000355046	0	0.818	0	0	0.818
COX6B1	MT-ND3	9606.ENSP00000466818	9606.ENSP00000355206	0	0.818	0	0	0.818
COX6B1	NDUFS2	9606.ENSP00000466818	9606.ENSP00000356972	0	0.832	0	0	0.832
COX6B1	COX7A2	9606.ENSP00000466818	9606.ENSP00000359098	0	0.925	0.540	0	0.964
COX6B1	NDUFA1	9606.ENSP00000466818	9606.ENSP00000360492	0	0.818	0	0	0.818
COX6B1	NDUFS5	9606.ENSP00000466818	9606.ENSP00000362058	0	0.841	0	0	0.841
COX6B1	NDUFA8	9606.ENSP00000466818	9606.ENSP00000362873	0	0.818	0	0	0.818
COX6B1	COX7A2L	9606.ENSP00000466818	9606.ENSP00000367938	0	0.400	0.800	0	0.874
COX6B1	UQCRQ	9606.ENSP00000466818	9606.ENSP00000367939	0	0.942	0.540	0	0.972
COX6B1	NDUFB6	9606.ENSP00000466818	9606.ENSP00000369176	0	0.820	0	0	0.820
COX6B1	COX7B2	9606.ENSP00000466818	9606.ENSP00000379784	0	0.668	0.540	0	0.841
COX6B1	NDUFA11	9606.ENSP00000466818	9606.ENSP00000389160	0	0.808	0	0	0.808
COX6B1	NDUFS1	9606.ENSP00000466818	9606.ENSP00000392709	0	0.875	0	0	0.875
COX6B1	NDUFB3	9606.ENSP00000466818	9606.ENSP00000407336	0	0.818	0	0	0.818
COX6B1	NDUFA5	9606.ENSP00000466818	9606.ENSP00000417142	0	0.842	0	0	0.842
COX6B1	NDUFA3	9606.ENSP00000466818	9606.ENSP00000418438	0	0.820	0	0	0.820
COX6B1	NDUFB2	9606.ENSP00000466818	9606.ENSP00000419087	0	0.800	0	0	0.800
COX6B1	NDUFA13	9606.ENSP00000466818	9606.ENSP00000423673	0	0.836	0	0	0.836
COX6B1	COX7C	9606.ENSP00000466818	9606.ENSP00000425759	0	0.931	0.876	0	0.991
COX6B1	COX6C	9606.ENSP00000466818	9606.ENSP00000429707	0	0.891	0.800	0	0.977
COX6B1	UQCRB	9606.ENSP00000466818	9606.ENSP00000430494	0	0.937	0.540	0	0.970
COX6B1	NDUFC1	9606.ENSP00000466818	9606.ENSP00000441126	0	0.800	0	0	0.800
COX6B1	NDUFAB1	9606.ENSP00000466818	9606.ENSP00000458770	0	0.831	0	0	0.831
COX6B1	NDUFV1	9606.ENSP00000466818	9606.ENSP00000497587	0	0.850	0	0	0.850
COX6B1	NDUFB1	9606.ENSP00000466818	9606.ENSP00000483888	0	0.818	0	0	0.818
COX6B1	NDUFA6	9606.ENSP00000466818	9606.ENSP00000482543	0	0.869	0	0	0.869
COX6B1	COX6B2	9606.ENSP00000466818	9606.ENSP00000467266	0	0	0.900	0	0.900
COX6B1	UQCR11	9606.ENSP00000466818	9606.ENSP00000467262	0	0.869	0.540	0	0.937
COX6B1	COX7B	9606.ENSP00000466818	9606.ENSP00000497474	0	0.860	0.800	0	0.970
COX6B2	MT-CO2	9606.ENSP00000467266	9606.ENSP00000354876	0	0.399	0.604	0	0.752
COX6B2	COX7C	9606.ENSP00000467266	9606.ENSP00000425759	0	0.395	0.604	0	0.750
COX6C	UQCRC1	9606.ENSP00000429707	9606.ENSP00000203407	0	0.486	0.540	0	0.753
COX6C	UQCRC2	9606.ENSP00000429707	9606.ENSP00000268379	0	0.486	0.540	0	0.753
COX6C	COX7A1	9606.ENSP00000429707	9606.ENSP00000292907	0	0.646	0.360	0	0.763
COX6C	UQCRFS1	9606.ENSP00000429707	9606.ENSP00000306397	0	0.631	0.540	0	0.823
COX6C	UQCRH	9606.ENSP00000429707	9606.ENSP00000309565	0	0.385	0.540	0	0.705
COX6C	CYC1	9606.ENSP00000429707	9606.ENSP00000317159	0	0.574	0.540	0	0.795
COX6C	COX8A	9606.ENSP00000429707	9606.ENSP00000321260	0	0.825	0.800	0	0.963
COX6C	UQCR10	9606.ENSP00000429707	9606.ENSP00000332887	0	0.513	0.540	0	0.766
COX6C	NDUFA4	9606.ENSP00000429707	9606.ENSP00000339720	0	0.860	0.800	0	0.970
COX6C	MT-CO1	9606.ENSP00000429707	9606.ENSP00000354499	0	0.947	0.935	0	0.996
COX6C	MT-CYB	9606.ENSP00000429707	9606.ENSP00000354554	0	0.486	0.540	0	0.753
COX6C	MT-CO2	9606.ENSP00000429707	9606.ENSP00000354876	0	0.972	0.935	0	0.998
COX6C	COX7A2	9606.ENSP00000429707	9606.ENSP00000359098	0	0.800	0.540	0	0.904
COX6C	COX7A2L	9606.ENSP00000429707	9606.ENSP00000367938	0	0.411	0.800	0	0.877
COX6C	UQCRQ	9606.ENSP00000429707	9606.ENSP00000367939	0	0.486	0.540	0	0.753
COX6C	COX7B2	9606.ENSP00000429707	9606.ENSP00000379784	0	0.630	0.540	0	0.822
COX6C	COX7C	9606.ENSP00000429707	9606.ENSP00000425759	0	0.929	0.935	0	0.995
COX6C	UQCRHL	9606.ENSP00000429707	9606.ENSP00000485401	0	0.385	0.540	0	0.705
COX6C	UQCR11	9606.ENSP00000429707	9606.ENSP00000467262	0	0.486	0.540	0	0.753
COX6C	UQCRB	9606.ENSP00000429707	9606.ENSP00000430494	0	0.486	0.540	0	0.753
COX6C	COX7B	9606.ENSP00000429707	9606.ENSP00000497474	0	0.938	0.800	0	0.987
COX7A1	NDUFB4	9606.ENSP00000292907	9606.ENSP00000184266	0	0.807	0	0	0.807
COX7A1	UQCRC1	9606.ENSP00000292907	9606.ENSP00000203407	0	0.887	0.360	0	0.924
COX7A1	NDUFB7	9606.ENSP00000292907	9606.ENSP00000215565	0	0.807	0	0	0.807
COX7A1	NDUFS7	9606.ENSP00000292907	9606.ENSP00000233627	0	0.812	0	0	0.812
COX7A1	NDUFA2	9606.ENSP00000292907	9606.ENSP00000252102	0	0.807	0	0	0.807
COX7A1	NDUFA10	9606.ENSP00000292907	9606.ENSP00000252711	0	0.817	0	0	0.817
COX7A1	NDUFB5	9606.ENSP00000292907	9606.ENSP00000259037	0	0.807	0	0	0.807
COX7A1	NDUFS3	9606.ENSP00000292907	9606.ENSP00000263774	0	0.807	0	0	0.807
COX7A1	NDUFA9	9606.ENSP00000292907	9606.ENSP00000266544	0	0.813	0	0	0.813
COX7A1	UQCRC2	9606.ENSP00000292907	9606.ENSP00000268379	0	0.896	0.360	0	0.930
COX7A1	NDUFB10	9606.ENSP00000292907	9606.ENSP00000268668	0	0.807	0	0	0.807
COX7A1	NDUFS6	9606.ENSP00000292907	9606.ENSP00000274137	0	0.807	0	0	0.807
COX7A1	NDUFB11	9606.ENSP00000292907	9606.ENSP00000276062	0	0.807	0	0	0.807
COX7A1	NDUFB9	9606.ENSP00000292907	9606.ENSP00000276689	0	0.807	0	0	0.807
COX7A1	NDUFC2	9606.ENSP00000292907	9606.ENSP00000281031	0	0.803	0	0	0.803
COX7A1	NDUFC1	9606.ENSP00000292907	9606.ENSP00000441126	0	0.800	0	0	0.800
COX7A1	NDUFA7	9606.ENSP00000292907	9606.ENSP00000301457	0	0.800	0	0	0.800
COX7A1	NDUFB2	9606.ENSP00000292907	9606.ENSP00000419087	0	0.800	0	0	0.800
COX7A1	NDUFA11	9606.ENSP00000292907	9606.ENSP00000389160	0	0.803	0	0	0.803
COX7A1	MT-ND1	9606.ENSP00000292907	9606.ENSP00000354687	0	0.807	0	0	0.807
COX7A1	NDUFB3	9606.ENSP00000292907	9606.ENSP00000407336	0	0.807	0	0	0.807
COX7A1	NDUFS4	9606.ENSP00000292907	9606.ENSP00000296684	0	0.807	0	0	0.807
COX7A1	MT-ND3	9606.ENSP00000292907	9606.ENSP00000355206	0	0.807	0	0	0.807
COX7A1	NDUFA5	9606.ENSP00000292907	9606.ENSP00000417142	0	0.807	0	0	0.807
COX7A1	NDUFA8	9606.ENSP00000292907	9606.ENSP00000362873	0	0.807	0	0	0.807
COX7A1	NDUFV1	9606.ENSP00000292907	9606.ENSP00000497587	0	0.807	0	0	0.807
COX7A1	MT-ND4L	9606.ENSP00000292907	9606.ENSP00000354728	0	0.807	0	0	0.807
COX7A1	NDUFV2	9606.ENSP00000292907	9606.ENSP00000327268	0	0.807	0	0	0.807
COX7A1	NDUFA3	9606.ENSP00000292907	9606.ENSP00000418438	0	0.807	0	0	0.807
COX7A1	NDUFA12	9606.ENSP00000292907	9606.ENSP00000330737	0	0.807	0	0	0.807
COX7A1	NDUFS2	9606.ENSP00000292907	9606.ENSP00000356972	0	0.807	0	0	0.807
COX7A1	NDUFA6	9606.ENSP00000292907	9606.ENSP00000482543	0	0.807	0	0	0.807
COX7A1	NDUFB6	9606.ENSP00000292907	9606.ENSP00000369176	0	0.807	0	0	0.807
COX7A1	NDUFS5	9606.ENSP00000292907	9606.ENSP00000362058	0	0.807	0	0	0.807
COX7A1	NDUFS8	9606.ENSP00000292907	9606.ENSP00000315774	0	0.807	0	0	0.807
COX7A1	MT-ND6	9606.ENSP00000292907	9606.ENSP00000354665	0	0.807	0	0	0.807
COX7A1	MT-ND4	9606.ENSP00000292907	9606.ENSP00000354961	0	0.807	0	0	0.807
COX7A1	MT-ND2	9606.ENSP00000292907	9606.ENSP00000355046	0	0.807	0	0	0.807
COX7A1	NDUFB1	9606.ENSP00000292907	9606.ENSP00000483888	0	0.807	0	0	0.807
COX7A1	NDUFA13	9606.ENSP00000292907	9606.ENSP00000423673	0	0.807	0	0	0.807
COX7A1	NDUFA1	9606.ENSP00000292907	9606.ENSP00000360492	0	0.807	0	0	0.807
COX7A1	NDUFAB1	9606.ENSP00000292907	9606.ENSP00000458770	0	0.816	0	0	0.816
COX7A1	NDUFS1	9606.ENSP00000292907	9606.ENSP00000392709	0	0.821	0	0	0.821
COX7A1	NDUFV3	9606.ENSP00000292907	9606.ENSP00000346196	0	0.800	0	0	0.800
COX7A1	MT-ND5	9606.ENSP00000292907	9606.ENSP00000354813	0	0.807	0	0	0.807
COX7A1	NDUFB8	9606.ENSP00000292907	9606.ENSP00000299166	0	0.807	0	0	0.807
COX7A1	COX7A2L	9606.ENSP00000292907	9606.ENSP00000367938	0	0	0.900	0	0.900
COX7A1	COX7B	9606.ENSP00000292907	9606.ENSP00000497474	0	0.857	0.360	0	0.905
COX7A1	MT-CYB	9606.ENSP00000292907	9606.ENSP00000354554	0	0.870	0.360	0	0.913
COX7A1	UQCRH	9606.ENSP00000292907	9606.ENSP00000309565	0	0.871	0.360	0	0.914
COX7A1	MT-CO2	9606.ENSP00000292907	9606.ENSP00000354876	0	0.877	0.360	0	0.918
COX7A1	COX7A2	9606.ENSP00000292907	9606.ENSP00000359098	0	0	0.900	0	0.900
COX7A1	MT-CO1	9606.ENSP00000292907	9606.ENSP00000354499	0	0.889	0.360	0	0.925
COX7A1	UQCRFS1	9606.ENSP00000292907	9606.ENSP00000306397	0	0.896	0.360	0	0.930
COX7A1	CYC1	9606.ENSP00000292907	9606.ENSP00000317159	0	0.896	0.360	0	0.930
COX7A1	UQCRQ	9606.ENSP00000292907	9606.ENSP00000367939	0	0.896	0.360	0	0.930
COX7A1	UQCR10	9606.ENSP00000292907	9606.ENSP00000332887	0	0.896	0.360	0	0.930
COX7A1	COX7C	9606.ENSP00000292907	9606.ENSP00000425759	0	0.896	0.360	0	0.931
COX7A1	UQCRB	9606.ENSP00000292907	9606.ENSP00000430494	0	0.876	0.360	0	0.917
COX7A1	UQCR11	9606.ENSP00000292907	9606.ENSP00000467262	0	0.940	0.360	0	0.960
COX7A2	COX8A	9606.ENSP00000359098	9606.ENSP00000321260	0	0.800	0.540	0	0.904
COX7A2	NDUFA4	9606.ENSP00000359098	9606.ENSP00000339720	0	0.838	0.540	0	0.922
COX7A2	MT-CO1	9606.ENSP00000359098	9606.ENSP00000354499	0	0.900	0.540	0	0.952
COX7A2	MT-CO2	9606.ENSP00000359098	9606.ENSP00000354876	0	0.944	0.540	0	0.973
COX7A2	COX7B2	9606.ENSP00000359098	9606.ENSP00000379784	0	0.509	0.540	0	0.764
COX7A2	COX7B	9606.ENSP00000359098	9606.ENSP00000497474	0	0.800	0.540	0	0.904
COX7A2	COX7A2L	9606.ENSP00000359098	9606.ENSP00000367938	0	0.162	0.900	0	0.912
COX7A2	COX7C	9606.ENSP00000359098	9606.ENSP00000425759	0	0.900	0.540	0	0.952
COX7A2L	UQCRC2	9606.ENSP00000367938	9606.ENSP00000268379	0	0.743	0.360	0	0.828
COX7A2L	NDUFS4	9606.ENSP00000367938	9606.ENSP00000296684	0	0.734	0	0	0.734
COX7A2L	UQCRH	9606.ENSP00000367938	9606.ENSP00000309565	0	0.709	0.360	0	0.806
COX7A2L	COX8A	9606.ENSP00000367938	9606.ENSP00000321260	0	0.161	0.800	0	0.825
COX7A2L	UQCR10	9606.ENSP00000367938	9606.ENSP00000332887	0	0.647	0.360	0	0.764
COX7A2L	NDUFA4	9606.ENSP00000367938	9606.ENSP00000339720	0	0.228	0.800	0	0.838
COX7A2L	MT-CO1	9606.ENSP00000367938	9606.ENSP00000354499	0	0.422	0.800	0	0.879
COX7A2L	MT-CO2	9606.ENSP00000367938	9606.ENSP00000354876	0	0.411	0.800	0	0.877
COX7A2L	NDUFS5	9606.ENSP00000367938	9606.ENSP00000362058	0	0.734	0	0	0.734
COX7A2L	COX7B2	9606.ENSP00000367938	9606.ENSP00000379784	0	0.632	0.360	0	0.754
COX7A2L	COX7B	9606.ENSP00000367938	9606.ENSP00000497474	0	0.132	0.800	0	0.818
COX7A2L	UQCRQ	9606.ENSP00000367938	9606.ENSP00000367939	0	0.757	0.360	0	0.838
COX7A2L	UQCRB	9606.ENSP00000367938	9606.ENSP00000430494	0	0.758	0.360	0	0.839
COX7A2L	COX7C	9606.ENSP00000367938	9606.ENSP00000425759	0	0.739	0.800	0	0.945
COX7B	NDUFB4	9606.ENSP00000497474	9606.ENSP00000184266	0	0.814	0	0	0.814
COX7B	UQCRC1	9606.ENSP00000497474	9606.ENSP00000203407	0	0.865	0.540	0	0.935
COX7B	NDUFB7	9606.ENSP00000497474	9606.ENSP00000215565	0	0.814	0	0	0.814
COX7B	NDUFS7	9606.ENSP00000497474	9606.ENSP00000233627	0	0.814	0	0	0.814
COX7B	NDUFA2	9606.ENSP00000497474	9606.ENSP00000252102	0	0.814	0	0	0.814
COX7B	NDUFA10	9606.ENSP00000497474	9606.ENSP00000252711	0	0.814	0	0	0.814
COX7B	NDUFB5	9606.ENSP00000497474	9606.ENSP00000259037	0	0.832	0	0	0.832
COX7B	NDUFS3	9606.ENSP00000497474	9606.ENSP00000263774	0	0.814	0	0	0.814
COX7B	NDUFA9	9606.ENSP00000497474	9606.ENSP00000266544	0	0.807	0	0	0.807
COX7B	UQCRC2	9606.ENSP00000497474	9606.ENSP00000268379	0	0.865	0.540	0	0.935
COX7B	NDUFB10	9606.ENSP00000497474	9606.ENSP00000268668	0	0.814	0	0	0.814
COX7B	NDUFS6	9606.ENSP00000497474	9606.ENSP00000274137	0	0.814	0	0	0.814
COX7B	NDUFB11	9606.ENSP00000497474	9606.ENSP00000276062	0	0.814	0	0	0.814
COX7B	NDUFB9	9606.ENSP00000497474	9606.ENSP00000276689	0	0.828	0	0	0.828
COX7B	NDUFC2	9606.ENSP00000497474	9606.ENSP00000281031	0	0.807	0	0	0.807
COX7B	NDUFS4	9606.ENSP00000497474	9606.ENSP00000296684	0	0.814	0	0	0.814
COX7B	NDUFB8	9606.ENSP00000497474	9606.ENSP00000299166	0	0.814	0	0	0.814
COX7B	NDUFA7	9606.ENSP00000497474	9606.ENSP00000301457	0	0.800	0	0	0.800
COX7B	UQCRFS1	9606.ENSP00000497474	9606.ENSP00000306397	0	0.865	0.540	0	0.935
COX7B	UQCRH	9606.ENSP00000497474	9606.ENSP00000309565	0	0.860	0.540	0	0.932
COX7B	NDUFS8	9606.ENSP00000497474	9606.ENSP00000315774	0	0.814	0	0	0.814
COX7B	CYC1	9606.ENSP00000497474	9606.ENSP00000317159	0	0.881	0.540	0	0.943
COX7B	COX8A	9606.ENSP00000497474	9606.ENSP00000321260	0	0.825	0.800	0	0.963
COX7B	NDUFV2	9606.ENSP00000497474	9606.ENSP00000327268	0	0.814	0	0	0.814
COX7B	NDUFA12	9606.ENSP00000497474	9606.ENSP00000330737	0	0.814	0	0	0.814
COX7B	UQCR10	9606.ENSP00000497474	9606.ENSP00000332887	0	0.865	0.540	0	0.935
COX7B	NDUFA4	9606.ENSP00000497474	9606.ENSP00000339720	0	0.800	0.800	0	0.958
COX7B	NDUFV3	9606.ENSP00000497474	9606.ENSP00000346196	0	0.800	0	0	0.800
COX7B	MT-CO1	9606.ENSP00000497474	9606.ENSP00000354499	0	0.933	0.800	0	0.986
COX7B	MT-CYB	9606.ENSP00000497474	9606.ENSP00000354554	0	0.865	0.540	0	0.935
COX7B	MT-ND6	9606.ENSP00000497474	9606.ENSP00000354665	0	0.814	0	0	0.814
COX7B	MT-ND1	9606.ENSP00000497474	9606.ENSP00000354687	0	0.814	0	0	0.814
COX7B	MT-ND4L	9606.ENSP00000497474	9606.ENSP00000354728	0	0.814	0	0	0.814
COX7B	MT-ND5	9606.ENSP00000497474	9606.ENSP00000354813	0	0.814	0	0	0.814
COX7B	MT-CO2	9606.ENSP00000497474	9606.ENSP00000354876	0	0.941	0.800	0	0.987
COX7B	MT-ND4	9606.ENSP00000497474	9606.ENSP00000354961	0	0.814	0	0	0.814
COX7B	MT-ND2	9606.ENSP00000497474	9606.ENSP00000355046	0	0.814	0	0	0.814
COX7B	MT-ND3	9606.ENSP00000497474	9606.ENSP00000355206	0	0.814	0	0	0.814
COX7B	NDUFS2	9606.ENSP00000497474	9606.ENSP00000356972	0	0.814	0	0	0.814
COX7B	NDUFA1	9606.ENSP00000497474	9606.ENSP00000360492	0	0.814	0	0	0.814
COX7B	NDUFS5	9606.ENSP00000497474	9606.ENSP00000362058	0	0.814	0	0	0.814
COX7B	NDUFA8	9606.ENSP00000497474	9606.ENSP00000362873	0	0.814	0	0	0.814
COX7B	UQCRQ	9606.ENSP00000497474	9606.ENSP00000367939	0	0.865	0.540	0	0.935
COX7B	NDUFB6	9606.ENSP00000497474	9606.ENSP00000369176	0	0.814	0	0	0.814
COX7B	COX7B2	9606.ENSP00000497474	9606.ENSP00000379784	0	0	0.900	0	0.900
COX7B	NDUFA11	9606.ENSP00000497474	9606.ENSP00000389160	0	0.807	0	0	0.807
COX7B	NDUFS1	9606.ENSP00000497474	9606.ENSP00000392709	0	0.814	0	0	0.814
COX7B	NDUFB3	9606.ENSP00000497474	9606.ENSP00000407336	0	0.814	0	0	0.814
COX7B	NDUFA5	9606.ENSP00000497474	9606.ENSP00000417142	0	0.814	0	0	0.814
COX7B	NDUFA3	9606.ENSP00000497474	9606.ENSP00000418438	0	0.814	0	0	0.814
COX7B	NDUFB2	9606.ENSP00000497474	9606.ENSP00000419087	0	0.800	0	0	0.800
COX7B	NDUFA13	9606.ENSP00000497474	9606.ENSP00000423673	0	0.814	0	0	0.814
COX7B	COX7C	9606.ENSP00000497474	9606.ENSP00000425759	0	0.880	0.800	0	0.975
COX7B	UQCRB	9606.ENSP00000497474	9606.ENSP00000430494	0	0.855	0.540	0	0.930
COX7B	NDUFC1	9606.ENSP00000497474	9606.ENSP00000441126	0	0.800	0	0	0.800
COX7B	NDUFAB1	9606.ENSP00000497474	9606.ENSP00000458770	0	0.814	0	0	0.814
COX7B	UQCR11	9606.ENSP00000497474	9606.ENSP00000467262	0	0.865	0.540	0	0.935
COX7B	NDUFA6	9606.ENSP00000497474	9606.ENSP00000482543	0	0.814	0	0	0.814
COX7B	NDUFB1	9606.ENSP00000497474	9606.ENSP00000483888	0	0.814	0	0	0.814
COX7B	NDUFV1	9606.ENSP00000497474	9606.ENSP00000497587	0	0.814	0	0	0.814
COX7B2	MT-CO1	9606.ENSP00000379784	9606.ENSP00000354499	0	0.461	0.540	0	0.741
COX7B2	UQCRQ	9606.ENSP00000379784	9606.ENSP00000367939	0	0.649	0.540	0	0.831
COX7B2	UQCRB	9606.ENSP00000379784	9606.ENSP00000430494	0	0.617	0.540	0	0.816
COX7C	NDUFB4	9606.ENSP00000425759	9606.ENSP00000184266	0	0.807	0	0	0.807
COX7C	UQCRC1	9606.ENSP00000425759	9606.ENSP00000203407	0	0.902	0.540	0	0.952
COX7C	NDUFB7	9606.ENSP00000425759	9606.ENSP00000215565	0	0.807	0	0	0.807
COX7C	NDUFS7	9606.ENSP00000425759	9606.ENSP00000233627	0	0.832	0	0	0.832
COX7C	NDUFA2	9606.ENSP00000425759	9606.ENSP00000252102	0	0.807	0	0	0.807
COX7C	NDUFA10	9606.ENSP00000425759	9606.ENSP00000252711	0	0.817	0	0	0.817
COX7C	NDUFB5	9606.ENSP00000425759	9606.ENSP00000259037	0	0.831	0	0	0.831
COX7C	NDUFS3	9606.ENSP00000425759	9606.ENSP00000263774	0	0.831	0	0	0.831
COX7C	NDUFA9	9606.ENSP00000425759	9606.ENSP00000266544	0	0.832	0	0	0.832
COX7C	UQCRC2	9606.ENSP00000425759	9606.ENSP00000268379	0	0.978	0.900	0	0.997
COX7C	NDUFB10	9606.ENSP00000425759	9606.ENSP00000268668	0	0.831	0	0	0.831
COX7C	NDUFS6	9606.ENSP00000425759	9606.ENSP00000274137	0	0.807	0	0	0.807
COX7C	NDUFB11	9606.ENSP00000425759	9606.ENSP00000276062	0	0.807	0	0	0.807
COX7C	NDUFB9	9606.ENSP00000425759	9606.ENSP00000276689	0	0.831	0	0	0.831
COX7C	NDUFC2	9606.ENSP00000425759	9606.ENSP00000281031	0	0.803	0	0	0.803
COX7C	NDUFS4	9606.ENSP00000425759	9606.ENSP00000296684	0	0.827	0	0	0.827
COX7C	NDUFB8	9606.ENSP00000425759	9606.ENSP00000299166	0	0.807	0	0	0.807
COX7C	NDUFA7	9606.ENSP00000425759	9606.ENSP00000301457	0	0.800	0	0	0.800
COX7C	UQCRFS1	9606.ENSP00000425759	9606.ENSP00000306397	0	0.947	0.900	0	0.994
COX7C	UQCRH	9606.ENSP00000425759	9606.ENSP00000309565	0	0.864	0.540	0	0.935
COX7C	NDUFS8	9606.ENSP00000425759	9606.ENSP00000315774	0	0.831	0	0	0.831
COX7C	CYC1	9606.ENSP00000425759	9606.ENSP00000317159	0	0.929	0.540	0	0.966
COX7C	COX8A	9606.ENSP00000425759	9606.ENSP00000321260	0	0.912	0.800	0	0.981
COX7C	NDUFV2	9606.ENSP00000425759	9606.ENSP00000327268	0	0.816	0	0	0.816
COX7C	NDUFA12	9606.ENSP00000425759	9606.ENSP00000330737	0	0.807	0	0	0.807
COX7C	UQCR10	9606.ENSP00000425759	9606.ENSP00000332887	0	0.940	0.540	0	0.971
COX7C	NDUFA4	9606.ENSP00000425759	9606.ENSP00000339720	0	0.860	0.900	0	0.985
COX7C	NDUFV3	9606.ENSP00000425759	9606.ENSP00000346196	0	0.800	0	0	0.800
COX7C	MT-CO1	9606.ENSP00000425759	9606.ENSP00000354499	0	0.975	0.967	0	0.999
COX7C	MT-CYB	9606.ENSP00000425759	9606.ENSP00000354554	0	0.874	0.540	0	0.939
COX7C	MT-ND6	9606.ENSP00000425759	9606.ENSP00000354665	0	0.807	0	0	0.807
COX7C	MT-ND1	9606.ENSP00000425759	9606.ENSP00000354687	0	0.807	0	0	0.807
COX7C	MT-ND4L	9606.ENSP00000425759	9606.ENSP00000354728	0	0.807	0	0	0.807
COX7C	MT-ND5	9606.ENSP00000425759	9606.ENSP00000354813	0	0.807	0	0	0.807
COX7C	MT-CO2	9606.ENSP00000425759	9606.ENSP00000354876	0	0.951	0.979	0	0.998
COX7C	MT-ND4	9606.ENSP00000425759	9606.ENSP00000354961	0	0.807	0	0	0.807
COX7C	MT-ND2	9606.ENSP00000425759	9606.ENSP00000355046	0	0.807	0	0	0.807
COX7C	MT-ND3	9606.ENSP00000425759	9606.ENSP00000355206	0	0.807	0	0	0.807
COX7C	NDUFS2	9606.ENSP00000425759	9606.ENSP00000356972	0	0.831	0	0	0.831
COX7C	NDUFA1	9606.ENSP00000425759	9606.ENSP00000360492	0	0.807	0	0	0.807
COX7C	NDUFS5	9606.ENSP00000425759	9606.ENSP00000362058	0	0.831	0	0	0.831
COX7C	NDUFA8	9606.ENSP00000425759	9606.ENSP00000362873	0	0.807	0	0	0.807
COX7C	UQCRQ	9606.ENSP00000425759	9606.ENSP00000367939	0	0.951	0.540	0	0.976
COX7C	NDUFB6	9606.ENSP00000425759	9606.ENSP00000369176	0	0.807	0	0	0.807
COX7C	NDUFA11	9606.ENSP00000425759	9606.ENSP00000389160	0	0.803	0	0	0.803
COX7C	NDUFS1	9606.ENSP00000425759	9606.ENSP00000392709	0	0.831	0	0	0.831
COX7C	NDUFB3	9606.ENSP00000425759	9606.ENSP00000407336	0	0.807	0	0	0.807
COX7C	NDUFA5	9606.ENSP00000425759	9606.ENSP00000417142	0	0.807	0	0	0.807
COX7C	NDUFA3	9606.ENSP00000425759	9606.ENSP00000418438	0	0.807	0	0	0.807
COX7C	NDUFB2	9606.ENSP00000425759	9606.ENSP00000419087	0	0.800	0	0	0.800
COX7C	NDUFA13	9606.ENSP00000425759	9606.ENSP00000423673	0	0.807	0	0	0.807
COX7C	NDUFC1	9606.ENSP00000425759	9606.ENSP00000441126	0	0.800	0	0	0.800
COX7C	NDUFA6	9606.ENSP00000425759	9606.ENSP00000482543	0	0.807	0	0	0.807
COX7C	NDUFB1	9606.ENSP00000425759	9606.ENSP00000483888	0	0.807	0	0	0.807
COX7C	NDUFAB1	9606.ENSP00000425759	9606.ENSP00000458770	0	0.816	0	0	0.816
COX7C	NDUFV1	9606.ENSP00000425759	9606.ENSP00000497587	0	0.831	0	0	0.831
COX7C	UQCR11	9606.ENSP00000425759	9606.ENSP00000467262	0	0.867	0.540	0	0.936
COX7C	UQCRB	9606.ENSP00000425759	9606.ENSP00000430494	0	0.958	0.540	0	0.979
COX8A	COX8C	9606.ENSP00000321260	9606.ENSP00000340568	0	0	0.900	0	0.900
COX8A	MT-CO2	9606.ENSP00000321260	9606.ENSP00000354876	0	0.825	0.800	0	0.963
COX8A	NDUFA4	9606.ENSP00000321260	9606.ENSP00000339720	0	0.860	0.800	0	0.970
COX8A	MT-CO1	9606.ENSP00000321260	9606.ENSP00000354499	0	0.900	0.800	0	0.979
CYC1	NDUFB4	9606.ENSP00000317159	9606.ENSP00000184266	0	0.859	0	0	0.859
CYC1	UQCRC1	9606.ENSP00000317159	9606.ENSP00000203407	0	0.962	0.889	0	0.995
CYC1	NDUFB7	9606.ENSP00000317159	9606.ENSP00000215565	0	0.913	0	0	0.913
CYC1	NDUFS7	9606.ENSP00000317159	9606.ENSP00000233627	0	0.884	0	0	0.884
CYC1	NDUFA2	9606.ENSP00000317159	9606.ENSP00000252102	0	0.946	0	0	0.946
CYC1	NDUFA10	9606.ENSP00000317159	9606.ENSP00000252711	0	0.864	0	0	0.864
CYC1	NDUFB5	9606.ENSP00000317159	9606.ENSP00000259037	0	0.842	0	0	0.842
CYC1	NDUFS3	9606.ENSP00000317159	9606.ENSP00000263774	0	0.940	0	0	0.940
CYC1	NDUFA9	9606.ENSP00000317159	9606.ENSP00000266544	0	0.906	0	0	0.906
CYC1	UQCRC2	9606.ENSP00000317159	9606.ENSP00000268379	0	0.954	0.907	0	0.995
CYC1	NDUFB10	9606.ENSP00000317159	9606.ENSP00000268668	0	0.948	0	0	0.948
CYC1	NDUFS6	9606.ENSP00000317159	9606.ENSP00000274137	0	0.945	0	0	0.945
CYC1	NDUFB11	9606.ENSP00000317159	9606.ENSP00000276062	0	0.830	0	0	0.830
CYC1	NDUFB9	9606.ENSP00000317159	9606.ENSP00000276689	0	0.903	0	0	0.903
CYC1	NDUFC2	9606.ENSP00000317159	9606.ENSP00000281031	0	0.842	0	0	0.842
CYC1	NDUFS4	9606.ENSP00000317159	9606.ENSP00000296684	0	0.970	0	0	0.970
CYC1	NDUFB8	9606.ENSP00000317159	9606.ENSP00000299166	0	0.830	0	0	0.830
CYC1	NDUFA7	9606.ENSP00000317159	9606.ENSP00000301457	0	0.827	0	0	0.827
CYC1	UQCRFS1	9606.ENSP00000317159	9606.ENSP00000306397	0	0.977	0.980	0	0.999
CYC1	UQCRH	9606.ENSP00000317159	9606.ENSP00000309565	0	0.980	0.744	0	0.994
CYC1	NDUFS8	9606.ENSP00000317159	9606.ENSP00000315774	0	0.975	0	0	0.975
CYC1	NDUFC1	9606.ENSP00000317159	9606.ENSP00000441126	0	0.800	0	0	0.800
CYC1	NDUFB2	9606.ENSP00000317159	9606.ENSP00000419087	0	0.800	0	0	0.800
CYC1	NDUFA1	9606.ENSP00000317159	9606.ENSP00000360492	0	0.807	0	0	0.807
CYC1	NDUFV3	9606.ENSP00000317159	9606.ENSP00000346196	0	0.808	0	0	0.808
CYC1	MT-ND6	9606.ENSP00000317159	9606.ENSP00000354665	0	0.830	0	0	0.830
CYC1	NDUFA11	9606.ENSP00000317159	9606.ENSP00000389160	0	0.823	0	0	0.823
CYC1	NDUFB3	9606.ENSP00000317159	9606.ENSP00000407336	0	0.842	0	0	0.842
CYC1	NDUFA3	9606.ENSP00000317159	9606.ENSP00000418438	0	0.842	0	0	0.842
CYC1	NDUFB1	9606.ENSP00000317159	9606.ENSP00000483888	0	0.830	0	0	0.830
CYC1	NDUFB6	9606.ENSP00000317159	9606.ENSP00000369176	0	0.863	0	0	0.863
CYC1	UQCRHL	9606.ENSP00000317159	9606.ENSP00000485401	0	0.491	0.744	0	0.864
CYC1	MT-ND2	9606.ENSP00000317159	9606.ENSP00000355046	0	0.868	0	0	0.868
CYC1	MT-ND5	9606.ENSP00000317159	9606.ENSP00000354813	0	0.868	0	0	0.868
CYC1	NDUFS5	9606.ENSP00000317159	9606.ENSP00000362058	0	0.879	0	0	0.879
CYC1	MT-ND1	9606.ENSP00000317159	9606.ENSP00000354687	0	0.884	0	0	0.884
CYC1	NDUFAB1	9606.ENSP00000317159	9606.ENSP00000458770	0	0.892	0	0	0.892
CYC1	MT-ND3	9606.ENSP00000317159	9606.ENSP00000355206	0	0.896	0	0	0.896
CYC1	MT-ND4	9606.ENSP00000317159	9606.ENSP00000354961	0	0.896	0	0	0.896
CYC1	MT-ND4L	9606.ENSP00000317159	9606.ENSP00000354728	0	0.896	0	0	0.896
CYC1	NDUFA13	9606.ENSP00000317159	9606.ENSP00000423673	0	0.897	0	0	0.897
CYC1	NDUFA8	9606.ENSP00000317159	9606.ENSP00000362873	0	0.898	0	0	0.898
CYC1	NDUFS2	9606.ENSP00000317159	9606.ENSP00000356972	0	0.925	0	0	0.925
CYC1	NDUFA6	9606.ENSP00000317159	9606.ENSP00000482543	0	0.945	0	0	0.945
CYC1	NDUFA5	9606.ENSP00000317159	9606.ENSP00000417142	0	0.945	0	0	0.945
CYC1	NDUFV2	9606.ENSP00000317159	9606.ENSP00000327268	0	0.953	0	0	0.953
CYC1	NDUFV1	9606.ENSP00000317159	9606.ENSP00000497587	0	0.953	0	0	0.953
CYC1	NDUFS1	9606.ENSP00000317159	9606.ENSP00000392709	0	0.953	0	0	0.953
CYC1	NDUFA12	9606.ENSP00000317159	9606.ENSP00000330737	0	0.967	0	0	0.967
CYC1	MT-CO2	9606.ENSP00000317159	9606.ENSP00000354876	0	0.780	0.908	0	0.979
CYC1	UQCR11	9606.ENSP00000317159	9606.ENSP00000467262	0	0.942	0.851	0	0.991
CYC1	MT-CO1	9606.ENSP00000317159	9606.ENSP00000354499	0	0.947	0.908	0	0.994
CYC1	UQCRB	9606.ENSP00000317159	9606.ENSP00000430494	0	0.989	0.907	0	0.998
CYC1	UQCRQ	9606.ENSP00000317159	9606.ENSP00000367939	0	0.988	0.907	0	0.998
CYC1	UQCR10	9606.ENSP00000317159	9606.ENSP00000332887	0	0.990	0.907	0	0.999
CYC1	MT-CYB	9606.ENSP00000317159	9606.ENSP00000354554	0	0.956	0.967	0	0.998
CYCS	MT-CO1	9606.ENSP00000307786	9606.ENSP00000354499	0	0.422	0.792	0	0.874
LHPP	PPA2	9606.ENSP00000357835	9606.ENSP00000343885	0	0	0.900	0	0.900
LHPP	PPA1	9606.ENSP00000357835	9606.ENSP00000362329	0	0	0.900	0	0.900
MT-ATP6	TCIRG1	9606.ENSP00000354632	9606.ENSP00000265686	0	0	0.723	0	0.723
MT-ATP6	MT-ATP8	9606.ENSP00000354632	9606.ENSP00000355265	0	0.749	0.967	0	0.991
MT-CO1	NDUFB4	9606.ENSP00000354499	9606.ENSP00000184266	0	0.807	0	0	0.807
MT-CO1	UQCRC1	9606.ENSP00000354499	9606.ENSP00000203407	0	0.893	0.540	0	0.949
MT-CO1	NDUFB7	9606.ENSP00000354499	9606.ENSP00000215565	0	0.807	0	0	0.807
MT-CO1	NDUFS7	9606.ENSP00000354499	9606.ENSP00000233627	0	0.812	0	0	0.812
MT-CO1	NDUFA2	9606.ENSP00000354499	9606.ENSP00000252102	0	0.807	0	0	0.807
MT-CO1	NDUFA10	9606.ENSP00000354499	9606.ENSP00000252711	0	0.817	0	0	0.817
MT-CO1	NDUFB5	9606.ENSP00000354499	9606.ENSP00000259037	0	0.807	0	0	0.807
MT-CO1	NDUFS3	9606.ENSP00000354499	9606.ENSP00000263774	0	0.807	0	0	0.807
MT-CO1	NDUFA9	9606.ENSP00000354499	9606.ENSP00000266544	0	0.882	0	0	0.882
MT-CO1	UQCRC2	9606.ENSP00000354499	9606.ENSP00000268379	0	0.918	0.900	0	0.991
MT-CO1	NDUFB10	9606.ENSP00000354499	9606.ENSP00000268668	0	0.807	0	0	0.807
MT-CO1	NDUFS6	9606.ENSP00000354499	9606.ENSP00000274137	0	0.807	0	0	0.807
MT-CO1	NDUFB11	9606.ENSP00000354499	9606.ENSP00000276062	0	0.807	0	0	0.807
MT-CO1	NDUFB9	9606.ENSP00000354499	9606.ENSP00000276689	0	0.807	0	0	0.807
MT-CO1	NDUFC2	9606.ENSP00000354499	9606.ENSP00000281031	0	0.803	0	0	0.803
MT-CO1	NDUFS4	9606.ENSP00000354499	9606.ENSP00000296684	0	0.807	0	0	0.807
MT-CO1	NDUFB8	9606.ENSP00000354499	9606.ENSP00000299166	0	0.857	0	0	0.857
MT-CO1	NDUFA7	9606.ENSP00000354499	9606.ENSP00000301457	0	0.800	0	0	0.800
MT-CO1	UQCRFS1	9606.ENSP00000354499	9606.ENSP00000306397	0	0.947	0.900	0	0.994
MT-CO1	UQCRH	9606.ENSP00000354499	9606.ENSP00000309565	0	0.887	0.540	0	0.946
MT-CO1	NDUFS8	9606.ENSP00000354499	9606.ENSP00000315774	0	0.807	0	0	0.807
MT-CO1	NDUFV2	9606.ENSP00000354499	9606.ENSP00000327268	0	0.807	0	0	0.807
MT-CO1	NDUFA12	9606.ENSP00000354499	9606.ENSP00000330737	0	0.807	0	0	0.807
MT-CO1	UQCR10	9606.ENSP00000354499	9606.ENSP00000332887	0	0.913	0.540	0	0.958
MT-CO1	NDUFA4	9606.ENSP00000354499	9606.ENSP00000339720	0	0.900	0.900	0	0.989
MT-CO1	NDUFV3	9606.ENSP00000354499	9606.ENSP00000346196	0	0.800	0	0	0.800
MT-CO1	UQCRHL	9606.ENSP00000354499	9606.ENSP00000485401	0	0.462	0.540	0	0.741
MT-CO1	NDUFB2	9606.ENSP00000354499	9606.ENSP00000419087	0	0.800	0	0	0.800
MT-CO1	NDUFC1	9606.ENSP00000354499	9606.ENSP00000441126	0	0.800	0	0	0.800
MT-CO1	NDUFA11	9606.ENSP00000354499	9606.ENSP00000389160	0	0.803	0	0	0.803
MT-CO1	NDUFB1	9606.ENSP00000354499	9606.ENSP00000483888	0	0.807	0	0	0.807
MT-CO1	NDUFA13	9606.ENSP00000354499	9606.ENSP00000423673	0	0.807	0	0	0.807
MT-CO1	MT-ND5	9606.ENSP00000354499	9606.ENSP00000354813	0	0.807	0	0	0.807
MT-CO1	NDUFS5	9606.ENSP00000354499	9606.ENSP00000362058	0	0.807	0	0	0.807
MT-CO1	MT-ND6	9606.ENSP00000354499	9606.ENSP00000354665	0	0.807	0	0	0.807
MT-CO1	MT-ND4	9606.ENSP00000354499	9606.ENSP00000354961	0	0.807	0	0	0.807
MT-CO1	MT-ND2	9606.ENSP00000354499	9606.ENSP00000355046	0	0.807	0	0	0.807
MT-CO1	NDUFS2	9606.ENSP00000354499	9606.ENSP00000356972	0	0.807	0	0	0.807
MT-CO1	NDUFA3	9606.ENSP00000354499	9606.ENSP00000418438	0	0.807	0	0	0.807
MT-CO1	NDUFA6	9606.ENSP00000354499	9606.ENSP00000482543	0	0.807	0	0	0.807
MT-CO1	NDUFB6	9606.ENSP00000354499	9606.ENSP00000369176	0	0.807	0	0	0.807
MT-CO1	NDUFA1	9606.ENSP00000354499	9606.ENSP00000360492	0	0.807	0	0	0.807
MT-CO1	NDUFS1	9606.ENSP00000354499	9606.ENSP00000392709	0	0.807	0	0	0.807
MT-CO1	MT-ND3	9606.ENSP00000354499	9606.ENSP00000355206	0	0.807	0	0	0.807
MT-CO1	NDUFA5	9606.ENSP00000354499	9606.ENSP00000417142	0	0.807	0	0	0.807
MT-CO1	MT-ND1	9606.ENSP00000354499	9606.ENSP00000354687	0	0.807	0	0	0.807
MT-CO1	NDUFB3	9606.ENSP00000354499	9606.ENSP00000407336	0	0.807	0	0	0.807
MT-CO1	NDUFA8	9606.ENSP00000354499	9606.ENSP00000362873	0	0.807	0	0	0.807
MT-CO1	MT-ND4L	9606.ENSP00000354499	9606.ENSP00000354728	0	0.807	0	0	0.807
MT-CO1	NDUFV1	9606.ENSP00000354499	9606.ENSP00000497587	0	0.807	0	0	0.807
MT-CO1	NDUFAB1	9606.ENSP00000354499	9606.ENSP00000458770	0	0.830	0	0	0.830
MT-CO1	UQCR11	9606.ENSP00000354499	9606.ENSP00000467262	0	0.869	0.540	0	0.937
MT-CO1	MT-CYB	9606.ENSP00000354499	9606.ENSP00000354554	0	0.874	0.540	0	0.939
MT-CO1	UQCRB	9606.ENSP00000354499	9606.ENSP00000430494	0	0.917	0.540	0	0.960
MT-CO1	UQCRQ	9606.ENSP00000354499	9606.ENSP00000367939	0	0.945	0.540	0	0.973
MT-CO1	MT-CO2	9606.ENSP00000354499	9606.ENSP00000354876	0	0.979	0.980	0	0.999
MT-CO2	UQCRC1	9606.ENSP00000354876	9606.ENSP00000203407	0	0.592	0.540	0	0.804
MT-CO2	UQCRC2	9606.ENSP00000354876	9606.ENSP00000268379	0	0.786	0.900	0	0.977
MT-CO2	UQCRFS1	9606.ENSP00000354876	9606.ENSP00000306397	0	0.749	0.900	0	0.973
MT-CO2	UQCRH	9606.ENSP00000354876	9606.ENSP00000309565	0	0.486	0.540	0	0.753
MT-CO2	UQCR10	9606.ENSP00000354876	9606.ENSP00000332887	0	0.744	0.540	0	0.877
MT-CO2	NDUFA4	9606.ENSP00000354876	9606.ENSP00000339720	0	0.912	0.900	0	0.990
MT-CO2	MT-CYB	9606.ENSP00000354876	9606.ENSP00000354554	0	0.584	0.540	0	0.800
MT-CO2	UQCRHL	9606.ENSP00000354876	9606.ENSP00000485401	0	0.486	0.540	0	0.753
MT-CO2	UQCR11	9606.ENSP00000354876	9606.ENSP00000467262	0	0.584	0.540	0	0.800
MT-CO2	UQCRB	9606.ENSP00000354876	9606.ENSP00000430494	0	0.739	0.540	0	0.874
MT-CO2	UQCRQ	9606.ENSP00000354876	9606.ENSP00000367939	0	0.775	0.540	0	0.892
MT-CYB	NDUFB4	9606.ENSP00000354554	9606.ENSP00000184266	0	0.830	0	0	0.830
MT-CYB	UQCRC1	9606.ENSP00000354554	9606.ENSP00000203407	0	0.943	0.851	0	0.991
MT-CYB	NDUFB7	9606.ENSP00000354554	9606.ENSP00000215565	0	0.866	0	0	0.866
MT-CYB	NDUFS7	9606.ENSP00000354554	9606.ENSP00000233627	0	0.843	0	0	0.843
MT-CYB	NDUFA2	9606.ENSP00000354554	9606.ENSP00000252102	0	0.866	0	0	0.866
MT-CYB	NDUFA10	9606.ENSP00000354554	9606.ENSP00000252711	0	0.830	0	0	0.830
MT-CYB	NDUFB5	9606.ENSP00000354554	9606.ENSP00000259037	0	0.830	0	0	0.830
MT-CYB	NDUFS3	9606.ENSP00000354554	9606.ENSP00000263774	0	0.866	0	0	0.866
MT-CYB	NDUFA9	9606.ENSP00000354554	9606.ENSP00000266544	0	0.938	0	0	0.938
MT-CYB	UQCRC2	9606.ENSP00000354554	9606.ENSP00000268379	0	0.956	0.851	0	0.993
MT-CYB	NDUFB10	9606.ENSP00000354554	9606.ENSP00000268668	0	0.866	0	0	0.866
MT-CYB	NDUFS6	9606.ENSP00000354554	9606.ENSP00000274137	0	0.863	0	0	0.863
MT-CYB	NDUFB11	9606.ENSP00000354554	9606.ENSP00000276062	0	0.830	0	0	0.830
MT-CYB	NDUFB9	9606.ENSP00000354554	9606.ENSP00000276689	0	0.866	0	0	0.866
MT-CYB	NDUFC2	9606.ENSP00000354554	9606.ENSP00000281031	0	0.823	0	0	0.823
MT-CYB	NDUFS4	9606.ENSP00000354554	9606.ENSP00000296684	0	0.866	0	0	0.866
MT-CYB	NDUFB8	9606.ENSP00000354554	9606.ENSP00000299166	0	0.830	0	0	0.830
MT-CYB	NDUFA7	9606.ENSP00000354554	9606.ENSP00000301457	0	0.806	0	0	0.806
MT-CYB	UQCRFS1	9606.ENSP00000354554	9606.ENSP00000306397	0	0.976	0.967	0	0.999
MT-CYB	UQCRH	9606.ENSP00000354554	9606.ENSP00000309565	0	0.946	0.744	0	0.985
MT-CYB	NDUFS8	9606.ENSP00000354554	9606.ENSP00000315774	0	0.866	0	0	0.866
MT-CYB	NDUFV2	9606.ENSP00000354554	9606.ENSP00000327268	0	0.866	0	0	0.866
MT-CYB	NDUFA12	9606.ENSP00000354554	9606.ENSP00000330737	0	0.866	0	0	0.866
MT-CYB	UQCR10	9606.ENSP00000354554	9606.ENSP00000332887	0	0.977	0.851	0	0.996
MT-CYB	NDUFV3	9606.ENSP00000354554	9606.ENSP00000346196	0	0.806	0	0	0.806
MT-CYB	NDUFC1	9606.ENSP00000354554	9606.ENSP00000441126	0	0.800	0	0	0.800
MT-CYB	NDUFB2	9606.ENSP00000354554	9606.ENSP00000419087	0	0.800	0	0	0.800
MT-CYB	NDUFA1	9606.ENSP00000354554	9606.ENSP00000360492	0	0.807	0	0	0.807
MT-CYB	NDUFA11	9606.ENSP00000354554	9606.ENSP00000389160	0	0.823	0	0	0.823
MT-CYB	NDUFB6	9606.ENSP00000354554	9606.ENSP00000369176	0	0.830	0	0	0.830
MT-CYB	NDUFS5	9606.ENSP00000354554	9606.ENSP00000362058	0	0.830	0	0	0.830
MT-CYB	NDUFB1	9606.ENSP00000354554	9606.ENSP00000483888	0	0.830	0	0	0.830
MT-CYB	NDUFB3	9606.ENSP00000354554	9606.ENSP00000407336	0	0.830	0	0	0.830
MT-CYB	NDUFA3	9606.ENSP00000354554	9606.ENSP00000418438	0	0.830	0	0	0.830
MT-CYB	MT-ND6	9606.ENSP00000354554	9606.ENSP00000354665	0	0.830	0	0	0.830
MT-CYB	UQCRHL	9606.ENSP00000354554	9606.ENSP00000485401	0	0.376	0.744	0	0.833
MT-CYB	MT-ND5	9606.ENSP00000354554	9606.ENSP00000354813	0	0.849	0	0	0.849
MT-CYB	MT-ND2	9606.ENSP00000354554	9606.ENSP00000355046	0	0.849	0	0	0.849
MT-CYB	NDUFAB1	9606.ENSP00000354554	9606.ENSP00000458770	0	0.857	0	0	0.857
MT-CYB	MT-ND1	9606.ENSP00000354554	9606.ENSP00000354687	0	0.863	0	0	0.863
MT-CYB	NDUFA13	9606.ENSP00000354554	9606.ENSP00000423673	0	0.863	0	0	0.863
MT-CYB	NDUFA5	9606.ENSP00000354554	9606.ENSP00000417142	0	0.865	0	0	0.865
MT-CYB	NDUFA8	9606.ENSP00000354554	9606.ENSP00000362873	0	0.866	0	0	0.866
MT-CYB	NDUFA6	9606.ENSP00000354554	9606.ENSP00000482543	0	0.866	0	0	0.866
MT-CYB	NDUFV1	9606.ENSP00000354554	9606.ENSP00000497587	0	0.866	0	0	0.866
MT-CYB	MT-ND4L	9606.ENSP00000354554	9606.ENSP00000354728	0	0.866	0	0	0.866
MT-CYB	NDUFS1	9606.ENSP00000354554	9606.ENSP00000392709	0	0.866	0	0	0.866
MT-CYB	MT-ND3	9606.ENSP00000354554	9606.ENSP00000355206	0	0.866	0	0	0.866
MT-CYB	NDUFS2	9606.ENSP00000354554	9606.ENSP00000356972	0	0.866	0	0	0.866
MT-CYB	MT-ND4	9606.ENSP00000354554	9606.ENSP00000354961	0	0.866	0	0	0.866
MT-CYB	UQCR11	9606.ENSP00000354554	9606.ENSP00000467262	0	0.938	0.851	0	0.990
MT-CYB	UQCRQ	9606.ENSP00000354554	9606.ENSP00000367939	0	0.979	0.851	0	0.996
MT-CYB	UQCRB	9606.ENSP00000354554	9606.ENSP00000430494	0	0.980	0.851	0	0.996
MT-ND1	NDUFB4	9606.ENSP00000354687	9606.ENSP00000184266	0	0.833	0.967	0	0.994
MT-ND1	UQCRC1	9606.ENSP00000354687	9606.ENSP00000203407	0	0.867	0	0	0.867
MT-ND1	NDUFB7	9606.ENSP00000354687	9606.ENSP00000215565	0	0.970	0.967	0	0.999
MT-ND1	NDUFS7	9606.ENSP00000354687	9606.ENSP00000233627	0	0.973	0.979	0	0.999
MT-ND1	NDUFA2	9606.ENSP00000354687	9606.ENSP00000252102	0	0.951	0.967	0	0.998
MT-ND1	NDUFA10	9606.ENSP00000354687	9606.ENSP00000252711	0	0.833	0.967	0	0.994
MT-ND1	NDUFB5	9606.ENSP00000354687	9606.ENSP00000259037	0	0.873	0.967	0	0.995
MT-ND1	NDUFS3	9606.ENSP00000354687	9606.ENSP00000263774	0	0.951	0.980	0	0.998
MT-ND1	NDUFA9	9606.ENSP00000354687	9606.ENSP00000266544	0	0.946	0.944	0	0.996
MT-ND1	UQCRC2	9606.ENSP00000354687	9606.ENSP00000268379	0	0.857	0	0	0.857
MT-ND1	NDUFB10	9606.ENSP00000354687	9606.ENSP00000268668	0	0.947	0.967	0	0.998
MT-ND1	NDUFS6	9606.ENSP00000354687	9606.ENSP00000274137	0	0.966	0.967	0	0.998
MT-ND1	NDUFB11	9606.ENSP00000354687	9606.ENSP00000276062	0	0.921	0.967	0	0.997
MT-ND1	NDUFB9	9606.ENSP00000354687	9606.ENSP00000276689	0	0.947	0.967	0	0.998
MT-ND1	NDUFC2	9606.ENSP00000354687	9606.ENSP00000281031	0	0.825	0.944	0	0.989
MT-ND1	NDUFS4	9606.ENSP00000354687	9606.ENSP00000296684	0	0.951	0.967	0	0.998
MT-ND1	NDUFB8	9606.ENSP00000354687	9606.ENSP00000299166	0	0.945	0.967	0	0.998
MT-ND1	NDUFA7	9606.ENSP00000354687	9606.ENSP00000301457	0	0.901	0.967	0	0.996
MT-ND1	UQCRFS1	9606.ENSP00000354687	9606.ENSP00000306397	0	0.884	0	0	0.884
MT-ND1	UQCRH	9606.ENSP00000354687	9606.ENSP00000309565	0	0.869	0	0	0.869
MT-ND1	NDUFS8	9606.ENSP00000354687	9606.ENSP00000315774	0	0.973	0.980	0	0.999
MT-ND1	NDUFV2	9606.ENSP00000354687	9606.ENSP00000327268	0	0.978	0.980	0	0.999
MT-ND1	NDUFA12	9606.ENSP00000354687	9606.ENSP00000330737	0	0.972	0.967	0	0.999
MT-ND1	UQCR10	9606.ENSP00000354687	9606.ENSP00000332887	0	0.884	0	0	0.884
MT-ND1	NDUFA4	9606.ENSP00000354687	9606.ENSP00000339720	0	0	0.944	0	0.944
MT-ND1	NDUFV3	9606.ENSP00000354687	9606.ENSP00000346196	0	0.887	0.967	0	0.996
MT-ND1	MT-ND6	9606.ENSP00000354687	9606.ENSP00000354665	0	0.925	0.851	0	0.988
MT-ND1	NDUFC2-KCTD14	9606.ENSP00000354687	9606.ENSP00000478766	0	0.165	0.744	0	0.777
MT-ND1	UQCR11	9606.ENSP00000354687	9606.ENSP00000467262	0	0.807	0	0	0.807
MT-ND1	UQCRQ	9606.ENSP00000354687	9606.ENSP00000367939	0	0.807	0	0	0.807
MT-ND1	UQCRB	9606.ENSP00000354687	9606.ENSP00000430494	0	0.869	0	0	0.869
MT-ND1	NDUFB1	9606.ENSP00000354687	9606.ENSP00000483888	0	0.833	0.900	0	0.982
MT-ND1	NDUFA11	9606.ENSP00000354687	9606.ENSP00000389160	0	0.825	0.944	0	0.989
MT-ND1	NDUFC1	9606.ENSP00000354687	9606.ENSP00000441126	0	0.803	0.967	0	0.993
MT-ND1	NDUFB2	9606.ENSP00000354687	9606.ENSP00000419087	0	0.800	0.967	0	0.993
MT-ND1	NDUFB6	9606.ENSP00000354687	9606.ENSP00000369176	0	0.833	0.967	0	0.994
MT-ND1	NDUFS5	9606.ENSP00000354687	9606.ENSP00000362058	0	0.951	0.900	0	0.994
MT-ND1	NDUFAB1	9606.ENSP00000354687	9606.ENSP00000458770	0	0.895	0.967	0	0.996
MT-ND1	NDUFA3	9606.ENSP00000354687	9606.ENSP00000418438	0	0.925	0.967	0	0.997
MT-ND1	NDUFB3	9606.ENSP00000354687	9606.ENSP00000407336	0	0.961	0.967	0	0.998
MT-ND1	NDUFA6	9606.ENSP00000354687	9606.ENSP00000482543	0	0.951	0.967	0	0.998
MT-ND1	NDUFA5	9606.ENSP00000354687	9606.ENSP00000417142	0	0.947	0.967	0	0.998
MT-ND1	NDUFA1	9606.ENSP00000354687	9606.ENSP00000360492	0	0.955	0.967	0	0.998
MT-ND1	NDUFA13	9606.ENSP00000354687	9606.ENSP00000423673	0	0.983	0.967	0	0.999
MT-ND1	NDUFS2	9606.ENSP00000354687	9606.ENSP00000356972	0	0.973	0.980	0	0.999
MT-ND1	NDUFS1	9606.ENSP00000354687	9606.ENSP00000392709	0	0.971	0.980	0	0.999
MT-ND1	NDUFA8	9606.ENSP00000354687	9606.ENSP00000362873	0	0.987	0.967	0	0.999
MT-ND1	MT-ND5	9606.ENSP00000354687	9606.ENSP00000354813	0	0.945	0.980	0	0.998
MT-ND1	MT-ND3	9606.ENSP00000354687	9606.ENSP00000355206	0	0.973	0.980	0	0.999
MT-ND1	MT-ND4	9606.ENSP00000354687	9606.ENSP00000354961	0	0.947	0.980	0	0.998
MT-ND1	MT-ND2	9606.ENSP00000354687	9606.ENSP00000355046	0	0.945	0.979	0	0.998
MT-ND1	NDUFV1	9606.ENSP00000354687	9606.ENSP00000497587	0	0.951	0.980	0	0.998
MT-ND1	MT-ND4L	9606.ENSP00000354687	9606.ENSP00000354728	0	0.947	0.906	0	0.994
MT-ND2	NDUFB4	9606.ENSP00000355046	9606.ENSP00000184266	0	0.874	0.967	0	0.995
MT-ND2	UQCRC1	9606.ENSP00000355046	9606.ENSP00000203407	0	0.857	0	0	0.857
MT-ND2	NDUFB7	9606.ENSP00000355046	9606.ENSP00000215565	0	0.946	0.967	0	0.998
MT-ND2	NDUFS7	9606.ENSP00000355046	9606.ENSP00000233627	0	0.946	0.979	0	0.998
MT-ND2	NDUFA2	9606.ENSP00000355046	9606.ENSP00000252102	0	0.946	0.967	0	0.998
MT-ND2	NDUFA10	9606.ENSP00000355046	9606.ENSP00000252711	0	0.933	0.967	0	0.997
MT-ND2	NDUFB5	9606.ENSP00000355046	9606.ENSP00000259037	0	0.962	0.967	0	0.998
MT-ND2	NDUFS3	9606.ENSP00000355046	9606.ENSP00000263774	0	0.964	0.978	0	0.999
MT-ND2	NDUFA9	9606.ENSP00000355046	9606.ENSP00000266544	0	0.895	0.944	0	0.993
MT-ND2	UQCRC2	9606.ENSP00000355046	9606.ENSP00000268379	0	0.842	0	0	0.842
MT-ND2	NDUFB10	9606.ENSP00000355046	9606.ENSP00000268668	0	0.895	0.967	0	0.996
MT-ND2	NDUFS6	9606.ENSP00000355046	9606.ENSP00000274137	0	0.976	0.967	0	0.999
MT-ND2	NDUFB11	9606.ENSP00000355046	9606.ENSP00000276062	0	0.940	0.967	0	0.997
MT-ND2	NDUFB9	9606.ENSP00000355046	9606.ENSP00000276689	0	0.946	0.967	0	0.998
MT-ND2	NDUFC2	9606.ENSP00000355046	9606.ENSP00000281031	0	0.964	0.944	0	0.997
MT-ND2	NDUFS4	9606.ENSP00000355046	9606.ENSP00000296684	0	0.946	0.967	0	0.998
MT-ND2	NDUFB8	9606.ENSP00000355046	9606.ENSP00000299166	0	0.894	0.967	0	0.996
MT-ND2	NDUFA7	9606.ENSP00000355046	9606.ENSP00000301457	0	0.928	0.967	0	0.997
MT-ND2	UQCRFS1	9606.ENSP00000355046	9606.ENSP00000306397	0	0.868	0	0	0.868
MT-ND2	UQCRH	9606.ENSP00000355046	9606.ENSP00000309565	0	0.863	0	0	0.863
MT-ND2	NDUFS8	9606.ENSP00000355046	9606.ENSP00000315774	0	0.947	0.978	0	0.998
MT-ND2	NDUFV2	9606.ENSP00000355046	9606.ENSP00000327268	0	0.946	0.978	0	0.998
MT-ND2	NDUFA12	9606.ENSP00000355046	9606.ENSP00000330737	0	0.946	0.967	0	0.998
MT-ND2	UQCR10	9606.ENSP00000355046	9606.ENSP00000332887	0	0.868	0	0	0.868
MT-ND2	NDUFA4	9606.ENSP00000355046	9606.ENSP00000339720	0	0	0.925	0	0.925
MT-ND2	NDUFV3	9606.ENSP00000355046	9606.ENSP00000346196	0	0.932	0.967	0	0.997
MT-ND2	MT-ND6	9606.ENSP00000355046	9606.ENSP00000354665	0	0.933	0.851	0	0.989
MT-ND2	MT-ND4L	9606.ENSP00000355046	9606.ENSP00000354728	0	0.947	0.874	0	0.993
MT-ND2	MT-ND5	9606.ENSP00000355046	9606.ENSP00000354813	0	0.973	0.979	0	0.999
MT-ND2	MT-ND4	9606.ENSP00000355046	9606.ENSP00000354961	0	0.973	0.979	0	0.999
MT-ND2	UQCR11	9606.ENSP00000355046	9606.ENSP00000467262	0	0.807	0	0	0.807
MT-ND2	NDUFC2-KCTD14	9606.ENSP00000355046	9606.ENSP00000478766	0	0.330	0.744	0	0.821
MT-ND2	UQCRQ	9606.ENSP00000355046	9606.ENSP00000367939	0	0.830	0	0	0.830
MT-ND2	UQCRB	9606.ENSP00000355046	9606.ENSP00000430494	0	0.864	0	0	0.864
MT-ND2	NDUFS5	9606.ENSP00000355046	9606.ENSP00000362058	0	0.933	0.900	0	0.993
MT-ND2	NDUFB2	9606.ENSP00000355046	9606.ENSP00000419087	0	0.800	0.967	0	0.993
MT-ND2	NDUFB1	9606.ENSP00000355046	9606.ENSP00000483888	0	0.933	0.900	0	0.993
MT-ND2	NDUFA1	9606.ENSP00000355046	9606.ENSP00000360492	0	0.833	0.967	0	0.994
MT-ND2	NDUFC1	9606.ENSP00000355046	9606.ENSP00000441126	0	0.822	0.967	0	0.994
MT-ND2	NDUFA3	9606.ENSP00000355046	9606.ENSP00000418438	0	0.861	0.967	0	0.995
MT-ND2	NDUFB6	9606.ENSP00000355046	9606.ENSP00000369176	0	0.861	0.967	0	0.995
MT-ND2	NDUFAB1	9606.ENSP00000355046	9606.ENSP00000458770	0	0.900	0.967	0	0.996
MT-ND2	NDUFB3	9606.ENSP00000355046	9606.ENSP00000407336	0	0.941	0.967	0	0.998
MT-ND2	NDUFA13	9606.ENSP00000355046	9606.ENSP00000423673	0	0.945	0.967	0	0.998
MT-ND2	NDUFA11	9606.ENSP00000355046	9606.ENSP00000389160	0	0.972	0.944	0	0.998
MT-ND2	NDUFA5	9606.ENSP00000355046	9606.ENSP00000417142	0	0.947	0.967	0	0.998
MT-ND2	NDUFS1	9606.ENSP00000355046	9606.ENSP00000392709	0	0.946	0.978	0	0.998
MT-ND2	MT-ND3	9606.ENSP00000355046	9606.ENSP00000355206	0	0.947	0.979	0	0.998
MT-ND2	NDUFS2	9606.ENSP00000355046	9606.ENSP00000356972	0	0.973	0.978	0	0.999
MT-ND2	NDUFA8	9606.ENSP00000355046	9606.ENSP00000362873	0	0.973	0.967	0	0.999
MT-ND2	NDUFA6	9606.ENSP00000355046	9606.ENSP00000482543	0	0.984	0.967	0	0.999
MT-ND2	NDUFV1	9606.ENSP00000355046	9606.ENSP00000497587	0	0.946	0.979	0	0.998
MT-ND3	NDUFB4	9606.ENSP00000355206	9606.ENSP00000184266	0	0.861	0.967	0	0.995
MT-ND3	UQCRC1	9606.ENSP00000355206	9606.ENSP00000203407	0	0.870	0	0	0.870
MT-ND3	NDUFB7	9606.ENSP00000355206	9606.ENSP00000215565	0	0.947	0.967	0	0.998
MT-ND3	NDUFS7	9606.ENSP00000355206	9606.ENSP00000233627	0	0.973	0.979	0	0.999
MT-ND3	NDUFA2	9606.ENSP00000355206	9606.ENSP00000252102	0	0.947	0.967	0	0.998
MT-ND3	NDUFA10	9606.ENSP00000355206	9606.ENSP00000252711	0	0.874	0.967	0	0.995
MT-ND3	NDUFB5	9606.ENSP00000355206	9606.ENSP00000259037	0	0.861	0.967	0	0.995
MT-ND3	NDUFS3	9606.ENSP00000355206	9606.ENSP00000263774	0	0.947	0.980	0	0.998
MT-ND3	NDUFA9	9606.ENSP00000355206	9606.ENSP00000266544	0	0.946	0.944	0	0.996
MT-ND3	UQCRC2	9606.ENSP00000355206	9606.ENSP00000268379	0	0.861	0	0	0.861
MT-ND3	NDUFB10	9606.ENSP00000355206	9606.ENSP00000268668	0	0.947	0.967	0	0.998
MT-ND3	NDUFS6	9606.ENSP00000355206	9606.ENSP00000274137	0	0.954	0.967	0	0.998
MT-ND3	NDUFB11	9606.ENSP00000355206	9606.ENSP00000276062	0	0.861	0.967	0	0.995
MT-ND3	NDUFB9	9606.ENSP00000355206	9606.ENSP00000276689	0	0.947	0.967	0	0.998
MT-ND3	NDUFC2	9606.ENSP00000355206	9606.ENSP00000281031	0	0.844	0.944	0	0.991
MT-ND3	NDUFS4	9606.ENSP00000355206	9606.ENSP00000296684	0	0.947	0.967	0	0.998
MT-ND3	NDUFB8	9606.ENSP00000355206	9606.ENSP00000299166	0	0.946	0.967	0	0.998
MT-ND3	NDUFA7	9606.ENSP00000355206	9606.ENSP00000301457	0	0.833	0.967	0	0.994
MT-ND3	UQCRFS1	9606.ENSP00000355206	9606.ENSP00000306397	0	0.896	0	0	0.896
MT-ND3	UQCRH	9606.ENSP00000355206	9606.ENSP00000309565	0	0.871	0	0	0.871
MT-ND3	NDUFS8	9606.ENSP00000355206	9606.ENSP00000315774	0	0.947	0.980	0	0.998
MT-ND3	NDUFV2	9606.ENSP00000355206	9606.ENSP00000327268	0	0.947	0.980	0	0.998
MT-ND3	NDUFA12	9606.ENSP00000355206	9606.ENSP00000330737	0	0.947	0.967	0	0.998
MT-ND3	UQCR10	9606.ENSP00000355206	9606.ENSP00000332887	0	0.896	0	0	0.896
MT-ND3	NDUFA4	9606.ENSP00000355206	9606.ENSP00000339720	0	0	0.944	0	0.944
MT-ND3	NDUFV3	9606.ENSP00000355206	9606.ENSP00000346196	0	0.861	0.967	0	0.995
MT-ND3	MT-ND6	9606.ENSP00000355206	9606.ENSP00000354665	0	0.933	0.851	0	0.989
MT-ND3	MT-ND4L	9606.ENSP00000355206	9606.ENSP00000354728	0	0.973	0.851	0	0.995
MT-ND3	MT-ND5	9606.ENSP00000355206	9606.ENSP00000354813	0	0.946	0.979	0	0.998
MT-ND3	MT-ND4	9606.ENSP00000355206	9606.ENSP00000354961	0	0.947	0.980	0	0.998
MT-ND3	NDUFC2-KCTD14	9606.ENSP00000355206	9606.ENSP00000478766	0	0.256	0.744	0	0.801
MT-ND3	UQCR11	9606.ENSP00000355206	9606.ENSP00000467262	0	0.807	0	0	0.807
MT-ND3	UQCRQ	9606.ENSP00000355206	9606.ENSP00000367939	0	0.830	0	0	0.830
MT-ND3	UQCRB	9606.ENSP00000355206	9606.ENSP00000430494	0	0.876	0	0	0.876
MT-ND3	NDUFB1	9606.ENSP00000355206	9606.ENSP00000483888	0	0.861	0.900	0	0.985
MT-ND3	NDUFS5	9606.ENSP00000355206	9606.ENSP00000362058	0	0.890	0.900	0	0.988
MT-ND3	NDUFA11	9606.ENSP00000355206	9606.ENSP00000389160	0	0.844	0.944	0	0.991
MT-ND3	NDUFB2	9606.ENSP00000355206	9606.ENSP00000419087	0	0.800	0.967	0	0.993
MT-ND3	NDUFA1	9606.ENSP00000355206	9606.ENSP00000360492	0	0.833	0.967	0	0.994
MT-ND3	NDUFB6	9606.ENSP00000355206	9606.ENSP00000369176	0	0.861	0.967	0	0.995
MT-ND3	NDUFC1	9606.ENSP00000355206	9606.ENSP00000441126	0	0.803	0.967	0	0.993
MT-ND3	NDUFAB1	9606.ENSP00000355206	9606.ENSP00000458770	0	0.900	0.967	0	0.996
MT-ND3	NDUFA8	9606.ENSP00000355206	9606.ENSP00000362873	0	0.947	0.967	0	0.998
MT-ND3	NDUFA5	9606.ENSP00000355206	9606.ENSP00000417142	0	0.947	0.967	0	0.998
MT-ND3	NDUFB3	9606.ENSP00000355206	9606.ENSP00000407336	0	0.946	0.967	0	0.998
MT-ND3	NDUFA3	9606.ENSP00000355206	9606.ENSP00000418438	0	0.933	0.967	0	0.997
MT-ND3	NDUFA6	9606.ENSP00000355206	9606.ENSP00000482543	0	0.972	0.967	0	0.999
MT-ND3	NDUFV1	9606.ENSP00000355206	9606.ENSP00000497587	0	0.947	0.980	0	0.998
MT-ND3	NDUFA13	9606.ENSP00000355206	9606.ENSP00000423673	0	0.973	0.967	0	0.999
MT-ND3	NDUFS1	9606.ENSP00000355206	9606.ENSP00000392709	0	0.947	0.980	0	0.998
MT-ND3	NDUFS2	9606.ENSP00000355206	9606.ENSP00000356972	0	0.973	0.980	0	0.999
MT-ND4	NDUFB4	9606.ENSP00000354961	9606.ENSP00000184266	0	0.933	0.967	0	0.997
MT-ND4	UQCRC1	9606.ENSP00000354961	9606.ENSP00000203407	0	0.870	0	0	0.870
MT-ND4	NDUFB7	9606.ENSP00000354961	9606.ENSP00000215565	0	0.970	0.967	0	0.999
MT-ND4	NDUFS7	9606.ENSP00000354961	9606.ENSP00000233627	0	0.973	0.979	0	0.999
MT-ND4	NDUFA2	9606.ENSP00000354961	9606.ENSP00000252102	0	0.951	0.967	0	0.998
MT-ND4	NDUFA10	9606.ENSP00000354961	9606.ENSP00000252711	0	0.933	0.967	0	0.997
MT-ND4	NDUFB5	9606.ENSP00000354961	9606.ENSP00000259037	0	0.972	0.967	0	0.999
MT-ND4	NDUFS3	9606.ENSP00000354961	9606.ENSP00000263774	0	0.976	0.980	0	0.999
MT-ND4	NDUFA9	9606.ENSP00000354961	9606.ENSP00000266544	0	0.940	0.944	0	0.996
MT-ND4	UQCRC2	9606.ENSP00000354961	9606.ENSP00000268379	0	0.861	0	0	0.861
MT-ND4	NDUFB10	9606.ENSP00000354961	9606.ENSP00000268668	0	0.973	0.967	0	0.999
MT-ND4	NDUFS6	9606.ENSP00000354961	9606.ENSP00000274137	0	0.951	0.967	0	0.998
MT-ND4	NDUFB11	9606.ENSP00000354961	9606.ENSP00000276062	0	0.970	0.967	0	0.998
MT-ND4	NDUFB9	9606.ENSP00000354961	9606.ENSP00000276689	0	0.973	0.967	0	0.999
MT-ND4	NDUFC2	9606.ENSP00000354961	9606.ENSP00000281031	0	0.960	0.944	0	0.997
MT-ND4	NDUFS4	9606.ENSP00000354961	9606.ENSP00000296684	0	0.951	0.967	0	0.998
MT-ND4	NDUFB8	9606.ENSP00000354961	9606.ENSP00000299166	0	0.973	0.967	0	0.999
MT-ND4	NDUFA7	9606.ENSP00000354961	9606.ENSP00000301457	0	0.904	0.967	0	0.996
MT-ND4	UQCRFS1	9606.ENSP00000354961	9606.ENSP00000306397	0	0.896	0	0	0.896
MT-ND4	UQCRH	9606.ENSP00000354961	9606.ENSP00000309565	0	0.871	0	0	0.871
MT-ND4	NDUFS8	9606.ENSP00000354961	9606.ENSP00000315774	0	0.947	0.980	0	0.998
MT-ND4	NDUFV2	9606.ENSP00000354961	9606.ENSP00000327268	0	0.970	0.980	0	0.999
MT-ND4	NDUFA12	9606.ENSP00000354961	9606.ENSP00000330737	0	0.947	0.967	0	0.998
MT-ND4	UQCR10	9606.ENSP00000354961	9606.ENSP00000332887	0	0.896	0	0	0.896
MT-ND4	NDUFA4	9606.ENSP00000354961	9606.ENSP00000339720	0	0	0.944	0	0.944
MT-ND4	NDUFV3	9606.ENSP00000354961	9606.ENSP00000346196	0	0.915	0.967	0	0.997
MT-ND4	MT-ND6	9606.ENSP00000354961	9606.ENSP00000354665	0	0.861	0.851	0	0.978
MT-ND4	MT-ND4L	9606.ENSP00000354961	9606.ENSP00000354728	0	0.947	0.906	0	0.994
MT-ND4	MT-ND5	9606.ENSP00000354961	9606.ENSP00000354813	0	0.973	0.980	0	0.999
MT-ND4	UQCR11	9606.ENSP00000354961	9606.ENSP00000467262	0	0.807	0	0	0.807
MT-ND4	NDUFC2-KCTD14	9606.ENSP00000354961	9606.ENSP00000478766	0	0.330	0.744	0	0.821
MT-ND4	UQCRQ	9606.ENSP00000354961	9606.ENSP00000367939	0	0.830	0	0	0.830
MT-ND4	UQCRB	9606.ENSP00000354961	9606.ENSP00000430494	0	0.876	0	0	0.876
MT-ND4	NDUFC1	9606.ENSP00000354961	9606.ENSP00000441126	0	0.803	0.967	0	0.993
MT-ND4	NDUFB2	9606.ENSP00000354961	9606.ENSP00000419087	0	0.800	0.967	0	0.993
MT-ND4	NDUFS5	9606.ENSP00000354961	9606.ENSP00000362058	0	0.951	0.900	0	0.994
MT-ND4	NDUFA3	9606.ENSP00000354961	9606.ENSP00000418438	0	0.861	0.967	0	0.995
MT-ND4	NDUFAB1	9606.ENSP00000354961	9606.ENSP00000458770	0	0.900	0.967	0	0.996
MT-ND4	NDUFA1	9606.ENSP00000354961	9606.ENSP00000360492	0	0.901	0.967	0	0.996
MT-ND4	NDUFB6	9606.ENSP00000354961	9606.ENSP00000369176	0	0.933	0.967	0	0.997
MT-ND4	NDUFB1	9606.ENSP00000354961	9606.ENSP00000483888	0	0.933	0.900	0	0.993
MT-ND4	NDUFA6	9606.ENSP00000354961	9606.ENSP00000482543	0	0.951	0.967	0	0.998
MT-ND4	NDUFA11	9606.ENSP00000354961	9606.ENSP00000389160	0	0.972	0.944	0	0.998
MT-ND4	NDUFA5	9606.ENSP00000354961	9606.ENSP00000417142	0	0.947	0.967	0	0.998
MT-ND4	NDUFB3	9606.ENSP00000354961	9606.ENSP00000407336	0	0.968	0.967	0	0.998
MT-ND4	NDUFA8	9606.ENSP00000354961	9606.ENSP00000362873	0	0.988	0.967	0	0.999
MT-ND4	NDUFA13	9606.ENSP00000354961	9606.ENSP00000423673	0	0.977	0.967	0	0.999
MT-ND4	NDUFS2	9606.ENSP00000354961	9606.ENSP00000356972	0	0.973	0.980	0	0.999
MT-ND4	NDUFS1	9606.ENSP00000354961	9606.ENSP00000392709	0	0.947	0.980	0	0.998
MT-ND4	NDUFV1	9606.ENSP00000354961	9606.ENSP00000497587	0	0.947	0.980	0	0.998
MT-ND4L	NDUFB4	9606.ENSP00000354728	9606.ENSP00000184266	0	0.861	0.851	0	0.978
MT-ND4L	UQCRC1	9606.ENSP00000354728	9606.ENSP00000203407	0	0.870	0	0	0.870
MT-ND4L	NDUFB7	9606.ENSP00000354728	9606.ENSP00000215565	0	0.943	0.851	0	0.991
MT-ND4L	NDUFS7	9606.ENSP00000354728	9606.ENSP00000233627	0	0.870	0.851	0	0.979
MT-ND4L	NDUFA2	9606.ENSP00000354728	9606.ENSP00000252102	0	0.943	0.851	0	0.991
MT-ND4L	NDUFA10	9606.ENSP00000354728	9606.ENSP00000252711	0	0.861	0.851	0	0.978
MT-ND4L	NDUFB5	9606.ENSP00000354728	9606.ENSP00000259037	0	0.861	0.851	0	0.978
MT-ND4L	NDUFS3	9606.ENSP00000354728	9606.ENSP00000263774	0	0.947	0.851	0	0.991
MT-ND4L	NDUFA9	9606.ENSP00000354728	9606.ENSP00000266544	0	0.889	0.744	0	0.970
MT-ND4L	UQCRC2	9606.ENSP00000354728	9606.ENSP00000268379	0	0.861	0	0	0.861
MT-ND4L	NDUFB10	9606.ENSP00000354728	9606.ENSP00000268668	0	0.943	0.851	0	0.991
MT-ND4L	NDUFS6	9606.ENSP00000354728	9606.ENSP00000274137	0	0.940	0.851	0	0.990
MT-ND4L	NDUFB11	9606.ENSP00000354728	9606.ENSP00000276062	0	0.861	0.851	0	0.978
MT-ND4L	NDUFB9	9606.ENSP00000354728	9606.ENSP00000276689	0	0.943	0.851	0	0.991
MT-ND4L	NDUFC2	9606.ENSP00000354728	9606.ENSP00000281031	0	0.844	0.744	0	0.958
MT-ND4L	NDUFS4	9606.ENSP00000354728	9606.ENSP00000296684	0	0.943	0.851	0	0.991
MT-ND4L	NDUFB8	9606.ENSP00000354728	9606.ENSP00000299166	0	0.861	0.851	0	0.978
MT-ND4L	NDUFA7	9606.ENSP00000354728	9606.ENSP00000301457	0	0.833	0.851	0	0.974
MT-ND4L	UQCRFS1	9606.ENSP00000354728	9606.ENSP00000306397	0	0.896	0	0	0.896
MT-ND4L	UQCRH	9606.ENSP00000354728	9606.ENSP00000309565	0	0.871	0	0	0.871
MT-ND4L	NDUFS8	9606.ENSP00000354728	9606.ENSP00000315774	0	0.947	0.851	0	0.991
MT-ND4L	NDUFV2	9606.ENSP00000354728	9606.ENSP00000327268	0	0.943	0.851	0	0.991
MT-ND4L	NDUFA12	9606.ENSP00000354728	9606.ENSP00000330737	0	0.943	0.851	0	0.991
MT-ND4L	UQCR10	9606.ENSP00000354728	9606.ENSP00000332887	0	0.896	0	0	0.896
MT-ND4L	NDUFA4	9606.ENSP00000354728	9606.ENSP00000339720	0	0	0.744	0	0.744
MT-ND4L	NDUFV3	9606.ENSP00000354728	9606.ENSP00000346196	0	0.861	0.851	0	0.978
MT-ND4L	MT-ND6	9606.ENSP00000354728	9606.ENSP00000354665	0	0.933	0.851	0	0.989
MT-ND4L	NDUFC2-KCTD14	9606.ENSP00000354728	9606.ENSP00000478766	0	0.256	0.744	0	0.801
MT-ND4L	UQCR11	9606.ENSP00000354728	9606.ENSP00000467262	0	0.807	0	0	0.807
MT-ND4L	UQCRQ	9606.ENSP00000354728	9606.ENSP00000367939	0	0.830	0	0	0.830
MT-ND4L	UQCRB	9606.ENSP00000354728	9606.ENSP00000430494	0	0.876	0	0	0.876
MT-ND4L	NDUFB1	9606.ENSP00000354728	9606.ENSP00000483888	0	0.861	0.540	0	0.933
MT-ND4L	NDUFA11	9606.ENSP00000354728	9606.ENSP00000389160	0	0.867	0.744	0	0.964
MT-ND4L	NDUFS5	9606.ENSP00000354728	9606.ENSP00000362058	0	0.933	0.540	0	0.968
MT-ND4L	NDUFB2	9606.ENSP00000354728	9606.ENSP00000419087	0	0.800	0.851	0	0.968
MT-ND4L	NDUFA1	9606.ENSP00000354728	9606.ENSP00000360492	0	0.833	0.851	0	0.974
MT-ND4L	NDUFB6	9606.ENSP00000354728	9606.ENSP00000369176	0	0.861	0.851	0	0.978
MT-ND4L	NDUFA3	9606.ENSP00000354728	9606.ENSP00000418438	0	0.861	0.851	0	0.978
MT-ND4L	NDUFB3	9606.ENSP00000354728	9606.ENSP00000407336	0	0.861	0.851	0	0.978
MT-ND4L	NDUFC1	9606.ENSP00000354728	9606.ENSP00000441126	0	0.803	0.851	0	0.969
MT-ND4L	NDUFAB1	9606.ENSP00000354728	9606.ENSP00000458770	0	0.899	0.851	0	0.984
MT-ND4L	NDUFA13	9606.ENSP00000354728	9606.ENSP00000423673	0	0.941	0.851	0	0.990
MT-ND4L	NDUFV1	9606.ENSP00000354728	9606.ENSP00000497587	0	0.943	0.851	0	0.991
MT-ND4L	NDUFA8	9606.ENSP00000354728	9606.ENSP00000362873	0	0.943	0.851	0	0.991
MT-ND4L	NDUFA6	9606.ENSP00000354728	9606.ENSP00000482543	0	0.943	0.851	0	0.991
MT-ND4L	NDUFS1	9606.ENSP00000354728	9606.ENSP00000392709	0	0.943	0.851	0	0.991
MT-ND4L	NDUFA5	9606.ENSP00000354728	9606.ENSP00000417142	0	0.942	0.851	0	0.991
MT-ND4L	NDUFS2	9606.ENSP00000354728	9606.ENSP00000356972	0	0.973	0.851	0	0.995
MT-ND4L	MT-ND5	9606.ENSP00000354728	9606.ENSP00000354813	0	0.947	0.906	0	0.994
MT-ND5	NDUFB4	9606.ENSP00000354813	9606.ENSP00000184266	0	0.933	0.967	0	0.997
MT-ND5	UQCRC1	9606.ENSP00000354813	9606.ENSP00000203407	0	0.857	0	0	0.857
MT-ND5	NDUFB7	9606.ENSP00000354813	9606.ENSP00000215565	0	0.986	0.967	0	0.999
MT-ND5	NDUFS7	9606.ENSP00000354813	9606.ENSP00000233627	0	0.968	0.979	0	0.999
MT-ND5	NDUFA2	9606.ENSP00000354813	9606.ENSP00000252102	0	0.946	0.967	0	0.998
MT-ND5	NDUFA10	9606.ENSP00000354813	9606.ENSP00000252711	0	0.861	0.967	0	0.995
MT-ND5	NDUFB5	9606.ENSP00000354813	9606.ENSP00000259037	0	0.971	0.967	0	0.999
MT-ND5	NDUFS3	9606.ENSP00000354813	9606.ENSP00000263774	0	0.984	0.978	0	0.999
MT-ND5	NDUFA9	9606.ENSP00000354813	9606.ENSP00000266544	0	0.969	0.944	0	0.998
MT-ND5	UQCRC2	9606.ENSP00000354813	9606.ENSP00000268379	0	0.842	0	0	0.842
MT-ND5	NDUFB10	9606.ENSP00000354813	9606.ENSP00000268668	0	0.947	0.967	0	0.998
MT-ND5	NDUFS6	9606.ENSP00000354813	9606.ENSP00000274137	0	0.971	0.967	0	0.999
MT-ND5	NDUFB11	9606.ENSP00000354813	9606.ENSP00000276062	0	0.970	0.967	0	0.998
MT-ND5	NDUFB9	9606.ENSP00000354813	9606.ENSP00000276689	0	0.973	0.967	0	0.999
MT-ND5	NDUFC2	9606.ENSP00000354813	9606.ENSP00000281031	0	0.907	0.944	0	0.994
MT-ND5	NDUFS4	9606.ENSP00000354813	9606.ENSP00000296684	0	0.984	0.967	0	0.999
MT-ND5	NDUFB8	9606.ENSP00000354813	9606.ENSP00000299166	0	0.970	0.967	0	0.999
MT-ND5	NDUFA7	9606.ENSP00000354813	9606.ENSP00000301457	0	0.901	0.967	0	0.996
MT-ND5	UQCRFS1	9606.ENSP00000354813	9606.ENSP00000306397	0	0.868	0	0	0.868
MT-ND5	UQCRH	9606.ENSP00000354813	9606.ENSP00000309565	0	0.863	0	0	0.863
MT-ND5	NDUFS8	9606.ENSP00000354813	9606.ENSP00000315774	0	0.947	0.978	0	0.998
MT-ND5	NDUFV2	9606.ENSP00000354813	9606.ENSP00000327268	0	0.984	0.978	0	0.999
MT-ND5	NDUFA12	9606.ENSP00000354813	9606.ENSP00000330737	0	0.984	0.967	0	0.999
MT-ND5	UQCR10	9606.ENSP00000354813	9606.ENSP00000332887	0	0.868	0	0	0.868
MT-ND5	NDUFA4	9606.ENSP00000354813	9606.ENSP00000339720	0	0	0.925	0	0.925
MT-ND5	NDUFV3	9606.ENSP00000354813	9606.ENSP00000346196	0	0.917	0.967	0	0.997
MT-ND5	MT-ND6	9606.ENSP00000354813	9606.ENSP00000354665	0	0.888	0.851	0	0.982
MT-ND5	NDUFC2-KCTD14	9606.ENSP00000354813	9606.ENSP00000478766	0	0.254	0.744	0	0.801
MT-ND5	UQCR11	9606.ENSP00000354813	9606.ENSP00000467262	0	0.807	0	0	0.807
MT-ND5	UQCRQ	9606.ENSP00000354813	9606.ENSP00000367939	0	0.830	0	0	0.830
MT-ND5	UQCRB	9606.ENSP00000354813	9606.ENSP00000430494	0	0.864	0	0	0.864
MT-ND5	NDUFB1	9606.ENSP00000354813	9606.ENSP00000483888	0	0.861	0.900	0	0.985
MT-ND5	NDUFC1	9606.ENSP00000354813	9606.ENSP00000441126	0	0.806	0.967	0	0.993
MT-ND5	NDUFS5	9606.ENSP00000354813	9606.ENSP00000362058	0	0.961	0.900	0	0.995
MT-ND5	NDUFA3	9606.ENSP00000354813	9606.ENSP00000418438	0	0.861	0.967	0	0.995
MT-ND5	NDUFB2	9606.ENSP00000354813	9606.ENSP00000419087	0	0.900	0.967	0	0.996
MT-ND5	NDUFAB1	9606.ENSP00000354813	9606.ENSP00000458770	0	0.951	0.967	0	0.998
MT-ND5	NDUFA5	9606.ENSP00000354813	9606.ENSP00000417142	0	0.946	0.967	0	0.998
MT-ND5	NDUFA1	9606.ENSP00000354813	9606.ENSP00000360492	0	0.909	0.967	0	0.996
MT-ND5	NDUFB3	9606.ENSP00000354813	9606.ENSP00000407336	0	0.969	0.967	0	0.998
MT-ND5	NDUFA13	9606.ENSP00000354813	9606.ENSP00000423673	0	0.945	0.967	0	0.998
MT-ND5	NDUFA6	9606.ENSP00000354813	9606.ENSP00000482543	0	0.984	0.967	0	0.999
MT-ND5	NDUFA8	9606.ENSP00000354813	9606.ENSP00000362873	0	0.977	0.967	0	0.999
MT-ND5	NDUFA11	9606.ENSP00000354813	9606.ENSP00000389160	0	0.980	0.944	0	0.998
MT-ND5	NDUFB6	9606.ENSP00000354813	9606.ENSP00000369176	0	0.933	0.967	0	0.997
MT-ND5	NDUFV1	9606.ENSP00000354813	9606.ENSP00000497587	0	0.984	0.979	0	0.999
MT-ND5	NDUFS2	9606.ENSP00000354813	9606.ENSP00000356972	0	0.973	0.978	0	0.999
MT-ND5	NDUFS1	9606.ENSP00000354813	9606.ENSP00000392709	0	0.946	0.978	0	0.998
MT-ND6	NDUFB4	9606.ENSP00000354665	9606.ENSP00000184266	0	0.861	0.851	0	0.978
MT-ND6	UQCRC1	9606.ENSP00000354665	9606.ENSP00000203407	0	0.832	0	0	0.832
MT-ND6	NDUFB7	9606.ENSP00000354665	9606.ENSP00000215565	0	0.861	0.851	0	0.978
MT-ND6	NDUFS7	9606.ENSP00000354665	9606.ENSP00000233627	0	0.861	0.851	0	0.978
MT-ND6	NDUFA2	9606.ENSP00000354665	9606.ENSP00000252102	0	0.861	0.851	0	0.978
MT-ND6	NDUFA10	9606.ENSP00000354665	9606.ENSP00000252711	0	0.881	0.851	0	0.981
MT-ND6	NDUFB5	9606.ENSP00000354665	9606.ENSP00000259037	0	0.889	0.851	0	0.982
MT-ND6	NDUFS3	9606.ENSP00000354665	9606.ENSP00000263774	0	0.951	0.851	0	0.992
MT-ND6	NDUFA9	9606.ENSP00000354665	9606.ENSP00000266544	0	0.930	0.744	0	0.981
MT-ND6	UQCRC2	9606.ENSP00000354665	9606.ENSP00000268379	0	0.830	0	0	0.830
MT-ND6	NDUFB10	9606.ENSP00000354665	9606.ENSP00000268668	0	0.861	0.851	0	0.978
MT-ND6	NDUFS6	9606.ENSP00000354665	9606.ENSP00000274137	0	0.833	0.851	0	0.974
MT-ND6	NDUFB11	9606.ENSP00000354665	9606.ENSP00000276062	0	0.861	0.851	0	0.978
MT-ND6	NDUFB9	9606.ENSP00000354665	9606.ENSP00000276689	0	0.861	0.851	0	0.978
MT-ND6	NDUFC2	9606.ENSP00000354665	9606.ENSP00000281031	0	0.867	0.744	0	0.964
MT-ND6	NDUFS4	9606.ENSP00000354665	9606.ENSP00000296684	0	0.861	0.851	0	0.978
MT-ND6	NDUFB8	9606.ENSP00000354665	9606.ENSP00000299166	0	0.861	0.851	0	0.978
MT-ND6	NDUFA7	9606.ENSP00000354665	9606.ENSP00000301457	0	0.833	0.851	0	0.974
MT-ND6	UQCRFS1	9606.ENSP00000354665	9606.ENSP00000306397	0	0.830	0	0	0.830
MT-ND6	UQCRH	9606.ENSP00000354665	9606.ENSP00000309565	0	0.832	0	0	0.832
MT-ND6	NDUFS8	9606.ENSP00000354665	9606.ENSP00000315774	0	0.861	0.851	0	0.978
MT-ND6	NDUFV2	9606.ENSP00000354665	9606.ENSP00000327268	0	0.861	0.851	0	0.978
MT-ND6	NDUFA12	9606.ENSP00000354665	9606.ENSP00000330737	0	0.861	0.851	0	0.978
MT-ND6	UQCR10	9606.ENSP00000354665	9606.ENSP00000332887	0	0.830	0	0	0.830
MT-ND6	NDUFA4	9606.ENSP00000354665	9606.ENSP00000339720	0	0	0.744	0	0.744
MT-ND6	NDUFV3	9606.ENSP00000354665	9606.ENSP00000346196	0	0.861	0.851	0	0.978
MT-ND6	UQCRB	9606.ENSP00000354665	9606.ENSP00000430494	0	0.804	0	0	0.804
MT-ND6	UQCR11	9606.ENSP00000354665	9606.ENSP00000467262	0	0.807	0	0	0.807
MT-ND6	NDUFC2-KCTD14	9606.ENSP00000354665	9606.ENSP00000478766	0	0.364	0.744	0	0.830
MT-ND6	UQCRQ	9606.ENSP00000354665	9606.ENSP00000367939	0	0.830	0	0	0.830
MT-ND6	NDUFB1	9606.ENSP00000354665	9606.ENSP00000483888	0	0.861	0.540	0	0.933
MT-ND6	NDUFA11	9606.ENSP00000354665	9606.ENSP00000389160	0	0.868	0.744	0	0.964
MT-ND6	NDUFB2	9606.ENSP00000354665	9606.ENSP00000419087	0	0.800	0.851	0	0.968
MT-ND6	NDUFB3	9606.ENSP00000354665	9606.ENSP00000407336	0	0.861	0.851	0	0.978
MT-ND6	NDUFA6	9606.ENSP00000354665	9606.ENSP00000482543	0	0.861	0.851	0	0.978
MT-ND6	NDUFS1	9606.ENSP00000354665	9606.ENSP00000392709	0	0.861	0.851	0	0.978
MT-ND6	NDUFA5	9606.ENSP00000354665	9606.ENSP00000417142	0	0.858	0.851	0	0.978
MT-ND6	NDUFS2	9606.ENSP00000354665	9606.ENSP00000356972	0	0.861	0.851	0	0.978
MT-ND6	NDUFC1	9606.ENSP00000354665	9606.ENSP00000441126	0	0.803	0.851	0	0.969
MT-ND6	NDUFAB1	9606.ENSP00000354665	9606.ENSP00000458770	0	0.899	0.851	0	0.984
MT-ND6	NDUFA8	9606.ENSP00000354665	9606.ENSP00000362873	0	0.861	0.851	0	0.978
MT-ND6	NDUFS5	9606.ENSP00000354665	9606.ENSP00000362058	0	0.972	0.540	0	0.986
MT-ND6	NDUFA13	9606.ENSP00000354665	9606.ENSP00000423673	0	0.925	0.851	0	0.988
MT-ND6	NDUFA1	9606.ENSP00000354665	9606.ENSP00000360492	0	0.925	0.851	0	0.988
MT-ND6	NDUFV1	9606.ENSP00000354665	9606.ENSP00000497587	0	0.861	0.851	0	0.978
MT-ND6	NDUFB6	9606.ENSP00000354665	9606.ENSP00000369176	0	0.861	0.935	0	0.990
MT-ND6	NDUFA3	9606.ENSP00000354665	9606.ENSP00000418438	0	0.933	0.851	0	0.989
NDUFA1	NDUFB4	9606.ENSP00000360492	9606.ENSP00000184266	0	0.910	0.967	0	0.996
NDUFA1	UQCRC1	9606.ENSP00000360492	9606.ENSP00000203407	0	0.816	0	0	0.816
NDUFA1	NDUFB7	9606.ENSP00000360492	9606.ENSP00000215565	0	0.931	0.967	0	0.997
NDUFA1	NDUFS7	9606.ENSP00000360492	9606.ENSP00000233627	0	0.898	0.967	0	0.996
NDUFA1	NDUFA2	9606.ENSP00000360492	9606.ENSP00000252102	0	0.901	0.967	0	0.996
NDUFA1	NDUFA10	9606.ENSP00000360492	9606.ENSP00000252711	0	0.899	0.967	0	0.996
NDUFA1	NDUFB5	9606.ENSP00000360492	9606.ENSP00000259037	0	0.909	0.967	0	0.996
NDUFA1	NDUFS3	9606.ENSP00000360492	9606.ENSP00000263774	0	0.929	0.967	0	0.997
NDUFA1	NDUFA9	9606.ENSP00000360492	9606.ENSP00000266544	0	0.924	0.944	0	0.995
NDUFA1	UQCRC2	9606.ENSP00000360492	9606.ENSP00000268379	0	0.807	0	0	0.807
NDUFA1	NDUFB10	9606.ENSP00000360492	9606.ENSP00000268668	0	0.931	0.967	0	0.997
NDUFA1	NDUFS6	9606.ENSP00000360492	9606.ENSP00000274137	0	0.931	0.967	0	0.997
NDUFA1	NDUFB11	9606.ENSP00000360492	9606.ENSP00000276062	0	0.926	0.967	0	0.997
NDUFA1	NDUFB9	9606.ENSP00000360492	9606.ENSP00000276689	0	0.907	0.967	0	0.996
NDUFA1	NDUFC2	9606.ENSP00000360492	9606.ENSP00000281031	0	0.902	0.944	0	0.994
NDUFA1	NDUFS4	9606.ENSP00000360492	9606.ENSP00000296684	0	0.908	0.967	0	0.996
NDUFA1	NDUFB8	9606.ENSP00000360492	9606.ENSP00000299166	0	0.903	0.967	0	0.996
NDUFA1	NDUFA7	9606.ENSP00000360492	9606.ENSP00000301457	0	0.920	0.967	0	0.997
NDUFA1	UQCRFS1	9606.ENSP00000360492	9606.ENSP00000306397	0	0.807	0	0	0.807
NDUFA1	UQCRH	9606.ENSP00000360492	9606.ENSP00000309565	0	0.816	0	0	0.816
NDUFA1	NDUFS8	9606.ENSP00000360492	9606.ENSP00000315774	0	0.968	0.967	0	0.998
NDUFA1	NDUFV2	9606.ENSP00000360492	9606.ENSP00000327268	0	0.931	0.967	0	0.997
NDUFA1	NDUFA12	9606.ENSP00000360492	9606.ENSP00000330737	0	0.921	0.967	0	0.997
NDUFA1	UQCR10	9606.ENSP00000360492	9606.ENSP00000332887	0	0.807	0	0	0.807
NDUFA1	NDUFA4	9606.ENSP00000360492	9606.ENSP00000339720	0	0	0.944	0	0.944
NDUFA1	NDUFV3	9606.ENSP00000360492	9606.ENSP00000346196	0	0.909	0.967	0	0.996
NDUFA1	NDUFS2	9606.ENSP00000360492	9606.ENSP00000356972	0	0.916	0.967	0	0.997
NDUFA1	NDUFC2-KCTD14	9606.ENSP00000360492	9606.ENSP00000478766	0	0.161	0.744	0	0.776
NDUFA1	UQCRB	9606.ENSP00000360492	9606.ENSP00000430494	0	0.800	0	0	0.800
NDUFA1	UQCR11	9606.ENSP00000360492	9606.ENSP00000467262	0	0.807	0	0	0.807
NDUFA1	UQCRQ	9606.ENSP00000360492	9606.ENSP00000367939	0	0.807	0	0	0.807
NDUFA1	NDUFA11	9606.ENSP00000360492	9606.ENSP00000389160	0	0.825	0.944	0	0.989
NDUFA1	NDUFC1	9606.ENSP00000360492	9606.ENSP00000441126	0	0.803	0.967	0	0.993
NDUFA1	NDUFB1	9606.ENSP00000360492	9606.ENSP00000483888	0	0.930	0.900	0	0.992
NDUFA1	NDUFAB1	9606.ENSP00000360492	9606.ENSP00000458770	0	0.918	0.967	0	0.997
NDUFA1	NDUFB2	9606.ENSP00000360492	9606.ENSP00000419087	0	0.914	0.967	0	0.997
NDUFA1	NDUFS5	9606.ENSP00000360492	9606.ENSP00000362058	0	0.956	0.900	0	0.995
NDUFA1	NDUFA3	9606.ENSP00000360492	9606.ENSP00000418438	0	0.907	0.967	0	0.996
NDUFA1	NDUFV1	9606.ENSP00000360492	9606.ENSP00000497587	0	0.931	0.967	0	0.997
NDUFA1	NDUFB3	9606.ENSP00000360492	9606.ENSP00000407336	0	0.906	0.967	0	0.996
NDUFA1	NDUFA13	9606.ENSP00000360492	9606.ENSP00000423673	0	0.961	0.967	0	0.998
NDUFA1	NDUFB6	9606.ENSP00000360492	9606.ENSP00000369176	0	0.930	0.967	0	0.997
NDUFA1	NDUFA5	9606.ENSP00000360492	9606.ENSP00000417142	0	0.928	0.967	0	0.997
NDUFA1	NDUFS1	9606.ENSP00000360492	9606.ENSP00000392709	0	0.929	0.967	0	0.997
NDUFA1	NDUFA6	9606.ENSP00000360492	9606.ENSP00000482543	0	0.951	0.967	0	0.998
NDUFA1	NDUFA8	9606.ENSP00000360492	9606.ENSP00000362873	0	0.972	0.967	0	0.999
NDUFA10	NDUFB4	9606.ENSP00000252711	9606.ENSP00000184266	0	0.875	0.967	0	0.995
NDUFA10	UQCRC1	9606.ENSP00000252711	9606.ENSP00000203407	0	0.842	0	0	0.842
NDUFA10	NDUFB7	9606.ENSP00000252711	9606.ENSP00000215565	0	0.947	0.967	0	0.998
NDUFA10	NDUFS7	9606.ENSP00000252711	9606.ENSP00000233627	0	0.897	0.967	0	0.996
NDUFA10	NDUFA2	9606.ENSP00000252711	9606.ENSP00000252102	0	0.963	0.967	0	0.998
NDUFA10	UQCR11	9606.ENSP00000252711	9606.ENSP00000467262	0	0.817	0	0	0.817
NDUFA10	NDUFC2-KCTD14	9606.ENSP00000252711	9606.ENSP00000478766	0	0.354	0.744	0	0.827
NDUFA10	UQCRH	9606.ENSP00000252711	9606.ENSP00000309565	0	0.832	0	0	0.832
NDUFA10	UQCRFS1	9606.ENSP00000252711	9606.ENSP00000306397	0	0.842	0	0	0.842
NDUFA10	UQCR10	9606.ENSP00000252711	9606.ENSP00000332887	0	0.842	0	0	0.842
NDUFA10	UQCRC2	9606.ENSP00000252711	9606.ENSP00000268379	0	0.861	0	0	0.861
NDUFA10	UQCRQ	9606.ENSP00000252711	9606.ENSP00000367939	0	0.866	0	0	0.866
NDUFA10	UQCRB	9606.ENSP00000252711	9606.ENSP00000430494	0	0.911	0	0	0.911
NDUFA10	NDUFA4	9606.ENSP00000252711	9606.ENSP00000339720	0	0.228	0.944	0	0.955
NDUFA10	NDUFB1	9606.ENSP00000252711	9606.ENSP00000483888	0	0.861	0.900	0	0.985
NDUFA10	NDUFS5	9606.ENSP00000252711	9606.ENSP00000362058	0	0.877	0.900	0	0.987
NDUFA10	NDUFB2	9606.ENSP00000252711	9606.ENSP00000419087	0	0.800	0.967	0	0.993
NDUFA10	NDUFS4	9606.ENSP00000252711	9606.ENSP00000296684	0	0.877	0.967	0	0.995
NDUFA10	NDUFS8	9606.ENSP00000252711	9606.ENSP00000315774	0	0.867	0.967	0	0.995
NDUFA10	NDUFA13	9606.ENSP00000252711	9606.ENSP00000423673	0	0.860	0.967	0	0.995
NDUFA10	NDUFS6	9606.ENSP00000252711	9606.ENSP00000274137	0	0.890	0.967	0	0.996
NDUFA10	NDUFB5	9606.ENSP00000252711	9606.ENSP00000259037	0	0.868	0.967	0	0.995
NDUFA10	NDUFV1	9606.ENSP00000252711	9606.ENSP00000497587	0	0.894	0.967	0	0.996
NDUFA10	NDUFA3	9606.ENSP00000252711	9606.ENSP00000418438	0	0.868	0.967	0	0.995
NDUFA10	NDUFB6	9606.ENSP00000252711	9606.ENSP00000369176	0	0.876	0.967	0	0.995
NDUFA10	NDUFAB1	9606.ENSP00000252711	9606.ENSP00000458770	0	0.900	0.967	0	0.996
NDUFA10	NDUFC1	9606.ENSP00000252711	9606.ENSP00000441126	0	0.906	0.967	0	0.996
NDUFA10	NDUFA8	9606.ENSP00000252711	9606.ENSP00000362873	0	0.877	0.967	0	0.995
NDUFA10	NDUFA12	9606.ENSP00000252711	9606.ENSP00000330737	0	0.891	0.967	0	0.996
NDUFA10	NDUFA7	9606.ENSP00000252711	9606.ENSP00000301457	0	0.901	0.967	0	0.996
NDUFA10	NDUFB8	9606.ENSP00000252711	9606.ENSP00000299166	0	0.861	0.967	0	0.995
NDUFA10	NDUFC2	9606.ENSP00000252711	9606.ENSP00000281031	0	0.950	0.944	0	0.997
NDUFA10	NDUFV3	9606.ENSP00000252711	9606.ENSP00000346196	0	0.913	0.967	0	0.997
NDUFA10	NDUFB3	9606.ENSP00000252711	9606.ENSP00000407336	0	0.894	0.967	0	0.996
NDUFA10	NDUFA11	9606.ENSP00000252711	9606.ENSP00000389160	0	0.956	0.944	0	0.997
NDUFA10	NDUFS3	9606.ENSP00000252711	9606.ENSP00000263774	0	0.890	0.967	0	0.996
NDUFA10	NDUFS1	9606.ENSP00000252711	9606.ENSP00000392709	0	0.871	0.967	0	0.995
NDUFA10	NDUFV2	9606.ENSP00000252711	9606.ENSP00000327268	0	0.941	0.967	0	0.998
NDUFA10	NDUFB10	9606.ENSP00000252711	9606.ENSP00000268668	0	0.877	0.967	0	0.995
NDUFA10	NDUFB9	9606.ENSP00000252711	9606.ENSP00000276689	0	0.869	0.967	0	0.995
NDUFA10	NDUFA5	9606.ENSP00000252711	9606.ENSP00000417142	0	0.946	0.967	0	0.998
NDUFA10	NDUFS2	9606.ENSP00000252711	9606.ENSP00000356972	0	0.950	0.967	0	0.998
NDUFA10	NDUFA9	9606.ENSP00000252711	9606.ENSP00000266544	0	0.957	0.944	0	0.997
NDUFA10	NDUFB11	9606.ENSP00000252711	9606.ENSP00000276062	0	0.970	0.967	0	0.998
NDUFA10	NDUFA6	9606.ENSP00000252711	9606.ENSP00000482543	0	0.959	0.967	0	0.998
NDUFA11	NDUFB4	9606.ENSP00000389160	9606.ENSP00000184266	0	0.972	0.944	0	0.998
NDUFA11	UQCRC1	9606.ENSP00000389160	9606.ENSP00000203407	0	0.825	0	0	0.825
NDUFA11	NDUFB7	9606.ENSP00000389160	9606.ENSP00000215565	0	0.844	0.944	0	0.991
NDUFA11	NDUFS7	9606.ENSP00000389160	9606.ENSP00000233627	0	0.956	0.944	0	0.997
NDUFA11	NDUFA2	9606.ENSP00000389160	9606.ENSP00000252102	0	0.949	0.944	0	0.997
NDUFA11	NDUFB5	9606.ENSP00000389160	9606.ENSP00000259037	0	0.972	0.944	0	0.998
NDUFA11	NDUFS3	9606.ENSP00000389160	9606.ENSP00000263774	0	0.949	0.944	0	0.997
NDUFA11	NDUFA9	9606.ENSP00000389160	9606.ENSP00000266544	0	0.952	0.933	0	0.996
NDUFA11	UQCRC2	9606.ENSP00000389160	9606.ENSP00000268379	0	0.823	0	0	0.823
NDUFA11	NDUFB10	9606.ENSP00000389160	9606.ENSP00000268668	0	0.844	0.944	0	0.991
NDUFA11	NDUFS6	9606.ENSP00000389160	9606.ENSP00000274137	0	0.949	0.944	0	0.997
NDUFA11	NDUFB11	9606.ENSP00000389160	9606.ENSP00000276062	0	0.949	0.944	0	0.997
NDUFA11	NDUFB9	9606.ENSP00000389160	9606.ENSP00000276689	0	0.844	0.944	0	0.991
NDUFA11	NDUFC2	9606.ENSP00000389160	9606.ENSP00000281031	0	0.832	0.933	0	0.988
NDUFA11	NDUFS4	9606.ENSP00000389160	9606.ENSP00000296684	0	0.949	0.944	0	0.997
NDUFA11	NDUFB8	9606.ENSP00000389160	9606.ENSP00000299166	0	0.949	0.944	0	0.997
NDUFA11	NDUFA7	9606.ENSP00000389160	9606.ENSP00000301457	0	0.825	0.944	0	0.989
NDUFA11	UQCRFS1	9606.ENSP00000389160	9606.ENSP00000306397	0	0.949	0	0	0.949
NDUFA11	UQCRH	9606.ENSP00000389160	9606.ENSP00000309565	0	0.825	0	0	0.825
NDUFA11	NDUFS8	9606.ENSP00000389160	9606.ENSP00000315774	0	0.949	0.944	0	0.997
NDUFA11	NDUFV2	9606.ENSP00000389160	9606.ENSP00000327268	0	0.949	0.944	0	0.997
NDUFA11	NDUFA12	9606.ENSP00000389160	9606.ENSP00000330737	0	0.949	0.944	0	0.997
NDUFA11	UQCR10	9606.ENSP00000389160	9606.ENSP00000332887	0	0.949	0	0	0.949
NDUFA11	NDUFA4	9606.ENSP00000389160	9606.ENSP00000339720	0	0	0.933	0	0.933
NDUFA11	NDUFV3	9606.ENSP00000389160	9606.ENSP00000346196	0	0.949	0.944	0	0.997
NDUFA11	NDUFS2	9606.ENSP00000389160	9606.ENSP00000356972	0	0.949	0.944	0	0.997
NDUFA11	NDUFS5	9606.ENSP00000389160	9606.ENSP00000362058	0	0.949	0.900	0	0.994
NDUFA11	NDUFA8	9606.ENSP00000389160	9606.ENSP00000362873	0	0.939	0.944	0	0.996
NDUFA11	UQCRQ	9606.ENSP00000389160	9606.ENSP00000367939	0	0.823	0	0	0.823
NDUFA11	NDUFB6	9606.ENSP00000389160	9606.ENSP00000369176	0	0.949	0.944	0	0.997
NDUFA11	NDUFC2-KCTD14	9606.ENSP00000389160	9606.ENSP00000478766	0	0.199	0.693	0	0.744
NDUFA11	UQCR11	9606.ENSP00000389160	9606.ENSP00000467262	0	0.803	0	0	0.803
NDUFA11	UQCRB	9606.ENSP00000389160	9606.ENSP00000430494	0	0.923	0	0	0.923
NDUFA11	NDUFB1	9606.ENSP00000389160	9606.ENSP00000483888	0	0.844	0.900	0	0.983
NDUFA11	NDUFC1	9606.ENSP00000389160	9606.ENSP00000441126	0	0.801	0.944	0	0.988
NDUFA11	NDUFB2	9606.ENSP00000389160	9606.ENSP00000419087	0	0.800	0.944	0	0.988
NDUFA11	NDUFA3	9606.ENSP00000389160	9606.ENSP00000418438	0	0.844	0.944	0	0.991
NDUFA11	NDUFA13	9606.ENSP00000389160	9606.ENSP00000423673	0	0.825	0.944	0	0.989
NDUFA11	NDUFAB1	9606.ENSP00000389160	9606.ENSP00000458770	0	0.961	0.944	0	0.997
NDUFA11	NDUFS1	9606.ENSP00000389160	9606.ENSP00000392709	0	0.949	0.944	0	0.997
NDUFA11	NDUFA5	9606.ENSP00000389160	9606.ENSP00000417142	0	0.949	0.944	0	0.997
NDUFA11	NDUFA6	9606.ENSP00000389160	9606.ENSP00000482543	0	0.949	0.944	0	0.997
NDUFA11	NDUFB3	9606.ENSP00000389160	9606.ENSP00000407336	0	0.949	0.944	0	0.997
NDUFA11	NDUFV1	9606.ENSP00000389160	9606.ENSP00000497587	0	0.949	0.944	0	0.997
NDUFA12	NDUFB4	9606.ENSP00000330737	9606.ENSP00000184266	0	0.951	0.967	0	0.998
NDUFA12	UQCRC1	9606.ENSP00000330737	9606.ENSP00000203407	0	0.968	0	0	0.968
NDUFA12	NDUFB7	9606.ENSP00000330737	9606.ENSP00000215565	0	0.951	0.967	0	0.998
NDUFA12	NDUFS7	9606.ENSP00000330737	9606.ENSP00000233627	0	0.991	0.967	0	0.999
NDUFA12	NDUFA2	9606.ENSP00000330737	9606.ENSP00000252102	0	0.951	0.967	0	0.998
NDUFA12	NDUFB5	9606.ENSP00000330737	9606.ENSP00000259037	0	0.951	0.967	0	0.998
NDUFA12	NDUFS3	9606.ENSP00000330737	9606.ENSP00000263774	0	0.951	0.967	0	0.998
NDUFA12	NDUFA9	9606.ENSP00000330737	9606.ENSP00000266544	0	0.969	0.944	0	0.998
NDUFA12	UQCRC2	9606.ENSP00000330737	9606.ENSP00000268379	0	0.888	0	0	0.888
NDUFA12	NDUFB10	9606.ENSP00000330737	9606.ENSP00000268668	0	0.951	0.967	0	0.998
NDUFA12	NDUFS6	9606.ENSP00000330737	9606.ENSP00000274137	0	0.972	0.967	0	0.999
NDUFA12	NDUFB11	9606.ENSP00000330737	9606.ENSP00000276062	0	0.951	0.967	0	0.998
NDUFA12	NDUFB9	9606.ENSP00000330737	9606.ENSP00000276689	0	0.951	0.967	0	0.998
NDUFA12	NDUFC2	9606.ENSP00000330737	9606.ENSP00000281031	0	0.920	0.944	0	0.995
NDUFA12	NDUFS4	9606.ENSP00000330737	9606.ENSP00000296684	0	0.972	0.967	0	0.999
NDUFA12	NDUFB8	9606.ENSP00000330737	9606.ENSP00000299166	0	0.951	0.967	0	0.998
NDUFA12	NDUFA7	9606.ENSP00000330737	9606.ENSP00000301457	0	0.972	0.967	0	0.999
NDUFA12	UQCRFS1	9606.ENSP00000330737	9606.ENSP00000306397	0	0.951	0	0	0.951
NDUFA12	UQCRH	9606.ENSP00000330737	9606.ENSP00000309565	0	0.949	0	0	0.949
NDUFA12	NDUFS8	9606.ENSP00000330737	9606.ENSP00000315774	0	0.972	0.967	0	0.999
NDUFA12	NDUFV2	9606.ENSP00000330737	9606.ENSP00000327268	0	0.951	0.967	0	0.998
NDUFA12	UQCR11	9606.ENSP00000330737	9606.ENSP00000467262	0	0.807	0	0	0.807
NDUFA12	NDUFC2-KCTD14	9606.ENSP00000330737	9606.ENSP00000478766	0	0.324	0.744	0	0.819
NDUFA12	UQCRQ	9606.ENSP00000330737	9606.ENSP00000367939	0	0.859	0	0	0.859
NDUFA12	UQCR10	9606.ENSP00000330737	9606.ENSP00000332887	0	0.896	0	0	0.896
NDUFA12	UQCRB	9606.ENSP00000330737	9606.ENSP00000430494	0	0.942	0	0	0.942
NDUFA12	NDUFA4	9606.ENSP00000330737	9606.ENSP00000339720	0	0.697	0.944	0	0.982
NDUFA12	NDUFB1	9606.ENSP00000330737	9606.ENSP00000483888	0	0.861	0.900	0	0.985
NDUFA12	NDUFC1	9606.ENSP00000330737	9606.ENSP00000441126	0	0.803	0.967	0	0.993
NDUFA12	NDUFB2	9606.ENSP00000330737	9606.ENSP00000419087	0	0.800	0.967	0	0.993
NDUFA12	NDUFS5	9606.ENSP00000330737	9606.ENSP00000362058	0	0.951	0.900	0	0.994
NDUFA12	NDUFA3	9606.ENSP00000330737	9606.ENSP00000418438	0	0.861	0.967	0	0.995
NDUFA12	NDUFAB1	9606.ENSP00000330737	9606.ENSP00000458770	0	0.900	0.967	0	0.996
NDUFA12	NDUFB3	9606.ENSP00000330737	9606.ENSP00000407336	0	0.951	0.967	0	0.998
NDUFA12	NDUFS2	9606.ENSP00000330737	9606.ENSP00000356972	0	0.951	0.967	0	0.998
NDUFA12	NDUFA6	9606.ENSP00000330737	9606.ENSP00000482543	0	0.951	0.967	0	0.998
NDUFA12	NDUFA5	9606.ENSP00000330737	9606.ENSP00000417142	0	0.951	0.967	0	0.998
NDUFA12	NDUFB6	9606.ENSP00000330737	9606.ENSP00000369176	0	0.951	0.967	0	0.998
NDUFA12	NDUFA13	9606.ENSP00000330737	9606.ENSP00000423673	0	0.951	0.967	0	0.998
NDUFA12	NDUFV3	9606.ENSP00000330737	9606.ENSP00000346196	0	0.951	0.967	0	0.998
NDUFA12	NDUFS1	9606.ENSP00000330737	9606.ENSP00000392709	0	0.972	0.967	0	0.999
NDUFA12	NDUFA8	9606.ENSP00000330737	9606.ENSP00000362873	0	0.977	0.967	0	0.999
NDUFA12	NDUFV1	9606.ENSP00000330737	9606.ENSP00000497587	0	0.951	0.967	0	0.998
NDUFA13	NDUFB4	9606.ENSP00000423673	9606.ENSP00000184266	0	0.856	0.967	0	0.995
NDUFA13	UQCRC1	9606.ENSP00000423673	9606.ENSP00000203407	0	0.867	0	0	0.867
NDUFA13	NDUFB7	9606.ENSP00000423673	9606.ENSP00000215565	0	0.947	0.967	0	0.998
NDUFA13	NDUFS7	9606.ENSP00000423673	9606.ENSP00000233627	0	0.984	0.967	0	0.999
NDUFA13	NDUFA2	9606.ENSP00000423673	9606.ENSP00000252102	0	0.951	0.967	0	0.998
NDUFA13	NDUFB5	9606.ENSP00000423673	9606.ENSP00000259037	0	0.967	0.967	0	0.998
NDUFA13	NDUFS3	9606.ENSP00000423673	9606.ENSP00000263774	0	0.951	0.967	0	0.998
NDUFA13	NDUFA9	9606.ENSP00000423673	9606.ENSP00000266544	0	0.969	0.944	0	0.998
NDUFA13	UQCRC2	9606.ENSP00000423673	9606.ENSP00000268379	0	0.857	0	0	0.857
NDUFA13	NDUFB10	9606.ENSP00000423673	9606.ENSP00000268668	0	0.977	0.967	0	0.999
NDUFA13	NDUFS6	9606.ENSP00000423673	9606.ENSP00000274137	0	0.975	0.967	0	0.999
NDUFA13	NDUFB11	9606.ENSP00000423673	9606.ENSP00000276062	0	0.921	0.967	0	0.997
NDUFA13	NDUFB9	9606.ENSP00000423673	9606.ENSP00000276689	0	0.968	0.967	0	0.998
NDUFA13	NDUFC2	9606.ENSP00000423673	9606.ENSP00000281031	0	0.948	0.944	0	0.997
NDUFA13	NDUFS4	9606.ENSP00000423673	9606.ENSP00000296684	0	0.951	0.967	0	0.998
NDUFA13	NDUFB8	9606.ENSP00000423673	9606.ENSP00000299166	0	0.945	0.967	0	0.998
NDUFA13	NDUFA7	9606.ENSP00000423673	9606.ENSP00000301457	0	0.962	0.967	0	0.998
NDUFA13	UQCRFS1	9606.ENSP00000423673	9606.ENSP00000306397	0	0.951	0	0	0.951
NDUFA13	UQCRH	9606.ENSP00000423673	9606.ENSP00000309565	0	0.869	0	0	0.869
NDUFA13	NDUFS8	9606.ENSP00000423673	9606.ENSP00000315774	0	0.989	0.967	0	0.999
NDUFA13	NDUFV2	9606.ENSP00000423673	9606.ENSP00000327268	0	0.951	0.967	0	0.998
NDUFA13	UQCR10	9606.ENSP00000423673	9606.ENSP00000332887	0	0.884	0	0	0.884
NDUFA13	NDUFA4	9606.ENSP00000423673	9606.ENSP00000339720	0	0.225	0.944	0	0.955
NDUFA13	NDUFV3	9606.ENSP00000423673	9606.ENSP00000346196	0	0.927	0.967	0	0.997
NDUFA13	NDUFS2	9606.ENSP00000423673	9606.ENSP00000356972	0	0.972	0.967	0	0.999
NDUFA13	NDUFS5	9606.ENSP00000423673	9606.ENSP00000362058	0	0.972	0.900	0	0.997
NDUFA13	NDUFA8	9606.ENSP00000423673	9606.ENSP00000362873	0	0.987	0.967	0	0.999
NDUFA13	UQCRQ	9606.ENSP00000423673	9606.ENSP00000367939	0	0.823	0	0	0.823
NDUFA13	NDUFB6	9606.ENSP00000423673	9606.ENSP00000369176	0	0.880	0.967	0	0.995
NDUFA13	NDUFS1	9606.ENSP00000423673	9606.ENSP00000392709	0	0.951	0.967	0	0.998
NDUFA13	NDUFB3	9606.ENSP00000423673	9606.ENSP00000407336	0	0.951	0.967	0	0.998
NDUFA13	NDUFA5	9606.ENSP00000423673	9606.ENSP00000417142	0	0.951	0.967	0	0.998
NDUFA13	NDUFA3	9606.ENSP00000423673	9606.ENSP00000418438	0	0.968	0.967	0	0.998
NDUFA13	NDUFB2	9606.ENSP00000423673	9606.ENSP00000419087	0	0.800	0.967	0	0.993
NDUFA13	UQCR11	9606.ENSP00000423673	9606.ENSP00000467262	0	0.807	0	0	0.807
NDUFA13	NDUFC2-KCTD14	9606.ENSP00000423673	9606.ENSP00000478766	0	0.230	0.744	0	0.794
NDUFA13	UQCRB	9606.ENSP00000423673	9606.ENSP00000430494	0	0.870	0	0	0.870
NDUFA13	NDUFB1	9606.ENSP00000423673	9606.ENSP00000483888	0	0.927	0.900	0	0.992
NDUFA13	NDUFC1	9606.ENSP00000423673	9606.ENSP00000441126	0	0.803	0.967	0	0.993
NDUFA13	NDUFAB1	9606.ENSP00000423673	9606.ENSP00000458770	0	0.895	0.967	0	0.996
NDUFA13	NDUFV1	9606.ENSP00000423673	9606.ENSP00000497587	0	0.951	0.967	0	0.998
NDUFA13	NDUFA6	9606.ENSP00000423673	9606.ENSP00000482543	0	0.951	0.967	0	0.998
NDUFA2	NDUFB4	9606.ENSP00000252102	9606.ENSP00000184266	0	0.881	0.967	0	0.996
NDUFA2	UQCRC1	9606.ENSP00000252102	9606.ENSP00000203407	0	0.891	0	0	0.891
NDUFA2	NDUFB7	9606.ENSP00000252102	9606.ENSP00000215565	0	0.951	0.967	0	0.998
NDUFA2	NDUFS7	9606.ENSP00000252102	9606.ENSP00000233627	0	0.984	0.967	0	0.999
NDUFA2	NDUFC2-KCTD14	9606.ENSP00000252102	9606.ENSP00000478766	0	0.140	0.744	0	0.770
NDUFA2	UQCR11	9606.ENSP00000252102	9606.ENSP00000467262	0	0.807	0	0	0.807
NDUFA2	UQCRC2	9606.ENSP00000252102	9606.ENSP00000268379	0	0.869	0	0	0.869
NDUFA2	UQCRH	9606.ENSP00000252102	9606.ENSP00000309565	0	0.880	0	0	0.880
NDUFA2	UQCRQ	9606.ENSP00000252102	9606.ENSP00000367939	0	0.887	0	0	0.887
NDUFA2	UQCR10	9606.ENSP00000252102	9606.ENSP00000332887	0	0.896	0	0	0.896
NDUFA2	UQCRB	9606.ENSP00000252102	9606.ENSP00000430494	0	0.896	0	0	0.896
NDUFA2	UQCRFS1	9606.ENSP00000252102	9606.ENSP00000306397	0	0.946	0	0	0.946
NDUFA2	NDUFB1	9606.ENSP00000252102	9606.ENSP00000483888	0	0.861	0.900	0	0.985
NDUFA2	NDUFB2	9606.ENSP00000252102	9606.ENSP00000419087	0	0.800	0.967	0	0.993
NDUFA2	NDUFC1	9606.ENSP00000252102	9606.ENSP00000441126	0	0.803	0.967	0	0.993
NDUFA2	NDUFS5	9606.ENSP00000252102	9606.ENSP00000362058	0	0.951	0.900	0	0.994
NDUFA2	NDUFA4	9606.ENSP00000252102	9606.ENSP00000339720	0	0.734	0.944	0	0.984
NDUFA2	NDUFB6	9606.ENSP00000252102	9606.ENSP00000369176	0	0.869	0.967	0	0.995
NDUFA2	NDUFAB1	9606.ENSP00000252102	9606.ENSP00000458770	0	0.900	0.967	0	0.996
NDUFA2	NDUFA3	9606.ENSP00000252102	9606.ENSP00000418438	0	0.867	0.967	0	0.995
NDUFA2	NDUFC2	9606.ENSP00000252102	9606.ENSP00000281031	0	0.949	0.944	0	0.997
NDUFA2	NDUFB8	9606.ENSP00000252102	9606.ENSP00000299166	0	0.951	0.967	0	0.998
NDUFA2	NDUFB5	9606.ENSP00000252102	9606.ENSP00000259037	0	0.951	0.967	0	0.998
NDUFA2	NDUFS3	9606.ENSP00000252102	9606.ENSP00000263774	0	0.951	0.967	0	0.998
NDUFA2	NDUFB11	9606.ENSP00000252102	9606.ENSP00000276062	0	0.951	0.967	0	0.998
NDUFA2	NDUFA8	9606.ENSP00000252102	9606.ENSP00000362873	0	0.951	0.967	0	0.998
NDUFA2	NDUFA9	9606.ENSP00000252102	9606.ENSP00000266544	0	0.969	0.944	0	0.998
NDUFA2	NDUFS2	9606.ENSP00000252102	9606.ENSP00000356972	0	0.951	0.967	0	0.998
NDUFA2	NDUFS4	9606.ENSP00000252102	9606.ENSP00000296684	0	0.951	0.967	0	0.998
NDUFA2	NDUFV3	9606.ENSP00000252102	9606.ENSP00000346196	0	0.951	0.967	0	0.998
NDUFA2	NDUFB10	9606.ENSP00000252102	9606.ENSP00000268668	0	0.951	0.967	0	0.998
NDUFA2	NDUFS8	9606.ENSP00000252102	9606.ENSP00000315774	0	0.951	0.967	0	0.998
NDUFA2	NDUFB9	9606.ENSP00000252102	9606.ENSP00000276689	0	0.951	0.967	0	0.998
NDUFA2	NDUFV1	9606.ENSP00000252102	9606.ENSP00000497587	0	0.951	0.967	0	0.998
NDUFA2	NDUFA5	9606.ENSP00000252102	9606.ENSP00000417142	0	0.951	0.967	0	0.998
NDUFA2	NDUFS6	9606.ENSP00000252102	9606.ENSP00000274137	0	0.951	0.967	0	0.998
NDUFA2	NDUFA6	9606.ENSP00000252102	9606.ENSP00000482543	0	0.951	0.967	0	0.998
NDUFA2	NDUFA7	9606.ENSP00000252102	9606.ENSP00000301457	0	0.951	0.967	0	0.998
NDUFA2	NDUFV2	9606.ENSP00000252102	9606.ENSP00000327268	0	0.951	0.967	0	0.998
NDUFA2	NDUFS1	9606.ENSP00000252102	9606.ENSP00000392709	0	0.972	0.967	0	0.999
NDUFA2	NDUFB3	9606.ENSP00000252102	9606.ENSP00000407336	0	0.951	0.967	0	0.998
NDUFA3	NDUFB4	9606.ENSP00000418438	9606.ENSP00000184266	0	0.867	0.967	0	0.995
NDUFA3	UQCRC1	9606.ENSP00000418438	9606.ENSP00000203407	0	0.842	0	0	0.842
NDUFA3	NDUFB7	9606.ENSP00000418438	9606.ENSP00000215565	0	0.867	0.967	0	0.995
NDUFA3	NDUFS7	9606.ENSP00000418438	9606.ENSP00000233627	0	0.868	0.967	0	0.995
NDUFA3	NDUFB5	9606.ENSP00000418438	9606.ENSP00000259037	0	0.960	0.967	0	0.998
NDUFA3	NDUFS3	9606.ENSP00000418438	9606.ENSP00000263774	0	0.943	0.967	0	0.998
NDUFA3	NDUFA9	9606.ENSP00000418438	9606.ENSP00000266544	0	0.910	0.944	0	0.994
NDUFA3	UQCRC2	9606.ENSP00000418438	9606.ENSP00000268379	0	0.842	0	0	0.842
NDUFA3	NDUFB10	9606.ENSP00000418438	9606.ENSP00000268668	0	0.861	0.967	0	0.995
NDUFA3	NDUFS6	9606.ENSP00000418438	9606.ENSP00000274137	0	0.909	0.967	0	0.996
NDUFA3	NDUFB11	9606.ENSP00000418438	9606.ENSP00000276062	0	0.940	0.967	0	0.998
NDUFA3	NDUFB9	9606.ENSP00000418438	9606.ENSP00000276689	0	0.861	0.967	0	0.995
NDUFA3	NDUFC2	9606.ENSP00000418438	9606.ENSP00000281031	0	0.912	0.944	0	0.994
NDUFA3	NDUFS4	9606.ENSP00000418438	9606.ENSP00000296684	0	0.867	0.967	0	0.995
NDUFA3	NDUFB8	9606.ENSP00000418438	9606.ENSP00000299166	0	0.861	0.967	0	0.995
NDUFA3	NDUFA7	9606.ENSP00000418438	9606.ENSP00000301457	0	0.910	0.967	0	0.996
NDUFA3	UQCRFS1	9606.ENSP00000418438	9606.ENSP00000306397	0	0.842	0	0	0.842
NDUFA3	UQCRH	9606.ENSP00000418438	9606.ENSP00000309565	0	0.842	0	0	0.842
NDUFA3	NDUFS8	9606.ENSP00000418438	9606.ENSP00000315774	0	0.933	0.967	0	0.997
NDUFA3	NDUFV2	9606.ENSP00000418438	9606.ENSP00000327268	0	0.924	0.967	0	0.997
NDUFA3	UQCR10	9606.ENSP00000418438	9606.ENSP00000332887	0	0.842	0	0	0.842
NDUFA3	NDUFA4	9606.ENSP00000418438	9606.ENSP00000339720	0	0	0.944	0	0.944
NDUFA3	NDUFV3	9606.ENSP00000418438	9606.ENSP00000346196	0	0.918	0.967	0	0.997
NDUFA3	NDUFS2	9606.ENSP00000418438	9606.ENSP00000356972	0	0.895	0.967	0	0.996
NDUFA3	NDUFS5	9606.ENSP00000418438	9606.ENSP00000362058	0	0.959	0.900	0	0.995
NDUFA3	NDUFA8	9606.ENSP00000418438	9606.ENSP00000362873	0	0.972	0.967	0	0.999
NDUFA3	UQCRQ	9606.ENSP00000418438	9606.ENSP00000367939	0	0.830	0	0	0.830
NDUFA3	NDUFB6	9606.ENSP00000418438	9606.ENSP00000369176	0	0.861	0.967	0	0.995
NDUFA3	NDUFS1	9606.ENSP00000418438	9606.ENSP00000392709	0	0.878	0.967	0	0.995
NDUFA3	NDUFB3	9606.ENSP00000418438	9606.ENSP00000407336	0	0.915	0.967	0	0.997
NDUFA3	NDUFA5	9606.ENSP00000418438	9606.ENSP00000417142	0	0.866	0.967	0	0.995
NDUFA3	NDUFC2-KCTD14	9606.ENSP00000418438	9606.ENSP00000478766	0	0.256	0.744	0	0.801
NDUFA3	UQCRB	9606.ENSP00000418438	9606.ENSP00000430494	0	0.804	0	0	0.804
NDUFA3	UQCR11	9606.ENSP00000418438	9606.ENSP00000467262	0	0.807	0	0	0.807
NDUFA3	NDUFB1	9606.ENSP00000418438	9606.ENSP00000483888	0	0.861	0.900	0	0.985
NDUFA3	NDUFB2	9606.ENSP00000418438	9606.ENSP00000419087	0	0.800	0.967	0	0.993
NDUFA3	NDUFC1	9606.ENSP00000418438	9606.ENSP00000441126	0	0.803	0.967	0	0.993
NDUFA3	NDUFV1	9606.ENSP00000418438	9606.ENSP00000497587	0	0.868	0.967	0	0.995
NDUFA3	NDUFAB1	9606.ENSP00000418438	9606.ENSP00000458770	0	0.900	0.967	0	0.996
NDUFA3	NDUFA6	9606.ENSP00000418438	9606.ENSP00000482543	0	0.951	0.967	0	0.998
NDUFA4	NDUFB4	9606.ENSP00000339720	9606.ENSP00000184266	0	0.228	0.944	0	0.955
NDUFA4	NDUFB7	9606.ENSP00000339720	9606.ENSP00000215565	0	0.228	0.944	0	0.955
NDUFA4	NDUFS7	9606.ENSP00000339720	9606.ENSP00000233627	0	0.329	0.925	0	0.947
NDUFA4	NDUFB5	9606.ENSP00000339720	9606.ENSP00000259037	0	0.228	0.944	0	0.955
NDUFA4	NDUFS3	9606.ENSP00000339720	9606.ENSP00000263774	0	0.329	0.944	0	0.961
NDUFA4	NDUFA9	9606.ENSP00000339720	9606.ENSP00000266544	0	0.330	0.933	0	0.953
NDUFA4	UQCRC2	9606.ENSP00000339720	9606.ENSP00000268379	0	0.329	0.900	0	0.930
NDUFA4	NDUFB10	9606.ENSP00000339720	9606.ENSP00000268668	0	0.228	0.944	0	0.955
NDUFA4	NDUFS6	9606.ENSP00000339720	9606.ENSP00000274137	0	0.225	0.944	0	0.955
NDUFA4	NDUFB11	9606.ENSP00000339720	9606.ENSP00000276062	0	0.228	0.944	0	0.955
NDUFA4	NDUFB9	9606.ENSP00000339720	9606.ENSP00000276689	0	0.225	0.944	0	0.955
NDUFA4	NDUFC2	9606.ENSP00000339720	9606.ENSP00000281031	0	0.225	0.933	0	0.946
NDUFA4	NDUFS4	9606.ENSP00000339720	9606.ENSP00000296684	0	0.228	0.944	0	0.955
NDUFA4	NDUFB8	9606.ENSP00000339720	9606.ENSP00000299166	0	0.228	0.944	0	0.955
NDUFA4	NDUFA7	9606.ENSP00000339720	9606.ENSP00000301457	0	0.228	0.944	0	0.955
NDUFA4	UQCRFS1	9606.ENSP00000339720	9606.ENSP00000306397	0	0.225	0.900	0	0.919
NDUFA4	NDUFS8	9606.ENSP00000339720	9606.ENSP00000315774	0	0.225	0.944	0	0.955
NDUFA4	NDUFV2	9606.ENSP00000339720	9606.ENSP00000327268	0	0.228	0.944	0	0.955
NDUFA4	NDUFA4L2	9606.ENSP00000339720	9606.ENSP00000377411	0	0	0.900	0	0.900
NDUFA4	NDUFS5	9606.ENSP00000339720	9606.ENSP00000362058	0	0.228	0.900	0	0.919
NDUFA4	NDUFB1	9606.ENSP00000339720	9606.ENSP00000483888	0	0.228	0.900	0	0.919
NDUFA4	NDUFV3	9606.ENSP00000339720	9606.ENSP00000346196	0	0	0.944	0	0.944
NDUFA4	NDUFC1	9606.ENSP00000339720	9606.ENSP00000441126	0	0	0.944	0	0.944
NDUFA4	NDUFB2	9606.ENSP00000339720	9606.ENSP00000419087	0	0	0.944	0	0.944
NDUFA4	NDUFAB1	9606.ENSP00000339720	9606.ENSP00000458770	0	0	0.933	0	0.933
NDUFA4	NDUFA8	9606.ENSP00000339720	9606.ENSP00000362873	0	0.225	0.944	0	0.955
NDUFA4	NDUFS1	9606.ENSP00000339720	9606.ENSP00000392709	0	0.225	0.944	0	0.955
NDUFA4	NDUFB6	9606.ENSP00000339720	9606.ENSP00000369176	0	0	0.944	0	0.944
NDUFA4	NDUFS2	9606.ENSP00000339720	9606.ENSP00000356972	0	0.226	0.944	0	0.955
NDUFA4	NDUFV1	9606.ENSP00000339720	9606.ENSP00000497587	0	0.225	0.944	0	0.955
NDUFA4	NDUFB3	9606.ENSP00000339720	9606.ENSP00000407336	0	0.228	0.944	0	0.955
NDUFA4	NDUFA5	9606.ENSP00000339720	9606.ENSP00000417142	0	0.225	0.944	0	0.955
NDUFA4	NDUFA6	9606.ENSP00000339720	9606.ENSP00000482543	0	0.734	0.944	0	0.984
NDUFA5	NDUFB4	9606.ENSP00000417142	9606.ENSP00000184266	0	0.871	0.967	0	0.995
NDUFA5	UQCRC1	9606.ENSP00000417142	9606.ENSP00000203407	0	0.904	0	0	0.904
NDUFA5	NDUFB7	9606.ENSP00000417142	9606.ENSP00000215565	0	0.947	0.967	0	0.998
NDUFA5	NDUFS7	9606.ENSP00000417142	9606.ENSP00000233627	0	0.984	0.967	0	0.999
NDUFA5	NDUFB5	9606.ENSP00000417142	9606.ENSP00000259037	0	0.936	0.967	0	0.997
NDUFA5	NDUFS3	9606.ENSP00000417142	9606.ENSP00000263774	0	0.972	0.967	0	0.999
NDUFA5	NDUFA9	9606.ENSP00000417142	9606.ENSP00000266544	0	0.969	0.944	0	0.998
NDUFA5	UQCRC2	9606.ENSP00000417142	9606.ENSP00000268379	0	0.885	0	0	0.885
NDUFA5	NDUFB10	9606.ENSP00000417142	9606.ENSP00000268668	0	0.967	0.967	0	0.998
NDUFA5	NDUFS6	9606.ENSP00000417142	9606.ENSP00000274137	0	0.970	0.967	0	0.998
NDUFA5	NDUFB11	9606.ENSP00000417142	9606.ENSP00000276062	0	0.941	0.967	0	0.998
NDUFA5	NDUFB9	9606.ENSP00000417142	9606.ENSP00000276689	0	0.963	0.967	0	0.998
NDUFA5	NDUFC2	9606.ENSP00000417142	9606.ENSP00000281031	0	0.865	0.944	0	0.992
NDUFA5	NDUFS4	9606.ENSP00000417142	9606.ENSP00000296684	0	0.973	0.967	0	0.999
NDUFA5	NDUFB8	9606.ENSP00000417142	9606.ENSP00000299166	0	0.946	0.967	0	0.998
NDUFA5	NDUFA7	9606.ENSP00000417142	9606.ENSP00000301457	0	0.933	0.967	0	0.997
NDUFA5	UQCRFS1	9606.ENSP00000417142	9606.ENSP00000306397	0	0.946	0	0	0.946
NDUFA5	UQCRH	9606.ENSP00000417142	9606.ENSP00000309565	0	0.872	0	0	0.872
NDUFA5	NDUFS8	9606.ENSP00000417142	9606.ENSP00000315774	0	0.976	0.967	0	0.999
NDUFA5	NDUFV2	9606.ENSP00000417142	9606.ENSP00000327268	0	0.947	0.967	0	0.998
NDUFA5	UQCR10	9606.ENSP00000417142	9606.ENSP00000332887	0	0.897	0	0	0.897
NDUFA5	NDUFV3	9606.ENSP00000417142	9606.ENSP00000346196	0	0.921	0.967	0	0.997
NDUFA5	NDUFS2	9606.ENSP00000417142	9606.ENSP00000356972	0	0.973	0.967	0	0.999
NDUFA5	NDUFS5	9606.ENSP00000417142	9606.ENSP00000362058	0	0.951	0.900	0	0.994
NDUFA5	NDUFA8	9606.ENSP00000417142	9606.ENSP00000362873	0	0.954	0.967	0	0.998
NDUFA5	UQCRQ	9606.ENSP00000417142	9606.ENSP00000367939	0	0.857	0	0	0.857
NDUFA5	NDUFB6	9606.ENSP00000417142	9606.ENSP00000369176	0	0.866	0.967	0	0.995
NDUFA5	NDUFS1	9606.ENSP00000417142	9606.ENSP00000392709	0	0.954	0.967	0	0.998
NDUFA5	NDUFB3	9606.ENSP00000417142	9606.ENSP00000407336	0	0.970	0.967	0	0.999
NDUFA5	UQCR11	9606.ENSP00000417142	9606.ENSP00000467262	0	0.807	0	0	0.807
NDUFA5	NDUFC2-KCTD14	9606.ENSP00000417142	9606.ENSP00000478766	0	0.357	0.744	0	0.828
NDUFA5	UQCRB	9606.ENSP00000417142	9606.ENSP00000430494	0	0.895	0	0	0.895
NDUFA5	NDUFB1	9606.ENSP00000417142	9606.ENSP00000483888	0	0.882	0.900	0	0.987
NDUFA5	NDUFC1	9606.ENSP00000417142	9606.ENSP00000441126	0	0.803	0.967	0	0.993
NDUFA5	NDUFB2	9606.ENSP00000417142	9606.ENSP00000419087	0	0.800	0.967	0	0.993
NDUFA5	NDUFAB1	9606.ENSP00000417142	9606.ENSP00000458770	0	0.899	0.967	0	0.996
NDUFA5	NDUFA6	9606.ENSP00000417142	9606.ENSP00000482543	0	0.951	0.967	0	0.998
NDUFA5	NDUFV1	9606.ENSP00000417142	9606.ENSP00000497587	0	0.947	0.967	0	0.998
NDUFA6	NDUFB4	9606.ENSP00000482543	9606.ENSP00000184266	0	0.951	0.967	0	0.998
NDUFA6	UQCRC1	9606.ENSP00000482543	9606.ENSP00000203407	0	0.905	0	0	0.905
NDUFA6	NDUFB7	9606.ENSP00000482543	9606.ENSP00000215565	0	0.951	0.967	0	0.998
NDUFA6	NDUFS7	9606.ENSP00000482543	9606.ENSP00000233627	0	0.991	0.967	0	0.999
NDUFA6	NDUFB5	9606.ENSP00000482543	9606.ENSP00000259037	0	0.951	0.967	0	0.998
NDUFA6	NDUFS3	9606.ENSP00000482543	9606.ENSP00000263774	0	0.972	0.967	0	0.999
NDUFA6	NDUFA9	9606.ENSP00000482543	9606.ENSP00000266544	0	0.983	0.944	0	0.999
NDUFA6	UQCRC2	9606.ENSP00000482543	9606.ENSP00000268379	0	0.868	0	0	0.868
NDUFA6	NDUFB10	9606.ENSP00000482543	9606.ENSP00000268668	0	0.951	0.967	0	0.998
NDUFA6	NDUFS6	9606.ENSP00000482543	9606.ENSP00000274137	0	0.951	0.967	0	0.998
NDUFA6	NDUFB11	9606.ENSP00000482543	9606.ENSP00000276062	0	0.951	0.967	0	0.998
NDUFA6	NDUFB9	9606.ENSP00000482543	9606.ENSP00000276689	0	0.951	0.967	0	0.998
NDUFA6	NDUFC2	9606.ENSP00000482543	9606.ENSP00000281031	0	0.949	0.944	0	0.997
NDUFA6	NDUFS4	9606.ENSP00000482543	9606.ENSP00000296684	0	0.972	0.967	0	0.999
NDUFA6	NDUFB8	9606.ENSP00000482543	9606.ENSP00000299166	0	0.951	0.967	0	0.998
NDUFA6	NDUFA7	9606.ENSP00000482543	9606.ENSP00000301457	0	0.951	0.967	0	0.998
NDUFA6	UQCRFS1	9606.ENSP00000482543	9606.ENSP00000306397	0	0.945	0	0	0.945
NDUFA6	UQCRH	9606.ENSP00000482543	9606.ENSP00000309565	0	0.873	0	0	0.873
NDUFA6	NDUFS8	9606.ENSP00000482543	9606.ENSP00000315774	0	0.951	0.967	0	0.998
NDUFA6	NDUFV2	9606.ENSP00000482543	9606.ENSP00000327268	0	0.951	0.967	0	0.998
NDUFA6	UQCR10	9606.ENSP00000482543	9606.ENSP00000332887	0	0.897	0	0	0.897
NDUFA6	NDUFV3	9606.ENSP00000482543	9606.ENSP00000346196	0	0.951	0.967	0	0.998
NDUFA6	NDUFS2	9606.ENSP00000482543	9606.ENSP00000356972	0	0.972	0.967	0	0.999
NDUFA6	NDUFS5	9606.ENSP00000482543	9606.ENSP00000362058	0	0.951	0.900	0	0.994
NDUFA6	NDUFA8	9606.ENSP00000482543	9606.ENSP00000362873	0	0.951	0.967	0	0.998
NDUFA6	UQCRQ	9606.ENSP00000482543	9606.ENSP00000367939	0	0.830	0	0	0.830
NDUFA6	NDUFB6	9606.ENSP00000482543	9606.ENSP00000369176	0	0.951	0.967	0	0.998
NDUFA6	NDUFS1	9606.ENSP00000482543	9606.ENSP00000392709	0	0.972	0.967	0	0.999
NDUFA6	NDUFB3	9606.ENSP00000482543	9606.ENSP00000407336	0	0.951	0.967	0	0.998
NDUFA6	NDUFB2	9606.ENSP00000482543	9606.ENSP00000419087	0	0.944	0.967	0	0.998
NDUFA6	UQCRB	9606.ENSP00000482543	9606.ENSP00000430494	0	0.876	0	0	0.876
NDUFA6	NDUFC1	9606.ENSP00000482543	9606.ENSP00000441126	0	0.803	0.967	0	0.993
NDUFA6	NDUFAB1	9606.ENSP00000482543	9606.ENSP00000458770	0	0.985	0.967	0	0.999
NDUFA6	UQCR11	9606.ENSP00000482543	9606.ENSP00000467262	0	0.807	0	0	0.807
NDUFA6	NDUFC2-KCTD14	9606.ENSP00000482543	9606.ENSP00000478766	0	0.140	0.744	0	0.770
NDUFA6	NDUFB1	9606.ENSP00000482543	9606.ENSP00000483888	0	0.951	0.900	0	0.994
NDUFA6	NDUFV1	9606.ENSP00000482543	9606.ENSP00000497587	0	0.951	0.967	0	0.998
NDUFA7	NDUFB4	9606.ENSP00000301457	9606.ENSP00000184266	0	0.925	0.967	0	0.997
NDUFA7	UQCRC1	9606.ENSP00000301457	9606.ENSP00000203407	0	0.818	0	0	0.818
NDUFA7	NDUFB7	9606.ENSP00000301457	9606.ENSP00000215565	0	0.929	0.967	0	0.997
NDUFA7	NDUFS7	9606.ENSP00000301457	9606.ENSP00000233627	0	0.910	0.967	0	0.996
NDUFA7	NDUFB5	9606.ENSP00000301457	9606.ENSP00000259037	0	0.905	0.967	0	0.996
NDUFA7	NDUFS3	9606.ENSP00000301457	9606.ENSP00000263774	0	0.972	0.967	0	0.999
NDUFA7	NDUFA9	9606.ENSP00000301457	9606.ENSP00000266544	0	0.950	0.944	0	0.997
NDUFA7	UQCRC2	9606.ENSP00000301457	9606.ENSP00000268379	0	0.818	0	0	0.818
NDUFA7	NDUFB10	9606.ENSP00000301457	9606.ENSP00000268668	0	0.941	0.967	0	0.998
NDUFA7	NDUFS6	9606.ENSP00000301457	9606.ENSP00000274137	0	0.946	0.967	0	0.998
NDUFA7	NDUFB11	9606.ENSP00000301457	9606.ENSP00000276062	0	0.938	0.967	0	0.997
NDUFA7	NDUFB9	9606.ENSP00000301457	9606.ENSP00000276689	0	0.926	0.967	0	0.997
NDUFA7	NDUFC2	9606.ENSP00000301457	9606.ENSP00000281031	0	0.904	0.944	0	0.994
NDUFA7	NDUFS4	9606.ENSP00000301457	9606.ENSP00000296684	0	0.951	0.967	0	0.998
NDUFA7	NDUFB8	9606.ENSP00000301457	9606.ENSP00000299166	0	0.901	0.967	0	0.996
NDUFA7	NDUFC2-KCTD14	9606.ENSP00000301457	9606.ENSP00000478766	0	0.166	0.744	0	0.777
NDUFA7	UQCR11	9606.ENSP00000301457	9606.ENSP00000467262	0	0.800	0	0	0.800
NDUFA7	UQCRQ	9606.ENSP00000301457	9606.ENSP00000367939	0	0.804	0	0	0.804
NDUFA7	UQCR10	9606.ENSP00000301457	9606.ENSP00000332887	0	0.808	0	0	0.808
NDUFA7	UQCRB	9606.ENSP00000301457	9606.ENSP00000430494	0	0.819	0	0	0.819
NDUFA7	UQCRFS1	9606.ENSP00000301457	9606.ENSP00000306397	0	0.828	0	0	0.828
NDUFA7	UQCRH	9606.ENSP00000301457	9606.ENSP00000309565	0	0.818	0	0	0.818
NDUFA7	NDUFB1	9606.ENSP00000301457	9606.ENSP00000483888	0	0.927	0.900	0	0.992
NDUFA7	NDUFC1	9606.ENSP00000301457	9606.ENSP00000441126	0	0.803	0.967	0	0.993
NDUFA7	NDUFS5	9606.ENSP00000301457	9606.ENSP00000362058	0	0.951	0.900	0	0.994
NDUFA7	NDUFB2	9606.ENSP00000301457	9606.ENSP00000419087	0	0.899	0.967	0	0.996
NDUFA7	NDUFV3	9606.ENSP00000301457	9606.ENSP00000346196	0	0.928	0.967	0	0.997
NDUFA7	NDUFAB1	9606.ENSP00000301457	9606.ENSP00000458770	0	0.911	0.967	0	0.997
NDUFA7	NDUFB3	9606.ENSP00000301457	9606.ENSP00000407336	0	0.906	0.967	0	0.996
NDUFA7	NDUFA8	9606.ENSP00000301457	9606.ENSP00000362873	0	0.947	0.967	0	0.998
NDUFA7	NDUFS2	9606.ENSP00000301457	9606.ENSP00000356972	0	0.957	0.967	0	0.998
NDUFA7	NDUFB6	9606.ENSP00000301457	9606.ENSP00000369176	0	0.928	0.967	0	0.997
NDUFA7	NDUFV2	9606.ENSP00000301457	9606.ENSP00000327268	0	0.932	0.967	0	0.997
NDUFA7	NDUFS8	9606.ENSP00000301457	9606.ENSP00000315774	0	0.966	0.967	0	0.998
NDUFA7	NDUFS1	9606.ENSP00000301457	9606.ENSP00000392709	0	0.967	0.967	0	0.998
NDUFA7	NDUFV1	9606.ENSP00000301457	9606.ENSP00000497587	0	0.968	0.967	0	0.998
NDUFA8	NDUFB4	9606.ENSP00000362873	9606.ENSP00000184266	0	0.943	0.967	0	0.998
NDUFA8	UQCRC1	9606.ENSP00000362873	9606.ENSP00000203407	0	0.886	0	0	0.886
NDUFA8	NDUFB7	9606.ENSP00000362873	9606.ENSP00000215565	0	0.980	0.967	0	0.999
NDUFA8	NDUFS7	9606.ENSP00000362873	9606.ENSP00000233627	0	0.969	0.967	0	0.998
NDUFA8	NDUFB5	9606.ENSP00000362873	9606.ENSP00000259037	0	0.973	0.967	0	0.999
NDUFA8	NDUFS3	9606.ENSP00000362873	9606.ENSP00000263774	0	0.975	0.967	0	0.999
NDUFA8	NDUFA9	9606.ENSP00000362873	9606.ENSP00000266544	0	0.958	0.944	0	0.997
NDUFA8	UQCRC2	9606.ENSP00000362873	9606.ENSP00000268379	0	0.879	0	0	0.879
NDUFA8	NDUFB10	9606.ENSP00000362873	9606.ENSP00000268668	0	0.954	0.967	0	0.998
NDUFA8	NDUFS6	9606.ENSP00000362873	9606.ENSP00000274137	0	0.977	0.967	0	0.999
NDUFA8	NDUFB11	9606.ENSP00000362873	9606.ENSP00000276062	0	0.861	0.967	0	0.995
NDUFA8	NDUFB9	9606.ENSP00000362873	9606.ENSP00000276689	0	0.978	0.967	0	0.999
NDUFA8	NDUFC2	9606.ENSP00000362873	9606.ENSP00000281031	0	0.972	0.944	0	0.998
NDUFA8	NDUFS4	9606.ENSP00000362873	9606.ENSP00000296684	0	0.976	0.967	0	0.999
NDUFA8	NDUFB8	9606.ENSP00000362873	9606.ENSP00000299166	0	0.977	0.967	0	0.999
NDUFA8	UQCRFS1	9606.ENSP00000362873	9606.ENSP00000306397	0	0.913	0	0	0.913
NDUFA8	UQCRH	9606.ENSP00000362873	9606.ENSP00000309565	0	0.888	0	0	0.888
NDUFA8	NDUFS8	9606.ENSP00000362873	9606.ENSP00000315774	0	0.980	0.967	0	0.999
NDUFA8	NDUFV2	9606.ENSP00000362873	9606.ENSP00000327268	0	0.979	0.967	0	0.999
NDUFA8	UQCR10	9606.ENSP00000362873	9606.ENSP00000332887	0	0.896	0	0	0.896
NDUFA8	NDUFV3	9606.ENSP00000362873	9606.ENSP00000346196	0	0.943	0.967	0	0.998
NDUFA8	NDUFS2	9606.ENSP00000362873	9606.ENSP00000356972	0	0.974	0.967	0	0.999
NDUFA8	NDUFS5	9606.ENSP00000362873	9606.ENSP00000362058	0	0.950	0.900	0	0.994
NDUFA8	UQCR11	9606.ENSP00000362873	9606.ENSP00000467262	0	0.807	0	0	0.807
NDUFA8	NDUFC2-KCTD14	9606.ENSP00000362873	9606.ENSP00000478766	0	0.354	0.744	0	0.827
NDUFA8	UQCRQ	9606.ENSP00000362873	9606.ENSP00000367939	0	0.857	0	0	0.857
NDUFA8	UQCRB	9606.ENSP00000362873	9606.ENSP00000430494	0	0.933	0	0	0.933
NDUFA8	NDUFB2	9606.ENSP00000362873	9606.ENSP00000419087	0	0.800	0.967	0	0.993
NDUFA8	NDUFC1	9606.ENSP00000362873	9606.ENSP00000441126	0	0.803	0.967	0	0.993
NDUFA8	NDUFB1	9606.ENSP00000362873	9606.ENSP00000483888	0	0.975	0.900	0	0.997
NDUFA8	NDUFAB1	9606.ENSP00000362873	9606.ENSP00000458770	0	0.900	0.967	0	0.996
NDUFA8	NDUFB6	9606.ENSP00000362873	9606.ENSP00000369176	0	0.949	0.967	0	0.998
NDUFA8	NDUFV1	9606.ENSP00000362873	9606.ENSP00000497587	0	0.980	0.967	0	0.999
NDUFA8	NDUFS1	9606.ENSP00000362873	9606.ENSP00000392709	0	0.979	0.967	0	0.999
NDUFA8	NDUFB3	9606.ENSP00000362873	9606.ENSP00000407336	0	0.978	0.967	0	0.999
NDUFA9	NDUFB4	9606.ENSP00000266544	9606.ENSP00000184266	0	0.959	0.944	0	0.997
NDUFA9	UQCRC1	9606.ENSP00000266544	9606.ENSP00000203407	0	0.885	0	0	0.885
NDUFA9	NDUFB7	9606.ENSP00000266544	9606.ENSP00000215565	0	0.969	0.944	0	0.998
NDUFA9	NDUFS7	9606.ENSP00000266544	9606.ENSP00000233627	0	0.982	0.944	0	0.998
NDUFA9	NDUFB5	9606.ENSP00000266544	9606.ENSP00000259037	0	0.956	0.944	0	0.997
NDUFA9	NDUFS3	9606.ENSP00000266544	9606.ENSP00000263774	0	0.983	0.944	0	0.999
NDUFA9	NDUFC2-KCTD14	9606.ENSP00000266544	9606.ENSP00000478766	0	0.249	0.693	0	0.760
NDUFA9	UQCR11	9606.ENSP00000266544	9606.ENSP00000467262	0	0.813	0	0	0.813
NDUFA9	UQCRQ	9606.ENSP00000266544	9606.ENSP00000367939	0	0.848	0	0	0.848
NDUFA9	UQCRH	9606.ENSP00000266544	9606.ENSP00000309565	0	0.865	0	0	0.865
NDUFA9	UQCRB	9606.ENSP00000266544	9606.ENSP00000430494	0	0.869	0	0	0.869
NDUFA9	UQCRC2	9606.ENSP00000266544	9606.ENSP00000268379	0	0.874	0	0	0.874
NDUFA9	UQCR10	9606.ENSP00000266544	9606.ENSP00000332887	0	0.963	0	0	0.963
NDUFA9	UQCRFS1	9606.ENSP00000266544	9606.ENSP00000306397	0	0.969	0	0	0.969
NDUFA9	NDUFC1	9606.ENSP00000266544	9606.ENSP00000441126	0	0.801	0.944	0	0.988
NDUFA9	NDUFB2	9606.ENSP00000266544	9606.ENSP00000419087	0	0.800	0.944	0	0.988
NDUFA9	NDUFC2	9606.ENSP00000266544	9606.ENSP00000281031	0	0.909	0.933	0	0.993
NDUFA9	NDUFB1	9606.ENSP00000266544	9606.ENSP00000483888	0	0.950	0.900	0	0.994
NDUFA9	NDUFS5	9606.ENSP00000266544	9606.ENSP00000362058	0	0.959	0.900	0	0.995
NDUFA9	NDUFAB1	9606.ENSP00000266544	9606.ENSP00000458770	0	0.963	0.944	0	0.997
NDUFA9	NDUFB11	9606.ENSP00000266544	9606.ENSP00000276062	0	0.959	0.944	0	0.997
NDUFA9	NDUFV3	9606.ENSP00000266544	9606.ENSP00000346196	0	0.956	0.944	0	0.997
NDUFA9	NDUFB3	9606.ENSP00000266544	9606.ENSP00000407336	0	0.969	0.944	0	0.998
NDUFA9	NDUFS6	9606.ENSP00000266544	9606.ENSP00000274137	0	0.983	0.944	0	0.999
NDUFA9	NDUFB6	9606.ENSP00000266544	9606.ENSP00000369176	0	0.928	0.944	0	0.995
NDUFA9	NDUFB8	9606.ENSP00000266544	9606.ENSP00000299166	0	0.969	0.944	0	0.998
NDUFA9	NDUFV1	9606.ENSP00000266544	9606.ENSP00000497587	0	0.969	0.944	0	0.998
NDUFA9	NDUFB9	9606.ENSP00000266544	9606.ENSP00000276689	0	0.954	0.944	0	0.997
NDUFA9	NDUFS8	9606.ENSP00000266544	9606.ENSP00000315774	0	0.983	0.944	0	0.999
NDUFA9	NDUFB10	9606.ENSP00000266544	9606.ENSP00000268668	0	0.969	0.944	0	0.998
NDUFA9	NDUFS2	9606.ENSP00000266544	9606.ENSP00000356972	0	0.969	0.944	0	0.998
NDUFA9	NDUFV2	9606.ENSP00000266544	9606.ENSP00000327268	0	0.969	0.944	0	0.998
NDUFA9	NDUFS1	9606.ENSP00000266544	9606.ENSP00000392709	0	0.969	0.944	0	0.998
NDUFA9	NDUFS4	9606.ENSP00000266544	9606.ENSP00000296684	0	0.983	0.944	0	0.999
NDUFAB1	NDUFB4	9606.ENSP00000458770	9606.ENSP00000184266	0	0.900	0.967	0	0.996
NDUFAB1	UQCRC1	9606.ENSP00000458770	9606.ENSP00000203407	0	0.868	0	0	0.868
NDUFAB1	NDUFB7	9606.ENSP00000458770	9606.ENSP00000215565	0	0.900	0.967	0	0.996
NDUFAB1	NDUFS7	9606.ENSP00000458770	9606.ENSP00000233627	0	0.900	0.967	0	0.996
NDUFAB1	NDUFB5	9606.ENSP00000458770	9606.ENSP00000259037	0	0.943	0.967	0	0.998
NDUFAB1	NDUFS3	9606.ENSP00000458770	9606.ENSP00000263774	0	0.907	0.967	0	0.996
NDUFAB1	UQCRC2	9606.ENSP00000458770	9606.ENSP00000268379	0	0.862	0	0	0.862
NDUFAB1	NDUFB10	9606.ENSP00000458770	9606.ENSP00000268668	0	0.900	0.967	0	0.996
NDUFAB1	NDUFS6	9606.ENSP00000458770	9606.ENSP00000274137	0	0.916	0.967	0	0.997
NDUFAB1	NDUFB11	9606.ENSP00000458770	9606.ENSP00000276062	0	0.917	0.967	0	0.997
NDUFAB1	NDUFB9	9606.ENSP00000458770	9606.ENSP00000276689	0	0.951	0.967	0	0.998
NDUFAB1	NDUFC2	9606.ENSP00000458770	9606.ENSP00000281031	0	0.871	0.944	0	0.992
NDUFAB1	NDUFS4	9606.ENSP00000458770	9606.ENSP00000296684	0	0.900	0.967	0	0.996
NDUFAB1	NDUFB8	9606.ENSP00000458770	9606.ENSP00000299166	0	0.951	0.967	0	0.998
NDUFAB1	UQCRFS1	9606.ENSP00000458770	9606.ENSP00000306397	0	0.901	0	0	0.901
NDUFAB1	UQCRH	9606.ENSP00000458770	9606.ENSP00000309565	0	0.865	0	0	0.865
NDUFAB1	NDUFS8	9606.ENSP00000458770	9606.ENSP00000315774	0	0.900	0.967	0	0.996
NDUFAB1	NDUFV2	9606.ENSP00000458770	9606.ENSP00000327268	0	0.900	0.967	0	0.996
NDUFAB1	UQCR10	9606.ENSP00000458770	9606.ENSP00000332887	0	0.870	0	0	0.870
NDUFAB1	NDUFV3	9606.ENSP00000458770	9606.ENSP00000346196	0	0.914	0.967	0	0.997
NDUFAB1	NDUFS2	9606.ENSP00000458770	9606.ENSP00000356972	0	0.901	0.967	0	0.996
NDUFAB1	NDUFS5	9606.ENSP00000458770	9606.ENSP00000362058	0	0.900	0.900	0	0.989
NDUFAB1	UQCRQ	9606.ENSP00000458770	9606.ENSP00000367939	0	0.861	0	0	0.861
NDUFAB1	NDUFB6	9606.ENSP00000458770	9606.ENSP00000369176	0	0.951	0.967	0	0.998
NDUFAB1	NDUFS1	9606.ENSP00000458770	9606.ENSP00000392709	0	0.900	0.967	0	0.996
NDUFAB1	NDUFB3	9606.ENSP00000458770	9606.ENSP00000407336	0	0.958	0.967	0	0.998
NDUFAB1	NDUFB2	9606.ENSP00000458770	9606.ENSP00000419087	0	0.933	0.967	0	0.997
NDUFAB1	UQCRB	9606.ENSP00000458770	9606.ENSP00000430494	0	0.867	0	0	0.867
NDUFAB1	NDUFC1	9606.ENSP00000458770	9606.ENSP00000441126	0	0.870	0.967	0	0.995
NDUFAB1	UQCR11	9606.ENSP00000458770	9606.ENSP00000467262	0	0.816	0	0	0.816
NDUFAB1	NDUFC2-KCTD14	9606.ENSP00000458770	9606.ENSP00000478766	0	0.386	0.744	0	0.836
NDUFAB1	NDUFB1	9606.ENSP00000458770	9606.ENSP00000483888	0	0.900	0.900	0	0.989
NDUFAB1	NDUFV1	9606.ENSP00000458770	9606.ENSP00000497587	0	0.900	0.967	0	0.996
NDUFB1	NDUFB4	9606.ENSP00000483888	9606.ENSP00000184266	0	0.861	0.900	0	0.985
NDUFB1	UQCRC1	9606.ENSP00000483888	9606.ENSP00000203407	0	0.832	0	0	0.832
NDUFB1	NDUFB7	9606.ENSP00000483888	9606.ENSP00000215565	0	0.943	0.900	0	0.994
NDUFB1	NDUFS7	9606.ENSP00000483888	9606.ENSP00000233627	0	0.861	0.900	0	0.985
NDUFB1	NDUFB5	9606.ENSP00000483888	9606.ENSP00000259037	0	0.976	0.900	0	0.997
NDUFB1	NDUFS3	9606.ENSP00000483888	9606.ENSP00000263774	0	0.934	0.900	0	0.993
NDUFB1	UQCRC2	9606.ENSP00000483888	9606.ENSP00000268379	0	0.830	0	0	0.830
NDUFB1	NDUFB10	9606.ENSP00000483888	9606.ENSP00000268668	0	0.941	0.900	0	0.993
NDUFB1	NDUFS6	9606.ENSP00000483888	9606.ENSP00000274137	0	0.926	0.900	0	0.992
NDUFB1	NDUFB11	9606.ENSP00000483888	9606.ENSP00000276062	0	0.947	0.900	0	0.994
NDUFB1	NDUFB9	9606.ENSP00000483888	9606.ENSP00000276689	0	0.878	0.900	0	0.987
NDUFB1	NDUFC2	9606.ENSP00000483888	9606.ENSP00000281031	0	0.969	0.900	0	0.996
NDUFB1	NDUFS4	9606.ENSP00000483888	9606.ENSP00000296684	0	0.861	0.900	0	0.985
NDUFB1	NDUFB8	9606.ENSP00000483888	9606.ENSP00000299166	0	0.861	0.900	0	0.985
NDUFB1	UQCRFS1	9606.ENSP00000483888	9606.ENSP00000306397	0	0.830	0	0	0.830
NDUFB1	UQCRH	9606.ENSP00000483888	9606.ENSP00000309565	0	0.832	0	0	0.832
NDUFB1	NDUFS8	9606.ENSP00000483888	9606.ENSP00000315774	0	0.861	0.900	0	0.985
NDUFB1	NDUFV2	9606.ENSP00000483888	9606.ENSP00000327268	0	0.940	0.900	0	0.993
NDUFB1	UQCR10	9606.ENSP00000483888	9606.ENSP00000332887	0	0.830	0	0	0.830
NDUFB1	NDUFV3	9606.ENSP00000483888	9606.ENSP00000346196	0	0.922	0.900	0	0.991
NDUFB1	NDUFS2	9606.ENSP00000483888	9606.ENSP00000356972	0	0.861	0.900	0	0.985
NDUFB1	NDUFS5	9606.ENSP00000483888	9606.ENSP00000362058	0	0.922	0.900	0	0.991
NDUFB1	UQCRQ	9606.ENSP00000483888	9606.ENSP00000367939	0	0.830	0	0	0.830
NDUFB1	NDUFB6	9606.ENSP00000483888	9606.ENSP00000369176	0	0.861	0.900	0	0.985
NDUFB1	NDUFS1	9606.ENSP00000483888	9606.ENSP00000392709	0	0.861	0.900	0	0.985
NDUFB1	NDUFB3	9606.ENSP00000483888	9606.ENSP00000407336	0	0.923	0.900	0	0.992
NDUFB1	NDUFB2	9606.ENSP00000483888	9606.ENSP00000419087	0	0.800	0.900	0	0.979
NDUFB1	UQCRB	9606.ENSP00000483888	9606.ENSP00000430494	0	0.804	0	0	0.804
NDUFB1	NDUFC1	9606.ENSP00000483888	9606.ENSP00000441126	0	0.803	0.900	0	0.979
NDUFB1	UQCR11	9606.ENSP00000483888	9606.ENSP00000467262	0	0.807	0	0	0.807
NDUFB1	NDUFV1	9606.ENSP00000483888	9606.ENSP00000497587	0	0.861	0.900	0	0.985
NDUFB10	NDUFB4	9606.ENSP00000268668	9606.ENSP00000184266	0	0.944	0.967	0	0.998
NDUFB10	UQCRC1	9606.ENSP00000268668	9606.ENSP00000203407	0	0.870	0	0	0.870
NDUFB10	NDUFB7	9606.ENSP00000268668	9606.ENSP00000215565	0	0.980	0.967	0	0.999
NDUFB10	NDUFS7	9606.ENSP00000268668	9606.ENSP00000233627	0	0.896	0.967	0	0.996
NDUFB10	NDUFB5	9606.ENSP00000268668	9606.ENSP00000259037	0	0.974	0.967	0	0.999
NDUFB10	NDUFS3	9606.ENSP00000268668	9606.ENSP00000263774	0	0.951	0.967	0	0.998
NDUFB10	UQCRC2	9606.ENSP00000268668	9606.ENSP00000268379	0	0.882	0	0	0.882
NDUFB10	UQCR11	9606.ENSP00000268668	9606.ENSP00000467262	0	0.807	0	0	0.807
NDUFB10	NDUFC2-KCTD14	9606.ENSP00000268668	9606.ENSP00000478766	0	0.353	0.744	0	0.827
NDUFB10	UQCRQ	9606.ENSP00000268668	9606.ENSP00000367939	0	0.857	0	0	0.857
NDUFB10	UQCRH	9606.ENSP00000268668	9606.ENSP00000309565	0	0.873	0	0	0.873
NDUFB10	UQCRB	9606.ENSP00000268668	9606.ENSP00000430494	0	0.895	0	0	0.895
NDUFB10	UQCR10	9606.ENSP00000268668	9606.ENSP00000332887	0	0.898	0	0	0.898
NDUFB10	UQCRFS1	9606.ENSP00000268668	9606.ENSP00000306397	0	0.898	0	0	0.898
NDUFB10	NDUFC1	9606.ENSP00000268668	9606.ENSP00000441126	0	0.803	0.967	0	0.993
NDUFB10	NDUFB2	9606.ENSP00000268668	9606.ENSP00000419087	0	0.800	0.967	0	0.993
NDUFB10	NDUFS5	9606.ENSP00000268668	9606.ENSP00000362058	0	0.951	0.900	0	0.994
NDUFB10	NDUFV3	9606.ENSP00000268668	9606.ENSP00000346196	0	0.927	0.967	0	0.997
NDUFB10	NDUFV1	9606.ENSP00000268668	9606.ENSP00000497587	0	0.957	0.967	0	0.998
NDUFB10	NDUFS8	9606.ENSP00000268668	9606.ENSP00000315774	0	0.954	0.967	0	0.998
NDUFB10	NDUFC2	9606.ENSP00000268668	9606.ENSP00000281031	0	0.970	0.944	0	0.998
NDUFB10	NDUFS4	9606.ENSP00000268668	9606.ENSP00000296684	0	0.951	0.967	0	0.998
NDUFB10	NDUFB11	9606.ENSP00000268668	9606.ENSP00000276062	0	0.976	0.967	0	0.999
NDUFB10	NDUFB8	9606.ENSP00000268668	9606.ENSP00000299166	0	0.973	0.967	0	0.999
NDUFB10	NDUFB6	9606.ENSP00000268668	9606.ENSP00000369176	0	0.946	0.967	0	0.998
NDUFB10	NDUFS6	9606.ENSP00000268668	9606.ENSP00000274137	0	0.978	0.967	0	0.999
NDUFB10	NDUFB3	9606.ENSP00000268668	9606.ENSP00000407336	0	0.970	0.967	0	0.999
NDUFB10	NDUFB9	9606.ENSP00000268668	9606.ENSP00000276689	0	0.963	0.967	0	0.998
NDUFB10	NDUFS1	9606.ENSP00000268668	9606.ENSP00000392709	0	0.971	0.967	0	0.999
NDUFB10	NDUFV2	9606.ENSP00000268668	9606.ENSP00000327268	0	0.980	0.967	0	0.999
NDUFB10	NDUFS2	9606.ENSP00000268668	9606.ENSP00000356972	0	0.947	0.967	0	0.998
NDUFB11	NDUFB4	9606.ENSP00000276062	9606.ENSP00000184266	0	0.945	0.967	0	0.998
NDUFB11	UQCRC1	9606.ENSP00000276062	9606.ENSP00000203407	0	0.832	0	0	0.832
NDUFB11	NDUFB7	9606.ENSP00000276062	9606.ENSP00000215565	0	0.949	0.967	0	0.998
NDUFB11	NDUFS7	9606.ENSP00000276062	9606.ENSP00000233627	0	0.931	0.967	0	0.997
NDUFB11	NDUFB5	9606.ENSP00000276062	9606.ENSP00000259037	0	0.971	0.967	0	0.999
NDUFB11	NDUFS3	9606.ENSP00000276062	9606.ENSP00000263774	0	0.951	0.967	0	0.998
NDUFB11	UQCRC2	9606.ENSP00000276062	9606.ENSP00000268379	0	0.830	0	0	0.830
NDUFB11	NDUFS6	9606.ENSP00000276062	9606.ENSP00000274137	0	0.930	0.967	0	0.997
NDUFB11	UQCR11	9606.ENSP00000276062	9606.ENSP00000467262	0	0.807	0	0	0.807
NDUFB11	NDUFC2-KCTD14	9606.ENSP00000276062	9606.ENSP00000478766	0	0.330	0.744	0	0.821
NDUFB11	UQCRFS1	9606.ENSP00000276062	9606.ENSP00000306397	0	0.830	0	0	0.830
NDUFB11	UQCRQ	9606.ENSP00000276062	9606.ENSP00000367939	0	0.830	0	0	0.830
NDUFB11	UQCR10	9606.ENSP00000276062	9606.ENSP00000332887	0	0.830	0	0	0.830
NDUFB11	UQCRB	9606.ENSP00000276062	9606.ENSP00000430494	0	0.843	0	0	0.843
NDUFB11	UQCRH	9606.ENSP00000276062	9606.ENSP00000309565	0	0.832	0	0	0.832
NDUFB11	NDUFB2	9606.ENSP00000276062	9606.ENSP00000419087	0	0.800	0.967	0	0.993
NDUFB11	NDUFC1	9606.ENSP00000276062	9606.ENSP00000441126	0	0.803	0.967	0	0.993
NDUFB11	NDUFS5	9606.ENSP00000276062	9606.ENSP00000362058	0	0.951	0.900	0	0.994
NDUFB11	NDUFB8	9606.ENSP00000276062	9606.ENSP00000299166	0	0.937	0.967	0	0.997
NDUFB11	NDUFS1	9606.ENSP00000276062	9606.ENSP00000392709	0	0.949	0.967	0	0.998
NDUFB11	NDUFS4	9606.ENSP00000276062	9606.ENSP00000296684	0	0.943	0.967	0	0.998
NDUFB11	NDUFV2	9606.ENSP00000276062	9606.ENSP00000327268	0	0.949	0.967	0	0.998
NDUFB11	NDUFV1	9606.ENSP00000276062	9606.ENSP00000497587	0	0.949	0.967	0	0.998
NDUFB11	NDUFB3	9606.ENSP00000276062	9606.ENSP00000407336	0	0.939	0.967	0	0.997
NDUFB11	NDUFV3	9606.ENSP00000276062	9606.ENSP00000346196	0	0.943	0.967	0	0.998
NDUFB11	NDUFS8	9606.ENSP00000276062	9606.ENSP00000315774	0	0.951	0.967	0	0.998
NDUFB11	NDUFC2	9606.ENSP00000276062	9606.ENSP00000281031	0	0.971	0.944	0	0.998
NDUFB11	NDUFS2	9606.ENSP00000276062	9606.ENSP00000356972	0	0.972	0.967	0	0.999
NDUFB11	NDUFB6	9606.ENSP00000276062	9606.ENSP00000369176	0	0.974	0.967	0	0.999
NDUFB11	NDUFB9	9606.ENSP00000276062	9606.ENSP00000276689	0	0.974	0.967	0	0.999
NDUFB2	NDUFB4	9606.ENSP00000419087	9606.ENSP00000184266	0	0.800	0.967	0	0.993
NDUFB2	UQCRC1	9606.ENSP00000419087	9606.ENSP00000203407	0	0.800	0	0	0.800
NDUFB2	NDUFB7	9606.ENSP00000419087	9606.ENSP00000215565	0	0.908	0.967	0	0.996
NDUFB2	NDUFS7	9606.ENSP00000419087	9606.ENSP00000233627	0	0.800	0.967	0	0.993
NDUFB2	NDUFB5	9606.ENSP00000419087	9606.ENSP00000259037	0	0.800	0.967	0	0.993
NDUFB2	NDUFS3	9606.ENSP00000419087	9606.ENSP00000263774	0	0.800	0.967	0	0.993
NDUFB2	UQCRC2	9606.ENSP00000419087	9606.ENSP00000268379	0	0.800	0	0	0.800
NDUFB2	NDUFS6	9606.ENSP00000419087	9606.ENSP00000274137	0	0.800	0.967	0	0.993
NDUFB2	NDUFB9	9606.ENSP00000419087	9606.ENSP00000276689	0	0.800	0.967	0	0.993
NDUFB2	NDUFC2	9606.ENSP00000419087	9606.ENSP00000281031	0	0.800	0.944	0	0.988
NDUFB2	NDUFS4	9606.ENSP00000419087	9606.ENSP00000296684	0	0.800	0.967	0	0.993
NDUFB2	NDUFB8	9606.ENSP00000419087	9606.ENSP00000299166	0	0.900	0.967	0	0.996
NDUFB2	UQCRFS1	9606.ENSP00000419087	9606.ENSP00000306397	0	0.800	0	0	0.800
NDUFB2	UQCRH	9606.ENSP00000419087	9606.ENSP00000309565	0	0.800	0	0	0.800
NDUFB2	NDUFS8	9606.ENSP00000419087	9606.ENSP00000315774	0	0.800	0.967	0	0.993
NDUFB2	NDUFV2	9606.ENSP00000419087	9606.ENSP00000327268	0	0.800	0.967	0	0.993
NDUFB2	UQCR10	9606.ENSP00000419087	9606.ENSP00000332887	0	0.800	0	0	0.800
NDUFB2	NDUFV3	9606.ENSP00000419087	9606.ENSP00000346196	0	0.891	0.967	0	0.996
NDUFB2	NDUFS2	9606.ENSP00000419087	9606.ENSP00000356972	0	0.800	0.967	0	0.993
NDUFB2	NDUFS5	9606.ENSP00000419087	9606.ENSP00000362058	0	0.800	0.900	0	0.979
NDUFB2	UQCRQ	9606.ENSP00000419087	9606.ENSP00000367939	0	0.800	0	0	0.800
NDUFB2	NDUFB6	9606.ENSP00000419087	9606.ENSP00000369176	0	0.800	0.967	0	0.993
NDUFB2	NDUFS1	9606.ENSP00000419087	9606.ENSP00000392709	0	0.800	0.967	0	0.993
NDUFB2	NDUFB3	9606.ENSP00000419087	9606.ENSP00000407336	0	0.900	0.967	0	0.996
NDUFB2	NDUFC2-KCTD14	9606.ENSP00000419087	9606.ENSP00000478766	0	0	0.744	0	0.744
NDUFB2	UQCR11	9606.ENSP00000419087	9606.ENSP00000467262	0	0.800	0	0	0.800
NDUFB2	UQCRB	9606.ENSP00000419087	9606.ENSP00000430494	0	0.800	0	0	0.800
NDUFB2	NDUFV1	9606.ENSP00000419087	9606.ENSP00000497587	0	0.800	0.967	0	0.993
NDUFB2	NDUFC1	9606.ENSP00000419087	9606.ENSP00000441126	0	0.800	0.967	0	0.993
NDUFB3	NDUFB4	9606.ENSP00000407336	9606.ENSP00000184266	0	0.919	0.967	0	0.997
NDUFB3	UQCRC1	9606.ENSP00000407336	9606.ENSP00000203407	0	0.832	0	0	0.832
NDUFB3	NDUFB7	9606.ENSP00000407336	9606.ENSP00000215565	0	0.970	0.967	0	0.999
NDUFB3	NDUFS7	9606.ENSP00000407336	9606.ENSP00000233627	0	0.925	0.967	0	0.997
NDUFB3	NDUFB5	9606.ENSP00000407336	9606.ENSP00000259037	0	0.944	0.967	0	0.998
NDUFB3	NDUFS3	9606.ENSP00000407336	9606.ENSP00000263774	0	0.978	0.967	0	0.999
NDUFB3	UQCRC2	9606.ENSP00000407336	9606.ENSP00000268379	0	0.844	0	0	0.844
NDUFB3	NDUFS6	9606.ENSP00000407336	9606.ENSP00000274137	0	0.972	0.967	0	0.999
NDUFB3	NDUFB9	9606.ENSP00000407336	9606.ENSP00000276689	0	0.984	0.967	0	0.999
NDUFB3	NDUFC2	9606.ENSP00000407336	9606.ENSP00000281031	0	0.907	0.944	0	0.994
NDUFB3	NDUFS4	9606.ENSP00000407336	9606.ENSP00000296684	0	0.976	0.967	0	0.999
NDUFB3	NDUFB8	9606.ENSP00000407336	9606.ENSP00000299166	0	0.970	0.967	0	0.998
NDUFB3	UQCRFS1	9606.ENSP00000407336	9606.ENSP00000306397	0	0.830	0	0	0.830
NDUFB3	UQCRH	9606.ENSP00000407336	9606.ENSP00000309565	0	0.832	0	0	0.832
NDUFB3	NDUFS8	9606.ENSP00000407336	9606.ENSP00000315774	0	0.970	0.967	0	0.999
NDUFB3	NDUFV2	9606.ENSP00000407336	9606.ENSP00000327268	0	0.970	0.967	0	0.999
NDUFB3	UQCR10	9606.ENSP00000407336	9606.ENSP00000332887	0	0.830	0	0	0.830
NDUFB3	NDUFV3	9606.ENSP00000407336	9606.ENSP00000346196	0	0.918	0.967	0	0.997
NDUFB3	NDUFS2	9606.ENSP00000407336	9606.ENSP00000356972	0	0.968	0.967	0	0.998
NDUFB3	NDUFS5	9606.ENSP00000407336	9606.ENSP00000362058	0	0.919	0.900	0	0.991
NDUFB3	UQCRQ	9606.ENSP00000407336	9606.ENSP00000367939	0	0.830	0	0	0.830
NDUFB3	NDUFB6	9606.ENSP00000407336	9606.ENSP00000369176	0	0.922	0.967	0	0.997
NDUFB3	NDUFS1	9606.ENSP00000407336	9606.ENSP00000392709	0	0.968	0.967	0	0.998
NDUFB3	NDUFC2-KCTD14	9606.ENSP00000407336	9606.ENSP00000478766	0	0.254	0.744	0	0.801
NDUFB3	UQCRB	9606.ENSP00000407336	9606.ENSP00000430494	0	0.804	0	0	0.804
NDUFB3	UQCR11	9606.ENSP00000407336	9606.ENSP00000467262	0	0.807	0	0	0.807
NDUFB3	NDUFC1	9606.ENSP00000407336	9606.ENSP00000441126	0	0.803	0.967	0	0.993
NDUFB3	NDUFV1	9606.ENSP00000407336	9606.ENSP00000497587	0	0.970	0.967	0	0.999
NDUFB4	UQCR11	9606.ENSP00000184266	9606.ENSP00000467262	0	0.807	0	0	0.807
NDUFB4	UQCR10	9606.ENSP00000184266	9606.ENSP00000332887	0	0.830	0	0	0.830
NDUFB4	NDUFC2-KCTD14	9606.ENSP00000184266	9606.ENSP00000478766	0	0.370	0.744	0	0.832
NDUFB4	UQCRH	9606.ENSP00000184266	9606.ENSP00000309565	0	0.855	0	0	0.855
NDUFB4	UQCRC2	9606.ENSP00000184266	9606.ENSP00000268379	0	0.858	0	0	0.858
NDUFB4	UQCRFS1	9606.ENSP00000184266	9606.ENSP00000306397	0	0.881	0	0	0.881
NDUFB4	UQCRB	9606.ENSP00000184266	9606.ENSP00000430494	0	0.820	0	0	0.820
NDUFB4	UQCRC1	9606.ENSP00000184266	9606.ENSP00000203407	0	0.832	0	0	0.832
NDUFB4	UQCRQ	9606.ENSP00000184266	9606.ENSP00000367939	0	0.830	0	0	0.830
NDUFB4	NDUFC1	9606.ENSP00000184266	9606.ENSP00000441126	0	0.803	0.967	0	0.993
NDUFB4	NDUFS2	9606.ENSP00000184266	9606.ENSP00000356972	0	0.869	0.967	0	0.995
NDUFB4	NDUFS1	9606.ENSP00000184266	9606.ENSP00000392709	0	0.871	0.967	0	0.995
NDUFB4	NDUFS5	9606.ENSP00000184266	9606.ENSP00000362058	0	0.951	0.900	0	0.994
NDUFB4	NDUFS7	9606.ENSP00000184266	9606.ENSP00000233627	0	0.876	0.967	0	0.995
NDUFB4	NDUFB7	9606.ENSP00000184266	9606.ENSP00000215565	0	0.871	0.967	0	0.995
NDUFB4	NDUFS8	9606.ENSP00000184266	9606.ENSP00000315774	0	0.867	0.967	0	0.995
NDUFB4	NDUFB8	9606.ENSP00000184266	9606.ENSP00000299166	0	0.933	0.967	0	0.997
NDUFB4	NDUFV3	9606.ENSP00000184266	9606.ENSP00000346196	0	0.924	0.967	0	0.997
NDUFB4	NDUFC2	9606.ENSP00000184266	9606.ENSP00000281031	0	0.934	0.944	0	0.996
NDUFB4	NDUFB6	9606.ENSP00000184266	9606.ENSP00000369176	0	0.861	0.967	0	0.995
NDUFB4	NDUFB5	9606.ENSP00000184266	9606.ENSP00000259037	0	0.869	0.967	0	0.995
NDUFB4	NDUFS4	9606.ENSP00000184266	9606.ENSP00000296684	0	0.951	0.967	0	0.998
NDUFB4	NDUFV1	9606.ENSP00000184266	9606.ENSP00000497587	0	0.951	0.967	0	0.998
NDUFB4	NDUFV2	9606.ENSP00000184266	9606.ENSP00000327268	0	0.947	0.967	0	0.998
NDUFB4	NDUFS6	9606.ENSP00000184266	9606.ENSP00000274137	0	0.936	0.967	0	0.997
NDUFB4	NDUFS3	9606.ENSP00000184266	9606.ENSP00000263774	0	0.951	0.967	0	0.998
NDUFB4	NDUFB9	9606.ENSP00000184266	9606.ENSP00000276689	0	0.936	0.967	0	0.997
NDUFB5	UQCRC1	9606.ENSP00000259037	9606.ENSP00000203407	0	0.832	0	0	0.832
NDUFB5	NDUFB7	9606.ENSP00000259037	9606.ENSP00000215565	0	0.950	0.967	0	0.998
NDUFB5	NDUFS7	9606.ENSP00000259037	9606.ENSP00000233627	0	0.940	0.967	0	0.998
NDUFB5	UQCRB	9606.ENSP00000259037	9606.ENSP00000430494	0	0.804	0	0	0.804
NDUFB5	UQCR11	9606.ENSP00000259037	9606.ENSP00000467262	0	0.807	0	0	0.807
NDUFB5	NDUFC2-KCTD14	9606.ENSP00000259037	9606.ENSP00000478766	0	0.330	0.744	0	0.821
NDUFB5	UQCR10	9606.ENSP00000259037	9606.ENSP00000332887	0	0.830	0	0	0.830
NDUFB5	UQCRQ	9606.ENSP00000259037	9606.ENSP00000367939	0	0.830	0	0	0.830
NDUFB5	UQCRH	9606.ENSP00000259037	9606.ENSP00000309565	0	0.832	0	0	0.832
NDUFB5	UQCRFS1	9606.ENSP00000259037	9606.ENSP00000306397	0	0.842	0	0	0.842
NDUFB5	UQCRC2	9606.ENSP00000259037	9606.ENSP00000268379	0	0.867	0	0	0.867
NDUFB5	NDUFC1	9606.ENSP00000259037	9606.ENSP00000441126	0	0.803	0.967	0	0.993
NDUFB5	NDUFV1	9606.ENSP00000259037	9606.ENSP00000497587	0	0.868	0.967	0	0.995
NDUFB5	NDUFS4	9606.ENSP00000259037	9606.ENSP00000296684	0	0.887	0.967	0	0.996
NDUFB5	NDUFV3	9606.ENSP00000259037	9606.ENSP00000346196	0	0.918	0.967	0	0.997
NDUFB5	NDUFS8	9606.ENSP00000259037	9606.ENSP00000315774	0	0.922	0.967	0	0.997
NDUFB5	NDUFS6	9606.ENSP00000259037	9606.ENSP00000274137	0	0.918	0.967	0	0.997
NDUFB5	NDUFS5	9606.ENSP00000259037	9606.ENSP00000362058	0	0.972	0.900	0	0.997
NDUFB5	NDUFS2	9606.ENSP00000259037	9606.ENSP00000356972	0	0.920	0.967	0	0.997
NDUFB5	NDUFV2	9606.ENSP00000259037	9606.ENSP00000327268	0	0.922	0.967	0	0.997
NDUFB5	NDUFC2	9606.ENSP00000259037	9606.ENSP00000281031	0	0.969	0.944	0	0.998
NDUFB5	NDUFS3	9606.ENSP00000259037	9606.ENSP00000263774	0	0.944	0.967	0	0.998
NDUFB5	NDUFB8	9606.ENSP00000259037	9606.ENSP00000299166	0	0.940	0.967	0	0.997
NDUFB5	NDUFS1	9606.ENSP00000259037	9606.ENSP00000392709	0	0.944	0.967	0	0.998
NDUFB5	NDUFB9	9606.ENSP00000259037	9606.ENSP00000276689	0	0.973	0.967	0	0.999
NDUFB5	NDUFB6	9606.ENSP00000259037	9606.ENSP00000369176	0	0.976	0.967	0	0.999
NDUFB6	UQCRC1	9606.ENSP00000369176	9606.ENSP00000203407	0	0.832	0	0	0.832
NDUFB6	NDUFB7	9606.ENSP00000369176	9606.ENSP00000215565	0	0.974	0.967	0	0.999
NDUFB6	NDUFS7	9606.ENSP00000369176	9606.ENSP00000233627	0	0.908	0.967	0	0.996
NDUFB6	NDUFS3	9606.ENSP00000369176	9606.ENSP00000263774	0	0.944	0.967	0	0.998
NDUFB6	UQCRC2	9606.ENSP00000369176	9606.ENSP00000268379	0	0.842	0	0	0.842
NDUFB6	NDUFS6	9606.ENSP00000369176	9606.ENSP00000274137	0	0.942	0.967	0	0.998
NDUFB6	NDUFB9	9606.ENSP00000369176	9606.ENSP00000276689	0	0.935	0.967	0	0.997
NDUFB6	NDUFC2	9606.ENSP00000369176	9606.ENSP00000281031	0	0.931	0.944	0	0.996
NDUFB6	NDUFS4	9606.ENSP00000369176	9606.ENSP00000296684	0	0.867	0.967	0	0.995
NDUFB6	NDUFB8	9606.ENSP00000369176	9606.ENSP00000299166	0	0.861	0.967	0	0.995
NDUFB6	UQCRFS1	9606.ENSP00000369176	9606.ENSP00000306397	0	0.842	0	0	0.842
NDUFB6	UQCRH	9606.ENSP00000369176	9606.ENSP00000309565	0	0.842	0	0	0.842
NDUFB6	NDUFS8	9606.ENSP00000369176	9606.ENSP00000315774	0	0.867	0.967	0	0.995
NDUFB6	NDUFV2	9606.ENSP00000369176	9606.ENSP00000327268	0	0.943	0.967	0	0.998
NDUFB6	UQCR10	9606.ENSP00000369176	9606.ENSP00000332887	0	0.830	0	0	0.830
NDUFB6	NDUFV3	9606.ENSP00000369176	9606.ENSP00000346196	0	0.929	0.967	0	0.997
NDUFB6	NDUFS2	9606.ENSP00000369176	9606.ENSP00000356972	0	0.869	0.967	0	0.995
NDUFB6	NDUFS5	9606.ENSP00000369176	9606.ENSP00000362058	0	0.951	0.900	0	0.994
NDUFB6	UQCRQ	9606.ENSP00000369176	9606.ENSP00000367939	0	0.830	0	0	0.830
NDUFB6	UQCRB	9606.ENSP00000369176	9606.ENSP00000430494	0	0.804	0	0	0.804
NDUFB6	UQCR11	9606.ENSP00000369176	9606.ENSP00000467262	0	0.807	0	0	0.807
NDUFB6	NDUFC2-KCTD14	9606.ENSP00000369176	9606.ENSP00000478766	0	0.339	0.744	0	0.823
NDUFB6	NDUFC1	9606.ENSP00000369176	9606.ENSP00000441126	0	0.803	0.967	0	0.993
NDUFB6	NDUFS1	9606.ENSP00000369176	9606.ENSP00000392709	0	0.868	0.967	0	0.995
NDUFB6	NDUFV1	9606.ENSP00000369176	9606.ENSP00000497587	0	0.890	0.967	0	0.996
NDUFB7	UQCRC1	9606.ENSP00000215565	9606.ENSP00000203407	0	0.870	0	0	0.870
NDUFB7	UQCR11	9606.ENSP00000215565	9606.ENSP00000467262	0	0.807	0	0	0.807
NDUFB7	NDUFC2-KCTD14	9606.ENSP00000215565	9606.ENSP00000478766	0	0.325	0.744	0	0.820
NDUFB7	UQCRC2	9606.ENSP00000215565	9606.ENSP00000268379	0	0.884	0	0	0.884
NDUFB7	UQCRB	9606.ENSP00000215565	9606.ENSP00000430494	0	0.890	0	0	0.890
NDUFB7	UQCR10	9606.ENSP00000215565	9606.ENSP00000332887	0	0.898	0	0	0.898
NDUFB7	UQCRFS1	9606.ENSP00000215565	9606.ENSP00000306397	0	0.901	0	0	0.901
NDUFB7	UQCRQ	9606.ENSP00000215565	9606.ENSP00000367939	0	0.923	0	0	0.923
NDUFB7	UQCRH	9606.ENSP00000215565	9606.ENSP00000309565	0	0.877	0	0	0.877
NDUFB7	NDUFC1	9606.ENSP00000215565	9606.ENSP00000441126	0	0.803	0.967	0	0.993
NDUFB7	NDUFC2	9606.ENSP00000215565	9606.ENSP00000281031	0	0.928	0.944	0	0.995
NDUFB7	NDUFS5	9606.ENSP00000215565	9606.ENSP00000362058	0	0.951	0.900	0	0.994
NDUFB7	NDUFV3	9606.ENSP00000215565	9606.ENSP00000346196	0	0.929	0.967	0	0.997
NDUFB7	NDUFS2	9606.ENSP00000215565	9606.ENSP00000356972	0	0.947	0.967	0	0.998
NDUFB7	NDUFS1	9606.ENSP00000215565	9606.ENSP00000392709	0	0.947	0.967	0	0.998
NDUFB7	NDUFS3	9606.ENSP00000215565	9606.ENSP00000263774	0	0.951	0.967	0	0.998
NDUFB7	NDUFV2	9606.ENSP00000215565	9606.ENSP00000327268	0	0.977	0.967	0	0.999
NDUFB7	NDUFS4	9606.ENSP00000215565	9606.ENSP00000296684	0	0.974	0.967	0	0.999
NDUFB7	NDUFS7	9606.ENSP00000215565	9606.ENSP00000233627	0	0.975	0.967	0	0.999
NDUFB7	NDUFB9	9606.ENSP00000215565	9606.ENSP00000276689	0	0.978	0.967	0	0.999
NDUFB7	NDUFS8	9606.ENSP00000215565	9606.ENSP00000315774	0	0.977	0.967	0	0.999
NDUFB7	NDUFB8	9606.ENSP00000215565	9606.ENSP00000299166	0	0.984	0.967	0	0.999
NDUFB7	NDUFV1	9606.ENSP00000215565	9606.ENSP00000497587	0	0.977	0.967	0	0.999
NDUFB7	NDUFS6	9606.ENSP00000215565	9606.ENSP00000274137	0	0.978	0.967	0	0.999
NDUFB8	UQCRC1	9606.ENSP00000299166	9606.ENSP00000203407	0	0.856	0	0	0.856
NDUFB8	NDUFS7	9606.ENSP00000299166	9606.ENSP00000233627	0	0.927	0.967	0	0.997
NDUFB8	NDUFS3	9606.ENSP00000299166	9606.ENSP00000263774	0	0.951	0.967	0	0.998
NDUFB8	UQCRC2	9606.ENSP00000299166	9606.ENSP00000268379	0	0.868	0	0	0.868
NDUFB8	NDUFS6	9606.ENSP00000299166	9606.ENSP00000274137	0	0.973	0.967	0	0.999
NDUFB8	NDUFB9	9606.ENSP00000299166	9606.ENSP00000276689	0	0.988	0.967	0	0.999
NDUFB8	NDUFC2	9606.ENSP00000299166	9606.ENSP00000281031	0	0.907	0.944	0	0.994
NDUFB8	NDUFS4	9606.ENSP00000299166	9606.ENSP00000296684	0	0.951	0.967	0	0.998
NDUFB8	UQCR11	9606.ENSP00000299166	9606.ENSP00000467262	0	0.807	0	0	0.807
NDUFB8	NDUFC2-KCTD14	9606.ENSP00000299166	9606.ENSP00000478766	0	0.254	0.744	0	0.801
NDUFB8	UQCR10	9606.ENSP00000299166	9606.ENSP00000332887	0	0.830	0	0	0.830
NDUFB8	UQCRH	9606.ENSP00000299166	9606.ENSP00000309565	0	0.832	0	0	0.832
NDUFB8	UQCRB	9606.ENSP00000299166	9606.ENSP00000430494	0	0.842	0	0	0.842
NDUFB8	UQCRQ	9606.ENSP00000299166	9606.ENSP00000367939	0	0.856	0	0	0.856
NDUFB8	UQCRFS1	9606.ENSP00000299166	9606.ENSP00000306397	0	0.867	0	0	0.867
NDUFB8	NDUFC1	9606.ENSP00000299166	9606.ENSP00000441126	0	0.803	0.967	0	0.993
NDUFB8	NDUFS5	9606.ENSP00000299166	9606.ENSP00000362058	0	0.951	0.900	0	0.994
NDUFB8	NDUFV3	9606.ENSP00000299166	9606.ENSP00000346196	0	0.922	0.967	0	0.997
NDUFB8	NDUFS2	9606.ENSP00000299166	9606.ENSP00000356972	0	0.946	0.967	0	0.998
NDUFB8	NDUFS1	9606.ENSP00000299166	9606.ENSP00000392709	0	0.946	0.967	0	0.998
NDUFB8	NDUFV1	9606.ENSP00000299166	9606.ENSP00000497587	0	0.956	0.967	0	0.998
NDUFB8	NDUFV2	9606.ENSP00000299166	9606.ENSP00000327268	0	0.969	0.967	0	0.998
NDUFB8	NDUFS8	9606.ENSP00000299166	9606.ENSP00000315774	0	0.953	0.967	0	0.998
NDUFB9	UQCRC1	9606.ENSP00000276689	9606.ENSP00000203407	0	0.885	0	0	0.885
NDUFB9	NDUFS7	9606.ENSP00000276689	9606.ENSP00000233627	0	0.969	0.967	0	0.998
NDUFB9	NDUFS3	9606.ENSP00000276689	9606.ENSP00000263774	0	0.978	0.967	0	0.999
NDUFB9	UQCRC2	9606.ENSP00000276689	9606.ENSP00000268379	0	0.881	0	0	0.881
NDUFB9	NDUFS6	9606.ENSP00000276689	9606.ENSP00000274137	0	0.975	0.967	0	0.999
NDUFB9	UQCR11	9606.ENSP00000276689	9606.ENSP00000467262	0	0.807	0	0	0.807
NDUFB9	NDUFC2-KCTD14	9606.ENSP00000276689	9606.ENSP00000478766	0	0.324	0.744	0	0.819
NDUFB9	UQCRQ	9606.ENSP00000276689	9606.ENSP00000367939	0	0.859	0	0	0.859
NDUFB9	UQCRB	9606.ENSP00000276689	9606.ENSP00000430494	0	0.896	0	0	0.896
NDUFB9	UQCR10	9606.ENSP00000276689	9606.ENSP00000332887	0	0.896	0	0	0.896
NDUFB9	UQCRH	9606.ENSP00000276689	9606.ENSP00000309565	0	0.871	0	0	0.871
NDUFB9	UQCRFS1	9606.ENSP00000276689	9606.ENSP00000306397	0	0.903	0	0	0.903
NDUFB9	NDUFC1	9606.ENSP00000276689	9606.ENSP00000441126	0	0.803	0.967	0	0.993
NDUFB9	NDUFS5	9606.ENSP00000276689	9606.ENSP00000362058	0	0.951	0.900	0	0.994
NDUFB9	NDUFC2	9606.ENSP00000276689	9606.ENSP00000281031	0	0.916	0.944	0	0.995
NDUFB9	NDUFV3	9606.ENSP00000276689	9606.ENSP00000346196	0	0.918	0.967	0	0.997
NDUFB9	NDUFS4	9606.ENSP00000276689	9606.ENSP00000296684	0	0.947	0.967	0	0.998
NDUFB9	NDUFV1	9606.ENSP00000276689	9606.ENSP00000497587	0	0.954	0.967	0	0.998
NDUFB9	NDUFS8	9606.ENSP00000276689	9606.ENSP00000315774	0	0.954	0.967	0	0.998
NDUFB9	NDUFS2	9606.ENSP00000276689	9606.ENSP00000356972	0	0.947	0.967	0	0.998
NDUFB9	NDUFV2	9606.ENSP00000276689	9606.ENSP00000327268	0	0.971	0.967	0	0.999
NDUFB9	NDUFS1	9606.ENSP00000276689	9606.ENSP00000392709	0	0.963	0.967	0	0.998
NDUFC1	UQCRC1	9606.ENSP00000441126	9606.ENSP00000203407	0	0.800	0	0	0.800
NDUFC1	NDUFS7	9606.ENSP00000441126	9606.ENSP00000233627	0	0.803	0.967	0	0.993
NDUFC1	NDUFS3	9606.ENSP00000441126	9606.ENSP00000263774	0	0.803	0.967	0	0.993
NDUFC1	UQCRC2	9606.ENSP00000441126	9606.ENSP00000268379	0	0.800	0	0	0.800
NDUFC1	NDUFS6	9606.ENSP00000441126	9606.ENSP00000274137	0	0.803	0.967	0	0.993
NDUFC1	NDUFC2	9606.ENSP00000441126	9606.ENSP00000281031	0	0.903	0.944	0	0.994
NDUFC1	NDUFS4	9606.ENSP00000441126	9606.ENSP00000296684	0	0.803	0.967	0	0.993
NDUFC1	UQCRFS1	9606.ENSP00000441126	9606.ENSP00000306397	0	0.800	0	0	0.800
NDUFC1	UQCRH	9606.ENSP00000441126	9606.ENSP00000309565	0	0.800	0	0	0.800
NDUFC1	NDUFS8	9606.ENSP00000441126	9606.ENSP00000315774	0	0.803	0.967	0	0.993
NDUFC1	NDUFV2	9606.ENSP00000441126	9606.ENSP00000327268	0	0.803	0.967	0	0.993
NDUFC1	UQCR10	9606.ENSP00000441126	9606.ENSP00000332887	0	0.800	0	0	0.800
NDUFC1	NDUFV3	9606.ENSP00000441126	9606.ENSP00000346196	0	0.803	0.967	0	0.993
NDUFC1	NDUFS2	9606.ENSP00000441126	9606.ENSP00000356972	0	0.803	0.967	0	0.993
NDUFC1	NDUFS5	9606.ENSP00000441126	9606.ENSP00000362058	0	0.803	0.900	0	0.979
NDUFC1	UQCRQ	9606.ENSP00000441126	9606.ENSP00000367939	0	0.800	0	0	0.800
NDUFC1	NDUFS1	9606.ENSP00000441126	9606.ENSP00000392709	0	0.803	0.967	0	0.993
NDUFC1	UQCRB	9606.ENSP00000441126	9606.ENSP00000430494	0	0.800	0	0	0.800
NDUFC1	NDUFC2-KCTD14	9606.ENSP00000441126	9606.ENSP00000478766	0	0.072	0.744	0	0.752
NDUFC1	UQCR11	9606.ENSP00000441126	9606.ENSP00000467262	0	0.800	0	0	0.800
NDUFC1	NDUFV1	9606.ENSP00000441126	9606.ENSP00000497587	0	0.803	0.967	0	0.993
NDUFC2	UQCRC1	9606.ENSP00000281031	9606.ENSP00000203407	0	0.825	0	0	0.825
NDUFC2	NDUFS7	9606.ENSP00000281031	9606.ENSP00000233627	0	0.917	0.944	0	0.995
NDUFC2	NDUFS3	9606.ENSP00000281031	9606.ENSP00000263774	0	0.884	0.944	0	0.993
NDUFC2	UQCRC2	9606.ENSP00000281031	9606.ENSP00000268379	0	0.828	0	0	0.828
NDUFC2	NDUFS6	9606.ENSP00000281031	9606.ENSP00000274137	0	0.925	0.944	0	0.995
NDUFC2	UQCR11	9606.ENSP00000281031	9606.ENSP00000467262	0	0.803	0	0	0.803
NDUFC2	UQCRB	9606.ENSP00000281031	9606.ENSP00000430494	0	0.810	0	0	0.810
NDUFC2	UQCRQ	9606.ENSP00000281031	9606.ENSP00000367939	0	0.823	0	0	0.823
NDUFC2	UQCR10	9606.ENSP00000281031	9606.ENSP00000332887	0	0.828	0	0	0.828
NDUFC2	UQCRH	9606.ENSP00000281031	9606.ENSP00000309565	0	0.828	0	0	0.828
NDUFC2	UQCRFS1	9606.ENSP00000281031	9606.ENSP00000306397	0	0.828	0	0	0.828
NDUFC2	NDUFS1	9606.ENSP00000281031	9606.ENSP00000392709	0	0.862	0.944	0	0.992
NDUFC2	NDUFS8	9606.ENSP00000281031	9606.ENSP00000315774	0	0.859	0.944	0	0.991
NDUFC2	NDUFS2	9606.ENSP00000281031	9606.ENSP00000356972	0	0.865	0.944	0	0.992
NDUFC2	NDUFV3	9606.ENSP00000281031	9606.ENSP00000346196	0	0.913	0.944	0	0.995
NDUFC2	NDUFS5	9606.ENSP00000281031	9606.ENSP00000362058	0	0.958	0.900	0	0.995
NDUFC2	NDUFV2	9606.ENSP00000281031	9606.ENSP00000327268	0	0.924	0.944	0	0.995
NDUFC2	NDUFS4	9606.ENSP00000281031	9606.ENSP00000296684	0	0.912	0.944	0	0.994
NDUFC2	NDUFV1	9606.ENSP00000281031	9606.ENSP00000497587	0	0.925	0.944	0	0.995
NDUFC2-KCTD14	NDUFS7	9606.ENSP00000478766	9606.ENSP00000233627	0	0.257	0.744	0	0.801
NDUFC2-KCTD14	NDUFS3	9606.ENSP00000478766	9606.ENSP00000263774	0	0.310	0.744	0	0.816
NDUFC2-KCTD14	NDUFS6	9606.ENSP00000478766	9606.ENSP00000274137	0	0.244	0.744	0	0.798
NDUFC2-KCTD14	NDUFS4	9606.ENSP00000478766	9606.ENSP00000296684	0	0.256	0.744	0	0.801
NDUFC2-KCTD14	NDUFS8	9606.ENSP00000478766	9606.ENSP00000315774	0	0.327	0.744	0	0.820
NDUFC2-KCTD14	NDUFV2	9606.ENSP00000478766	9606.ENSP00000327268	0	0.339	0.744	0	0.823
NDUFC2-KCTD14	NDUFV3	9606.ENSP00000478766	9606.ENSP00000346196	0	0.256	0.744	0	0.801
NDUFC2-KCTD14	NDUFS2	9606.ENSP00000478766	9606.ENSP00000356972	0	0.356	0.744	0	0.828
NDUFC2-KCTD14	NDUFS1	9606.ENSP00000478766	9606.ENSP00000392709	0	0.339	0.744	0	0.823
NDUFC2-KCTD14	NDUFV1	9606.ENSP00000478766	9606.ENSP00000497587	0	0.257	0.744	0	0.801
NDUFS1	UQCRC1	9606.ENSP00000392709	9606.ENSP00000203407	0	0.906	0	0	0.906
NDUFS1	NDUFS7	9606.ENSP00000392709	9606.ENSP00000233627	0	0.984	0.967	0	0.999
NDUFS1	NDUFS3	9606.ENSP00000392709	9606.ENSP00000263774	0	0.972	0.980	0	0.999
NDUFS1	UQCRC2	9606.ENSP00000392709	9606.ENSP00000268379	0	0.895	0	0	0.895
NDUFS1	NDUFS6	9606.ENSP00000392709	9606.ENSP00000274137	0	0.972	0.967	0	0.999
NDUFS1	NDUFS4	9606.ENSP00000392709	9606.ENSP00000296684	0	0.972	0.967	0	0.999
NDUFS1	UQCRFS1	9606.ENSP00000392709	9606.ENSP00000306397	0	0.946	0	0	0.946
NDUFS1	UQCRH	9606.ENSP00000392709	9606.ENSP00000309565	0	0.888	0	0	0.888
NDUFS1	NDUFS8	9606.ENSP00000392709	9606.ENSP00000315774	0	0.983	0.980	0	0.999
NDUFS1	NDUFV2	9606.ENSP00000392709	9606.ENSP00000327268	0	0.972	0.980	0	0.999
NDUFS1	UQCR10	9606.ENSP00000392709	9606.ENSP00000332887	0	0.898	0	0	0.898
NDUFS1	NDUFV3	9606.ENSP00000392709	9606.ENSP00000346196	0	0.972	0.967	0	0.999
NDUFS1	NDUFS2	9606.ENSP00000392709	9606.ENSP00000356972	0	0.987	0.980	0	0.999
NDUFS1	NDUFS5	9606.ENSP00000392709	9606.ENSP00000362058	0	0.951	0.900	0	0.994
NDUFS1	UQCRQ	9606.ENSP00000392709	9606.ENSP00000367939	0	0.856	0	0	0.856
NDUFS1	UQCR11	9606.ENSP00000392709	9606.ENSP00000467262	0	0.807	0	0	0.807
NDUFS1	UQCRB	9606.ENSP00000392709	9606.ENSP00000430494	0	0.935	0	0	0.935
NDUFS1	NDUFV1	9606.ENSP00000392709	9606.ENSP00000497587	0	0.972	0.980	0	0.999
NDUFS2	UQCRC1	9606.ENSP00000356972	9606.ENSP00000203407	0	0.886	0	0	0.886
NDUFS2	NDUFS7	9606.ENSP00000356972	9606.ENSP00000233627	0	0.991	0.967	0	0.999
NDUFS2	NDUFS3	9606.ENSP00000356972	9606.ENSP00000263774	0	0.972	0.980	0	0.999
NDUFS2	UQCRC2	9606.ENSP00000356972	9606.ENSP00000268379	0	0.881	0	0	0.881
NDUFS2	NDUFS6	9606.ENSP00000356972	9606.ENSP00000274137	0	0.972	0.967	0	0.999
NDUFS2	NDUFS4	9606.ENSP00000356972	9606.ENSP00000296684	0	0.951	0.967	0	0.998
NDUFS2	UQCRFS1	9606.ENSP00000356972	9606.ENSP00000306397	0	0.898	0	0	0.898
NDUFS2	UQCRH	9606.ENSP00000356972	9606.ENSP00000309565	0	0.871	0	0	0.871
NDUFS2	NDUFS8	9606.ENSP00000356972	9606.ENSP00000315774	0	0.988	0.980	0	0.999
NDUFS2	NDUFV2	9606.ENSP00000356972	9606.ENSP00000327268	0	0.951	0.980	0	0.998
NDUFS2	UQCR10	9606.ENSP00000356972	9606.ENSP00000332887	0	0.896	0	0	0.896
NDUFS2	NDUFV3	9606.ENSP00000356972	9606.ENSP00000346196	0	0.921	0.967	0	0.997
NDUFS2	UQCR11	9606.ENSP00000356972	9606.ENSP00000467262	0	0.807	0	0	0.807
NDUFS2	UQCRQ	9606.ENSP00000356972	9606.ENSP00000367939	0	0.856	0	0	0.856
NDUFS2	UQCRB	9606.ENSP00000356972	9606.ENSP00000430494	0	0.876	0	0	0.876
NDUFS2	NDUFS5	9606.ENSP00000356972	9606.ENSP00000362058	0	0.951	0.900	0	0.994
NDUFS2	NDUFV1	9606.ENSP00000356972	9606.ENSP00000497587	0	0.951	0.980	0	0.998
NDUFS3	UQCRC1	9606.ENSP00000263774	9606.ENSP00000203407	0	0.908	0	0	0.908
NDUFS3	NDUFS7	9606.ENSP00000263774	9606.ENSP00000233627	0	0.991	0.967	0	0.999
NDUFS3	UQCR11	9606.ENSP00000263774	9606.ENSP00000467262	0	0.807	0	0	0.807
NDUFS3	UQCRQ	9606.ENSP00000263774	9606.ENSP00000367939	0	0.867	0	0	0.867
NDUFS3	UQCRH	9606.ENSP00000263774	9606.ENSP00000309565	0	0.887	0	0	0.887
NDUFS3	UQCRB	9606.ENSP00000263774	9606.ENSP00000430494	0	0.905	0	0	0.905
NDUFS3	UQCRC2	9606.ENSP00000263774	9606.ENSP00000268379	0	0.915	0	0	0.915
NDUFS3	UQCRFS1	9606.ENSP00000263774	9606.ENSP00000306397	0	0.915	0	0	0.915
NDUFS3	UQCR10	9606.ENSP00000263774	9606.ENSP00000332887	0	0.918	0	0	0.918
NDUFS3	NDUFS5	9606.ENSP00000263774	9606.ENSP00000362058	0	0.951	0.900	0	0.994
NDUFS3	NDUFV3	9606.ENSP00000263774	9606.ENSP00000346196	0	0.951	0.967	0	0.998
NDUFS3	NDUFV1	9606.ENSP00000263774	9606.ENSP00000497587	0	0.951	0.980	0	0.998
NDUFS3	NDUFS4	9606.ENSP00000263774	9606.ENSP00000296684	0	0.972	0.967	0	0.999
NDUFS3	NDUFV2	9606.ENSP00000263774	9606.ENSP00000327268	0	0.951	0.980	0	0.998
NDUFS3	NDUFS8	9606.ENSP00000263774	9606.ENSP00000315774	0	0.972	0.980	0	0.999
NDUFS3	NDUFS6	9606.ENSP00000263774	9606.ENSP00000274137	0	0.951	0.967	0	0.998
NDUFS4	UQCRC1	9606.ENSP00000296684	9606.ENSP00000203407	0	0.892	0	0	0.892
NDUFS4	NDUFS7	9606.ENSP00000296684	9606.ENSP00000233627	0	0.968	0.967	0	0.998
NDUFS4	UQCRC2	9606.ENSP00000296684	9606.ENSP00000268379	0	0.888	0	0	0.888
NDUFS4	NDUFS6	9606.ENSP00000296684	9606.ENSP00000274137	0	0.974	0.967	0	0.999
NDUFS4	UQCR11	9606.ENSP00000296684	9606.ENSP00000467262	0	0.807	0	0	0.807
NDUFS4	UQCRQ	9606.ENSP00000296684	9606.ENSP00000367939	0	0.859	0	0	0.859
NDUFS4	UQCR10	9606.ENSP00000296684	9606.ENSP00000332887	0	0.896	0	0	0.896
NDUFS4	UQCRH	9606.ENSP00000296684	9606.ENSP00000309565	0	0.924	0	0	0.924
NDUFS4	UQCRFS1	9606.ENSP00000296684	9606.ENSP00000306397	0	0.946	0	0	0.946
NDUFS4	UQCRB	9606.ENSP00000296684	9606.ENSP00000430494	0	0.953	0	0	0.953
NDUFS4	NDUFS5	9606.ENSP00000296684	9606.ENSP00000362058	0	0.951	0.900	0	0.994
NDUFS4	NDUFV1	9606.ENSP00000296684	9606.ENSP00000497587	0	0.972	0.967	0	0.999
NDUFS4	NDUFS8	9606.ENSP00000296684	9606.ENSP00000315774	0	0.972	0.967	0	0.999
NDUFS4	NDUFV3	9606.ENSP00000296684	9606.ENSP00000346196	0	0.972	0.967	0	0.999
NDUFS4	NDUFV2	9606.ENSP00000296684	9606.ENSP00000327268	0	0.972	0.967	0	0.999
NDUFS5	UQCRC1	9606.ENSP00000362058	9606.ENSP00000203407	0	0.956	0	0	0.956
NDUFS5	NDUFS7	9606.ENSP00000362058	9606.ENSP00000233627	0	0.961	0.900	0	0.995
NDUFS5	UQCRC2	9606.ENSP00000362058	9606.ENSP00000268379	0	0.880	0	0	0.880
NDUFS5	NDUFS6	9606.ENSP00000362058	9606.ENSP00000274137	0	0.951	0.900	0	0.994
NDUFS5	UQCRFS1	9606.ENSP00000362058	9606.ENSP00000306397	0	0.951	0	0	0.951
NDUFS5	UQCRH	9606.ENSP00000362058	9606.ENSP00000309565	0	0.875	0	0	0.875
NDUFS5	NDUFS8	9606.ENSP00000362058	9606.ENSP00000315774	0	0.951	0.900	0	0.994
NDUFS5	NDUFV2	9606.ENSP00000362058	9606.ENSP00000327268	0	0.951	0.900	0	0.994
NDUFS5	UQCR10	9606.ENSP00000362058	9606.ENSP00000332887	0	0.830	0	0	0.830
NDUFS5	NDUFV3	9606.ENSP00000362058	9606.ENSP00000346196	0	0.951	0.900	0	0.994
NDUFS5	UQCR11	9606.ENSP00000362058	9606.ENSP00000467262	0	0.807	0	0	0.807
NDUFS5	UQCRB	9606.ENSP00000362058	9606.ENSP00000430494	0	0.828	0	0	0.828
NDUFS5	UQCRQ	9606.ENSP00000362058	9606.ENSP00000367939	0	0.878	0	0	0.878
NDUFS5	NDUFV1	9606.ENSP00000362058	9606.ENSP00000497587	0	0.951	0.900	0	0.994
NDUFS6	UQCRC1	9606.ENSP00000274137	9606.ENSP00000203407	0	0.902	0	0	0.902
NDUFS6	NDUFS7	9606.ENSP00000274137	9606.ENSP00000233627	0	0.972	0.967	0	0.999
NDUFS6	UQCRC2	9606.ENSP00000274137	9606.ENSP00000268379	0	0.868	0	0	0.868
NDUFS6	UQCR11	9606.ENSP00000274137	9606.ENSP00000467262	0	0.807	0	0	0.807
NDUFS6	UQCRQ	9606.ENSP00000274137	9606.ENSP00000367939	0	0.832	0	0	0.832
NDUFS6	UQCRH	9606.ENSP00000274137	9606.ENSP00000309565	0	0.873	0	0	0.873
NDUFS6	UQCR10	9606.ENSP00000274137	9606.ENSP00000332887	0	0.884	0	0	0.884
NDUFS6	UQCRB	9606.ENSP00000274137	9606.ENSP00000430494	0	0.884	0	0	0.884
NDUFS6	UQCRFS1	9606.ENSP00000274137	9606.ENSP00000306397	0	0.946	0	0	0.946
NDUFS6	NDUFV1	9606.ENSP00000274137	9606.ENSP00000497587	0	0.951	0.967	0	0.998
NDUFS6	NDUFV2	9606.ENSP00000274137	9606.ENSP00000327268	0	0.972	0.967	0	0.999
NDUFS6	NDUFS8	9606.ENSP00000274137	9606.ENSP00000315774	0	0.972	0.967	0	0.999
NDUFS6	NDUFV3	9606.ENSP00000274137	9606.ENSP00000346196	0	0.951	0.967	0	0.998
NDUFS7	UQCRC1	9606.ENSP00000233627	9606.ENSP00000203407	0	0.870	0	0	0.870
NDUFS7	UQCR11	9606.ENSP00000233627	9606.ENSP00000467262	0	0.812	0	0	0.812
NDUFS7	UQCRB	9606.ENSP00000233627	9606.ENSP00000430494	0	0.866	0	0	0.866
NDUFS7	UQCR10	9606.ENSP00000233627	9606.ENSP00000332887	0	0.866	0	0	0.866
NDUFS7	UQCRFS1	9606.ENSP00000233627	9606.ENSP00000306397	0	0.867	0	0	0.867
NDUFS7	UQCRH	9606.ENSP00000233627	9606.ENSP00000309565	0	0.877	0	0	0.877
NDUFS7	UQCRQ	9606.ENSP00000233627	9606.ENSP00000367939	0	0.878	0	0	0.878
NDUFS7	UQCRC2	9606.ENSP00000233627	9606.ENSP00000268379	0	0.880	0	0	0.880
NDUFS7	NDUFV3	9606.ENSP00000233627	9606.ENSP00000346196	0	0.925	0.967	0	0.997
NDUFS7	NDUFV2	9606.ENSP00000233627	9606.ENSP00000327268	0	0.974	0.967	0	0.999
NDUFS7	NDUFS8	9606.ENSP00000233627	9606.ENSP00000315774	0	0.991	0.967	0	0.999
NDUFS7	NDUFV1	9606.ENSP00000233627	9606.ENSP00000497587	0	0.975	0.979	0	0.999
NDUFS8	UQCRC1	9606.ENSP00000315774	9606.ENSP00000203407	0	0.904	0	0	0.904
NDUFS8	SDHA	9606.ENSP00000315774	9606.ENSP00000264932	0	0.221	0.736	0	0.785
NDUFS8	UQCRC2	9606.ENSP00000315774	9606.ENSP00000268379	0	0.895	0	0	0.895
NDUFS8	UQCRFS1	9606.ENSP00000315774	9606.ENSP00000306397	0	0.946	0	0	0.946
NDUFS8	UQCRH	9606.ENSP00000315774	9606.ENSP00000309565	0	0.890	0	0	0.890
NDUFS8	UQCR11	9606.ENSP00000315774	9606.ENSP00000467262	0	0.807	0	0	0.807
NDUFS8	UQCRB	9606.ENSP00000315774	9606.ENSP00000430494	0	0.891	0	0	0.891
NDUFS8	UQCR10	9606.ENSP00000315774	9606.ENSP00000332887	0	0.896	0	0	0.896
NDUFS8	UQCRQ	9606.ENSP00000315774	9606.ENSP00000367939	0	0.914	0	0	0.914
NDUFS8	NDUFV3	9606.ENSP00000315774	9606.ENSP00000346196	0	0.922	0.967	0	0.997
NDUFS8	NDUFV1	9606.ENSP00000315774	9606.ENSP00000497587	0	0.951	0.980	0	0.998
NDUFS8	NDUFV2	9606.ENSP00000315774	9606.ENSP00000327268	0	0.980	0.980	0	0.999
NDUFV1	UQCRC1	9606.ENSP00000497587	9606.ENSP00000203407	0	0.904	0	0	0.904
NDUFV1	UQCRC2	9606.ENSP00000497587	9606.ENSP00000268379	0	0.885	0	0	0.885
NDUFV1	UQCRFS1	9606.ENSP00000497587	9606.ENSP00000306397	0	0.954	0	0	0.954
NDUFV1	UQCRH	9606.ENSP00000497587	9606.ENSP00000309565	0	0.888	0	0	0.888
NDUFV1	NDUFV2	9606.ENSP00000497587	9606.ENSP00000327268	0	0.972	0.980	0	0.999
NDUFV1	UQCR10	9606.ENSP00000497587	9606.ENSP00000332887	0	0.898	0	0	0.898
NDUFV1	NDUFV3	9606.ENSP00000497587	9606.ENSP00000346196	0	0.972	0.967	0	0.999
NDUFV1	UQCRQ	9606.ENSP00000497587	9606.ENSP00000367939	0	0.878	0	0	0.878
NDUFV1	UQCRB	9606.ENSP00000497587	9606.ENSP00000430494	0	0.943	0	0	0.943
NDUFV1	UQCR11	9606.ENSP00000497587	9606.ENSP00000467262	0	0.807	0	0	0.807
NDUFV2	UQCRC1	9606.ENSP00000327268	9606.ENSP00000203407	0	0.923	0	0	0.923
NDUFV2	UQCRC2	9606.ENSP00000327268	9606.ENSP00000268379	0	0.868	0	0	0.868
NDUFV2	UQCRFS1	9606.ENSP00000327268	9606.ENSP00000306397	0	0.945	0	0	0.945
NDUFV2	UQCRH	9606.ENSP00000327268	9606.ENSP00000309565	0	0.888	0	0	0.888
NDUFV2	UQCR11	9606.ENSP00000327268	9606.ENSP00000467262	0	0.807	0	0	0.807
NDUFV2	UQCRQ	9606.ENSP00000327268	9606.ENSP00000367939	0	0.859	0	0	0.859
NDUFV2	UQCRB	9606.ENSP00000327268	9606.ENSP00000430494	0	0.896	0	0	0.896
NDUFV2	UQCR10	9606.ENSP00000327268	9606.ENSP00000332887	0	0.898	0	0	0.898
NDUFV2	NDUFV3	9606.ENSP00000327268	9606.ENSP00000346196	0	0.972	0.967	0	0.999
NDUFV3	UQCRC1	9606.ENSP00000346196	9606.ENSP00000203407	0	0.808	0	0	0.808
NDUFV3	UQCRC2	9606.ENSP00000346196	9606.ENSP00000268379	0	0.808	0	0	0.808
NDUFV3	UQCRFS1	9606.ENSP00000346196	9606.ENSP00000306397	0	0.808	0	0	0.808
NDUFV3	UQCRH	9606.ENSP00000346196	9606.ENSP00000309565	0	0.818	0	0	0.818
NDUFV3	UQCR10	9606.ENSP00000346196	9606.ENSP00000332887	0	0.804	0	0	0.804
NDUFV3	UQCR11	9606.ENSP00000346196	9606.ENSP00000467262	0	0.800	0	0	0.800
NDUFV3	UQCRB	9606.ENSP00000346196	9606.ENSP00000430494	0	0.804	0	0	0.804
NDUFV3	UQCRQ	9606.ENSP00000346196	9606.ENSP00000367939	0	0.804	0	0	0.804
PPA1	PPA2	9606.ENSP00000362329	9606.ENSP00000343885	0	0	0.900	0	0.900
SDHA	SDHC	9606.ENSP00000264932	9606.ENSP00000356953	0	0.799	0.980	0	0.995
SDHA	SDHB	9606.ENSP00000264932	9606.ENSP00000364649	0	0.890	0.980	0	0.997
SDHA	SDHD	9606.ENSP00000264932	9606.ENSP00000364699	0	0.604	0.979	0	0.991
SDHB	SDHC	9606.ENSP00000364649	9606.ENSP00000356953	0	0.844	0.980	0	0.996
SDHB	SDHD	9606.ENSP00000364649	9606.ENSP00000364699	0	0.781	0.979	0	0.995
SDHC	SDHD	9606.ENSP00000356953	9606.ENSP00000364699	0	0.897	0.979	0	0.997
UQCR10	UQCRC1	9606.ENSP00000332887	9606.ENSP00000203407	0	0.986	0.975	0	0.999
UQCR10	UQCRC2	9606.ENSP00000332887	9606.ENSP00000268379	0	0.977	0.979	0	0.999
UQCR10	UQCRFS1	9606.ENSP00000332887	9606.ENSP00000306397	0	0.977	0.851	0	0.996
UQCR10	UQCRH	9606.ENSP00000332887	9606.ENSP00000309565	0	0.946	0.944	0	0.996
UQCR10	UQCRHL	9606.ENSP00000332887	9606.ENSP00000485401	0	0.497	0.944	0	0.970
UQCR10	UQCRQ	9606.ENSP00000332887	9606.ENSP00000367939	0	0.977	0.979	0	0.999
UQCR10	UQCR11	9606.ENSP00000332887	9606.ENSP00000467262	0	0.973	0.967	0	0.999
UQCR10	UQCRB	9606.ENSP00000332887	9606.ENSP00000430494	0	0.981	0.979	0	0.999
UQCR11	UQCRC1	9606.ENSP00000467262	9606.ENSP00000203407	0	0.973	0.967	0	0.999
UQCR11	UQCRC2	9606.ENSP00000467262	9606.ENSP00000268379	0	0.943	0.967	0	0.998
UQCR11	UQCRFS1	9606.ENSP00000467262	9606.ENSP00000306397	0	0.950	0.851	0	0.992
UQCR11	UQCRH	9606.ENSP00000467262	9606.ENSP00000309565	0	0.890	0.944	0	0.993
UQCR11	UQCRQ	9606.ENSP00000467262	9606.ENSP00000367939	0	0.915	0.967	0	0.997
UQCR11	UQCRB	9606.ENSP00000467262	9606.ENSP00000430494	0	0.945	0.967	0	0.998
UQCR11	UQCRHL	9606.ENSP00000467262	9606.ENSP00000485401	0	0.477	0.944	0	0.969
UQCRB	UQCRC1	9606.ENSP00000430494	9606.ENSP00000203407	0	0.970	0.975	0	0.999
UQCRB	UQCRC2	9606.ENSP00000430494	9606.ENSP00000268379	0	0.989	0.979	0	0.999
UQCRB	UQCRFS1	9606.ENSP00000430494	9606.ENSP00000306397	0	0.966	0.851	0	0.994
UQCRB	UQCRH	9606.ENSP00000430494	9606.ENSP00000309565	0	0.956	0.944	0	0.997
UQCRB	UQCRQ	9606.ENSP00000430494	9606.ENSP00000367939	0	0.989	0.979	0	0.999
UQCRB	UQCRHL	9606.ENSP00000430494	9606.ENSP00000485401	0	0.495	0.944	0	0.970
UQCRC1	UQCRHL	9606.ENSP00000203407	9606.ENSP00000485401	0	0.382	0.944	0	0.964
UQCRC1	UQCRFS1	9606.ENSP00000203407	9606.ENSP00000306397	0	0.986	0.851	0	0.997
UQCRC1	UQCRQ	9606.ENSP00000203407	9606.ENSP00000367939	0	0.986	0.975	0	0.999
UQCRC1	UQCRC2	9606.ENSP00000203407	9606.ENSP00000268379	0	0.986	0.975	0	0.999
UQCRC1	UQCRH	9606.ENSP00000203407	9606.ENSP00000309565	0	0.952	0.944	0	0.997
UQCRC2	UQCRHL	9606.ENSP00000268379	9606.ENSP00000485401	0	0.495	0.944	0	0.970
UQCRC2	UQCRH	9606.ENSP00000268379	9606.ENSP00000309565	0	0.961	0.944	0	0.997
UQCRC2	UQCRQ	9606.ENSP00000268379	9606.ENSP00000367939	0	0.980	0.979	0	0.999
UQCRC2	UQCRFS1	9606.ENSP00000268379	9606.ENSP00000306397	0	0.973	0.967	0	0.999
UQCRFS1	UQCRHL	9606.ENSP00000306397	9606.ENSP00000485401	0	0.500	0.744	0	0.866
UQCRFS1	UQCRH	9606.ENSP00000306397	9606.ENSP00000309565	0	0.904	0.744	0	0.974
UQCRFS1	UQCRQ	9606.ENSP00000306397	9606.ENSP00000367939	0	0.978	0.851	0	0.996
UQCRH	UQCRHL	9606.ENSP00000309565	9606.ENSP00000485401	0	0	0.900	0	0.900
UQCRH	UQCRQ	9606.ENSP00000309565	9606.ENSP00000367939	0	0.977	0.944	0	0.998
UQCRHL	UQCRQ	9606.ENSP00000485401	9606.ENSP00000367939	0	0.491	0.944	0	0.970
